# Alias OBJ Model File
# Exported from SketchUp, (c) 2000-2012 Trimble Navigation Limited
# File units = centimeters

mtllib collaborative room.mtl

g Mesh1 Group1 Model

usemtl mramor
v 15907.8 2003 -1496.73
vt 2.72999 2.72464
vn 6.31612e-18 1 -3.89983e-16
v 15800.5 2003 -1132.88
vt 2.82492 2.79254
v 15616.3 2003 -507.929
vt 2.98799 2.90915
v 17584.7 2003 -507.929
vt 3.18664 2.33699
v 17400.5 2003 -1132.88
vt 2.98639 2.32746
v 17293.3 2003 -1496.73
vt 2.86981 2.32192
f 1/1/1 2/2/1 3/3/1 4/4/1 5/5/1 6/6/1 

vt 2.12019 5.88516
vn -0.959193 1.63235e-17 -0.282752
vt 2.15847 5.7749
v 15907.8 1903 -1496.73
vt 2.1294 5.7648
v 15800.5 1903 -1132.88
vt 2.09112 5.87506
f 2/7/2 1/8/2 7/9/2 8/10/2 

v 17293.3 1903 -1496.73
vt 3.2758 2.46287
vn 0 0 -1
vt 3.13598 2.8656
vt 3.16504 2.87569
vt 3.30486 2.47296
f 9/11/3 7/12/3 1/13/3 6/14/3 

v 15616.3 1903 -507.929
vt -0.163955 11.9876
vn 1.50962e-17 -1 -1.94075e-17
vt -0.364202 11.9781
vt -0.480787 11.9725
vt -0.620609 12.3752
v 17400.5 1903 -1132.88
vt -0.525672 12.4431
v 17584.7 1903 -507.929
vt -0.362606 12.5598
f 10/15/4 8/16/4 7/17/4 9/18/4 11/19/4 12/20/4 

vt -1.49862 0.25
vn -0.959193 -3.06617e-16 -0.282752
vt 0.130224 0.25
vt 0.130224 -2.08926e-16
vt -1.49862 -2.29921e-16
f 8/21/5 10/22/5 3/23/5 2/24/5 

vt -0.0453821 12.0288
vn -5.53653e-17 2.80016e-15 1
vt -0.244033 12.6009
vt -0.214966 12.611
vt -0.0163149 12.0388
f 10/25/6 12/26/6 4/27/6 3/28/6 

vt 0.367706 0.25
vn 0.959199 -2.51905e-17 -0.282731
vt 0.367706 -1.07778e-16
vt -1.26113 -1.96994e-16
vt -1.26113 0.25
f 11/29/7 5/30/7 4/31/7 12/32/7 

vt 1.9082 6.49574
vn 0.959199 3.34671e-17 -0.282731
vt 1.94648 6.38548
vt 1.91741 6.37539
vt 1.87913 6.48565
f 6/33/8 5/34/8 11/35/8 9/36/8 

g Mesh2 Group2 Model

v 17293.3 4.69242e-13 -1496.73
vn 6.31612e-18 -1 -3.89983e-16
v 17400.5 6.88072e-14 -1132.88
v 17584.7 3.3121e-14 -507.929
v 15616.3 3.94177e-14 -507.929
v 15800.5 3.10196e-14 -1132.88
v 15907.8 5.41434e-13 -1496.73
f 13/6/9 14/5/9 15/4/9 16/3/9 17/2/9 18/1/9 

v 17293.3 100 -1496.73
vn 0.959199 -3.34671e-17 -0.282731
v 17400.5 100 -1132.88
f 19/36/10 20/35/10 14/34/10 13/33/10 

v 17584.7 100 -507.929
vn 1.50962e-17 1 -1.94075e-17
v 15907.8 100 -1496.73
v 15800.5 100 -1132.88
v 15616.3 100 -507.929
f 21/20/11 20/19/11 19/18/11 22/17/11 23/16/11 24/15/11 

vn 0.959199 2.51905e-17 -0.282731
f 21/32/12 15/31/12 14/30/12 20/29/12 

vn -5.53653e-17 -2.80016e-15 1
f 16/28/13 15/27/13 21/26/13 24/25/13 

vn -0.959193 3.06617e-16 -0.282752
f 17/24/14 16/23/14 24/22/14 23/21/14 

vn -0.959193 -1.63235e-17 -0.282752
f 23/10/15 22/9/15 18/8/15 17/7/15 

f 13/14/3 18/13/3 22/12/3 19/11/3 

g Mesh3 Group4 Model

v 16360.3 559.663 4258.8
vt -0.4 -0.285
vn 2.77556e-16 9.24446e-33 -1
v 16845.3 559.663 4258.8
vt -0.4 0.685
v 16845.3 259.663 4258.8
vt -1 0.685
v 16360.3 259.663 4258.8
vt -1 -0.285
f 25/37/16 26/38/16 27/39/16 28/40/16 

vt -0.685 0.1492
vn -2.77556e-17 1 1.54074e-33
vt 0.285 0.1492
v 16360.3 559.663 4307.4
vt 0.285 0.2464
v 16845.3 559.663 4307.4
vt -0.685 0.2464
f 26/41/17 25/42/17 29/43/17 30/44/17 

vt 0.4 0.1492
vn -1 -2.77556e-17 -2.77556e-16
vt 1 0.1492
v 16360.3 259.663 4307.4
vt 1 0.2464
vt 0.4 0.2464
f 25/45/18 28/46/18 31/47/18 29/48/18 

vt -0.285 0.1492
vn 2.77556e-17 -1 -1.54074e-33
vt 0.685 0.1492
v 16845.3 259.663 4307.4
vt 0.685 0.2464
vt -0.285 0.2464
f 28/49/19 27/50/19 32/51/19 31/52/19 

vt -1 0.1492
vn 1 2.77556e-17 2.77556e-16
vt -0.4 0.1492
vt -0.4 0.2464
vt -1 0.2464
f 27/53/20 26/54/20 30/55/20 32/56/20 

vt 1.31378 7.68279
vn -2.77556e-16 -9.24446e-33 1
vt 1.36272 7.54182
vt 1.44992 7.57209
vt 1.40098 7.71307
f 30/57/21 29/58/21 31/59/21 32/60/21 

g Mesh4 Model

v 18507 2003 -456.228
vt 4.31733 -2.76338
vn 2.57177e-14 1 9.0871e-15
v 18471.6 2003 -481.247
vt 4.32077 -2.77627
v 18340.1 2003 -7.87891
vt 4.4451 -2.69028
v 18382.5 2003 -7.87891
vt 4.43509 -2.68194
f 33/61/22 34/62/22 35/63/22 36/64/22 

v 17584.7 2003 -507.929
vt 2.14167 3.94421
vn 4.2761e-17 -1 1.22051e-16
v 17293.3 2003 -1496.73
vt 2.2457 3.64457
v 17549.7 2003 -1496.73
vt 2.30989 3.69047
vt 2.36324 4.12223
vt 2.35886 4.10963
f 37/65/23 38/66/23 39/67/23 33/68/23 34/69/23 

v 15907.8 2003 -1496.73
vt 1.89894 3.39659
vn 2.21314e-17 -1 4.69382e-16
v 15800.5 2003 -507.929
vt 1.69511 3.62487
v 15616.3 2003 -507.929
vt 1.64901 3.5919
f 40/70/24 38/66/24 37/65/24 41/71/24 42/72/24 

v 15907.8 1441 -1496.73
vt 2.26923 4.10401
vn -8.33678e-16 -1.96028e-32 -1
vt 2.10588 4.0473
v 17293.3 1441 -1496.73
vt 2.40906 3.70129
f 43/73/25 40/74/25 38/66/25 44/75/25 

v 15651.3 1441 -1496.73
vt 2.31361 3.97619
vn 9.00687e-15 1.02763e-15 -1
v 15651.3 2003 -1496.73
vt 2.15025 3.91948
vt 2.17614 3.84492
vt 2.33949 3.90164
f 45/76/26 46/77/26 40/78/26 43/79/26 

vt -0.208018 11.2392
vn -0.740847 -2.32915e-15 -0.671673
v 14729.7 1441 -480.22
vt -0.346487 11.638
v 14729.7 2003 -480.22
vt -0.509845 11.5813
vt -0.371376 11.1824
f 45/80/27 47/81/27 48/82/27 46/83/27 

vn 9.00059e-15 -1 -7.55834e-15
vt 2.38623 3.94529
v 15616.3 1441 -507.929
vt 2.42282 4.26037
vt 2.17514 4.37502
f 45/76/28 43/84/28 49/85/28 47/86/28 

vn 1.12586e-14 -6.5703e-16 -1
v 15907.8 562 -1496.73
vt 2.52473 4.19272
v 15651.3 562 -1496.73
vt 2.49885 4.26727
vt 2.24335 4.17856
f 43/73/29 50/87/29 51/88/29 45/89/29 

vn 0.959193 -2.36059e-15 0.282752
vt 2.37327 3.80437
v 15616.3 562 -507.929
vt 2.62877 3.89307
f 43/73/30 49/90/30 52/91/30 50/87/30 

vn 0.959193 1.93546e-17 0.282752
vt 2.20991 3.74765
f 43/73/31 40/74/31 42/92/31 49/90/31 

vt 2.18898 3.80794
vn -1.86753e-16 -1 1.75034e-16
vt 2.32745 3.40911
vt 2.40007 3.37821
vt 2.43666 3.69328
f 48/93/32 46/94/32 40/95/32 42/96/32 

vn 0.0312373 -3.19835e-21 0.999512
vt -0.436005 11.8958
vt -0.599362 11.8391
f 47/81/33 49/97/33 42/98/33 48/82/33 

vn 0.0312373 5.33232e-16 0.999512
v 14729.7 562 -480.22
vt -0.0909867 11.7267
vt -0.180505 11.9845
f 49/97/34 47/81/34 53/99/34 52/100/34 

vn -0.740847 2.47677e-15 -0.671673
vt 0.0474822 11.3279
f 45/80/35 51/101/35 53/99/35 47/81/35 

vt 0.00963568 11.2586
vn 8.88025e-15 1 -7.5956e-15
vt -0.214331 11.4832
f 50/102/36 51/101/36 53/99/36 52/103/36 

v 15651.3 7.21911e-14 -1496.73
vt 0.21084 11.3846
vn 9.00687e-15 -1.02763e-15 -1
vt 0.0733662 11.2533
v 15907.8 5.41434e-13 -1496.73
vt 0.236724 11.31
f 54/104/37 51/101/37 50/105/37 55/106/37 

vn -0.740847 2.33943e-15 -0.671673
v 14729.7 -6.76792e-15 -480.22
vt 0.0723708 11.7834
f 53/99/38 51/101/38 54/104/38 56/107/38 

vn -1.86753e-16 1 1.75034e-16
v 15616.3 3.94177e-14 -507.929
vt -0.0509738 11.5399
vt 0.172993 11.3153
f 54/104/39 56/107/39 57/108/39 55/109/39 

vn 0.0312373 2.63393e-21 0.999512
vt -0.017147 12.0412
f 52/100/40 53/99/40 56/107/40 57/110/40 

v 14694.3 562 -455.163
vt -0.0953622 11.7393
vn -0.577936 -5.5303e-19 -0.816082
v 14694.3 1.01519e-13 -455.163
vt 0.0679953 11.796
f 58/111/41 53/99/41 56/107/41 59/112/41 

vt 0.22416 10.819
vn -3.30996e-15 1 1.08821e-15
vt 0.213782 10.8106
v 15204.7 562 1229.9
vt 0.403276 10.3031
f 53/113/42 58/114/42 60/115/42

vt 0.225594 10.8149
vn -0.577936 2.50099e-15 -0.816082
v 14694.3 1441 -455.163
vt -0.0299069 10.7261
vt -0.0255314 10.7135
vt 0.229969 10.8023
f 58/116/43 61/117/43 47/118/43 53/119/43 

vn 0.957064 -5.25244e-15 -0.289876
v 15204.7 1441 1229.9
vt 0.147776 10.2144
f 61/117/44 62/120/44 60/115/44 58/116/44 

vt -0.0313401 10.7303
vn 9.99258e-17 -1 1.41102e-16
vt -0.0180004 10.7301
f 47/121/45 62/120/45 61/122/45

v 14871.3 1983 29.6211
vt -0.450631 11.4295
vn 0.963524 -2.97409e-14 -0.267621
v 14871.3 1963 29.6211
vt -0.444818 11.4315
v 14880.6 1963 63.0186
vt -0.44132 11.4214
v 14881.7 1963 67.1211
vt -0.44089 11.4202
v 14881.7 1943 67.1211
vt -0.435076 11.4222
v 14892.1 1943 104.621
vt -0.431149 11.4109
v 14892.1 1923 104.621
vt -0.425335 11.4129
v 14901.2 1923 137.194
vt -0.421924 11.4031
v 14902.6 1923 142.121
vt -0.421408 11.4016
v 14902.6 1903 142.121
vt -0.415594 11.4036
v 14913 1903 179.621
vt -0.411666 11.3923
v 14913 1883 179.621
vt -0.405853 11.3943
v 14922.5 1883 214.059
vt -0.402246 11.3839
v 14923.4 1883 217.121
vt -0.401925 11.383
v 14923.4 1862.8 217.121
vt -0.396054 11.385
v 14933.8 1862.8 254.621
vt -0.392126 11.3737
v 14933.8 1843 254.621
vt -0.386371 11.3757
v 14943.9 1843 290.924
vt -0.382568 11.3648
v 14944.2 1843 292.121
vt -0.382443 11.3644
v 14944.2 1823 292.121
vt -0.37663 11.3664
v 14954.6 1823 329.621
vt -0.372702 11.3551
v 14954.6 1803 329.621
vt -0.366888 11.3571
v 14965 1803 367.121
vt -0.362961 11.3458
v 14965 1783 367.121
vt -0.357147 11.3478
v 14975.5 1783 404.621
vt -0.35322 11.3365
v 14975.5 1763 404.621
vt -0.347406 11.3386
v 14985.9 1763 442.121
vt -0.343478 11.3272
v 14985.9 1743 442.121
vt -0.337665 11.3293
v 14996.3 1743 479.621
vt -0.333737 11.3179
v 14996.3 1723 479.621
vt -0.327924 11.32
v 15069.2 1723 742.121
vt -0.30043 11.2408
v 15069.2 1703 742.121
vt -0.294617 11.2428
v 15079.6 1703 779.621
vt -0.290689 11.2315
v 15079.6 1683 779.621
vt -0.284875 11.2335
v 15090 1683 817.121
vt -0.280948 11.2222
v 15090 1663 817.121
vt -0.275134 11.2242
v 15100.5 1663 854.621
vt -0.271207 11.2129
v 15100.5 1643 854.621
vt -0.265393 11.2149
v 15110.9 1643 892.121
vt -0.261465 11.2036
v 15110.9 1623 892.121
vt -0.255652 11.2056
v 15121.3 1623 929.621
vt -0.251724 11.1943
v 15121.3 1603 929.621
vt -0.245911 11.1963
v 15131.7 1603 967.121
vt -0.241983 11.185
v 15131.7 1583 967.121
vt -0.23617 11.187
v 15142.1 1583 1004.62
vt -0.232242 11.1757
v 15142.1 1563 1004.62
vt -0.226429 11.1777
v 15152.5 1563 1042.12
vt -0.222501 11.1664
v 15152.5 1543 1042.12
vt -0.216687 11.1684
v 15162.9 1543 1079.62
vt -0.21276 11.1571
v 15162.9 1523 1079.62
vt -0.206946 11.1591
v 15173.4 1523 1117.12
vt -0.203019 11.1478
v 15173.4 1503 1117.12
vt -0.197205 11.1498
v 15183.8 1503 1154.62
vt -0.193277 11.1385
v 15183.8 1483 1154.62
vt -0.187464 11.1406
v 15204.7 1483 1229.9
vt -0.179579 11.1178
vt -0.167371 11.1221
v 14860.9 2003 -7.87891
vt -0.460372 11.4388
v 14860.9 1983 -7.87891
vt -0.454559 11.4408
f 63/123/46 64/124/46 65/125/46 66/126/46 67/127/46 68/128/46 69/129/46 70/130/46 71/131/46 72/132/46 73/133/46 74/134/46 75/135/46 76/136/46 77/137/46 78/138/46 79/139/46 80/140/46 81/141/46 82/142/46 83/143/46 84/144/46 85/145/46 86/146/46 87/147/46 88/148/46 89/149/46 90/150/46 91/151/46 92/152/46 93/153/46 94/154/46 95/155/46 96/156/46 97/157/46 98/158/46 99/159/46 100/160/46 101/161/46 102/162/46 103/163/46 104/164/46 105/165/46 106/166/46 107/167/46 108/168/46 109/169/46 110/170/46 111/171/46 112/172/46 113/173/46 114/174/46 115/175/46 116/176/46 117/177/46 62/178/46 47/81/46 48/82/46 118/179/46 119/180/46 

vt 4.69166 -1.47484
vn 9.36238e-16 6.76792e-16 -1
vt 4.68585 -1.47686
v 15468.9 1983 29.6211
vt 4.74616 -1.65056
v 15468.9 1963 29.6211
vt 4.75197 -1.64854
f 64/181/47 63/182/47 120/183/47 121/184/47 

vn -1.7803e-17 -1 -2.17846e-16
vt 4.6739 -1.47761
v 15468.9 1983 -7.87891
vt 4.73526 -1.65434
f 120/183/48 63/182/48 119/185/48 122/186/48 

vt 4.66809 -1.47963
vn 9.51739e-16 2.17846e-16 -1
v 15468.9 2003 -7.87891
vt 4.72944 -1.65636
f 118/187/49 123/188/49 122/186/49 119/185/49 

v 17024.8 1563 2901.44
vt -2.95952 8.44208
vn -9.02266e-17 0.988756 0.149538
vt -3.05591 9.43451
vt -3.06716 9.42793
v 17732.1 2003 -7.87891
vt -3.22866 9.33349
vt -3.8298 8.98196
vt -3.99129 8.88752
v 14818.5 2003 -7.87891
vt -4.00253 8.88095
v 16176.3 1563 2901.44
vt -3.18488 8.3103
v 16232 1563 2901.44
vt -3.17009 8.31895
v 16305.8 1563 2901.44
vt -3.15047 8.33042
v 16895.2 1563 2901.44
vt -2.99393 8.42196
v 16969.2 1563 2901.44
vt -2.97427 8.43346
v 17001.1 1563 2901.44
vt -2.96581 8.43841
f 124/189/50 36/190/50 35/191/50 125/192/50 123/193/50 118/194/50 126/195/50 127/196/50 128/197/50 129/198/50 130/199/50 131/200/50 132/201/50 

v 17975.1 1623 1458.76
vt -2.91681 8.97225
vn 0.466065 0.816405 0.340978
f 133/202/51 36/190/51 124/189/51

vt 3.31562 0.562925
vn 0.963524 5.07585e-13 0.267621
vt 3.57968 0.158825
v 18026 1663 1275.69
vt 3.54888 0.210016
v 18049.2 1683 1192.12
vt 3.53432 0.233208
v 18070 1703 1117.12
vt 3.52065 0.253815
v 18090.9 1723 1042.12
vt 3.50698 0.274423
v 18111.7 1743 967.121
vt 3.49331 0.29503
v 18132.5 1763 892.121
vt 3.47964 0.315637
v 18153.3 1783 817.121
vt 3.46597 0.336244
v 18174.2 1803 742.121
vt 3.4523 0.356852
v 18195 1823 667.121
vt 3.43863 0.377459
v 18215.8 1843 592.121
vt 3.42497 0.398066
v 18236.7 1863 517.121
vt 3.4113 0.418674
v 18257.5 1883 442.121
vt 3.39763 0.439281
v 18278.3 1903 367.121
vt 3.38396 0.459888
v 18299.2 1923 292.121
vt 3.37029 0.480496
v 18320 1943 217.121
vt 3.35662 0.501103
v 18340.8 1963 142.121
vt 3.34295 0.52171
v 18361.7 1983 67.1211
vt 3.32928 0.542317
f 36/203/52 133/204/52 134/205/52 135/206/52 136/207/52 137/208/52 138/209/52 139/210/52 140/211/52 141/212/52 142/213/52 143/214/52 144/215/52 145/216/52 146/217/52 147/218/52 148/219/52 149/220/52 150/221/52 

v 17975.1 1441 1458.76
vt 3.63259 0.177193
vn 0.963524 -2.3274e-15 0.267621
v 18507 1441 -456.228
vt 3.43201 0.754897
vt 3.26866 0.698181
f 151/222/53 152/223/53 33/224/53 36/203/53 150/221/53 149/220/53 148/219/53 147/218/53 146/217/53 145/216/53 144/215/53 143/214/53 142/213/53 141/212/53 140/211/53 139/210/53 138/209/53 137/208/53 136/207/53 135/206/53 134/205/53 133/204/53 

v 17996.4 1441 1229.9
vt 3.62162 0.247056
vn -5.4587e-16 -1 -1.20394e-15
v 18471.6 1441 -481.247
vt 3.4424 0.763268
v 17549.7 1441 -1496.73
vt 3.70574 1.09303
v 17024.8 1441 2901.44
vt 3.95248 -0.247339
v 16947.6 1441 2821.98
vt 3.97464 -0.221438
v 17193.4 1441 2448.84
vt 3.8919 -0.111637
v 17724.8 1441 1642.12
vt 3.71302 0.125754
v 17774.2 1441 1567.12
vt 3.69639 0.147824
v 17823.6 1441 1492.12
vt 3.67976 0.169894
v 17873 1441 1417.12
vt 3.66313 0.191964
f 153/225/54 154/226/54 155/227/54 152/223/54 151/222/54 156/228/54 157/229/54 158/230/54 159/231/54 160/232/54 161/233/54 162/234/54 

vt 2.05212 4.20213
vn -0.963524 -5.66042e-15 -0.267621
vt 2.21548 4.25884
vt 2.03625 4.77505
v 17996.4 1483 1229.9
vt 2.02405 4.77081
v 18006.8 1483 1192.12
vt 2.028 4.75942
v 18007.1 1483 1191.09
vt 2.02811 4.75911
v 18017.3 1483 1154.62
vt 2.03193 4.7481
v 18017.3 1503 1154.62
vt 2.02612 4.74609
v 18027.7 1503 1117.12
vt 2.03005 4.73477
v 18027.7 1523 1117.12
vt 2.02423 4.73276
v 18028 1523 1116.09
vt 2.02434 4.73245
v 18038.1 1523 1079.62
vt 2.02816 4.72144
v 18038.1 1543 1079.62
vt 2.02235 4.71942
v 18048.5 1543 1042.12
vt 2.02627 4.70811
v 18048.5 1563 1042.12
vt 2.02046 4.70609
v 18048.8 1563 1041.09
vt 2.02057 4.70578
v 18058.9 1563 1004.62
vt 2.02439 4.69478
v 18058.9 1583 1004.62
vt 2.01857 4.69276
v 18069.3 1583 967.121
vt 2.0225 4.68145
v 18069.3 1603 967.121
vt 2.01669 4.67943
v 18069.6 1603 966.094
vt 2.0168 4.67912
v 18079.9 1603 929.108
vt 2.02067 4.66796
v 18079.9 1623 929.108
vt 2.01486 4.66594
v 18090.2 1623 892.121
vt 2.01873 4.65479
v 18090.2 1643 892.121
vt 2.01292 4.65277
v 18090.5 1643 891.094
vt 2.01302 4.65246
v 18100.7 1643 854.108
vt 2.0169 4.6413
v 18100.7 1663 854.108
vt 2.01109 4.63928
v 18111 1663 817.121
vt 2.01496 4.62812
v 18111 1683 817.121
vt 2.00915 4.62611
v 18111.3 1683 816.094
vt 2.00925 4.6258
v 18121.6 1683 779.108
vt 2.01313 4.61464
v 18121.6 1703 779.108
vt 2.00731 4.61262
v 18131.8 1703 742.121
vt 2.01119 4.60146
v 18131.8 1723 742.121
vt 2.00537 4.59944
v 18132.1 1723 741.094
vt 2.00548 4.59913
v 18152.7 1723 667.121
vt 2.01323 4.57682
v 18153 1723 666.094
vt 2.01334 4.57651
v 18173.5 1723 592.121
vt 2.02109 4.55419
v 18173.8 1723 591.094
vt 2.02119 4.55388
v 18194.3 1723 517.121
vt 2.02894 4.53157
v 18194.6 1723 516.094
vt 2.02905 4.53126
v 18204.7 1723 479.621
vt 2.03287 4.52025
v 18204.7 1743 479.621
vt 2.02705 4.51823
v 18215.2 1743 442.121
vt 2.03098 4.50692
v 18215.2 1763 442.121
vt 2.02517 4.5049
v 18215.4 1763 441.094
vt 2.02528 4.50459
v 18225.7 1763 404.108
vt 2.02915 4.49344
v 18225.7 1783 404.108
vt 2.02334 4.49142
v 18236 1783 367.121
vt 2.02721 4.48026
v 18236 1803 367.121
vt 2.0214 4.47824
v 18236.3 1803 366.094
vt 2.02151 4.47793
v 18246.4 1803 329.621
vt 2.02533 4.46693
v 18246.4 1823 329.621
vt 2.01951 4.46491
v 18256.8 1823 292.121
vt 2.02344 4.4536
v 18256.8 1843 292.121
vt 2.01763 4.45158
v 18257.1 1843 291.094
vt 2.01773 4.45127
v 18267.2 1843 254.621
vt 2.02155 4.44027
v 18267.2 1863 254.621
vt 2.01574 4.43825
v 18277.7 1863 217.121
vt 2.01967 4.42693
v 18277.7 1883 217.121
vt 2.01385 4.42492
v 18277.9 1883 216.094
vt 2.01396 4.42461
v 18288.1 1883 179.621
vt 2.01778 4.4136
v 18288.1 1903 179.621
vt 2.01197 4.41159
v 18298.5 1903 142.121
vt 2.0159 4.40027
v 18298.5 1923 142.121
vt 2.01008 4.39825
v 18298.8 1923 141.094
vt 2.01019 4.39794
v 18308.9 1923 104.621
vt 2.01401 4.38694
v 18308.9 1943 104.621
vt 2.0082 4.38492
v 18319.3 1943 67.1211
vt 2.01213 4.37361
v 18319.3 1963 67.1211
vt 2.00631 4.37159
v 18319.6 1963 66.0941
vt 2.00642 4.37128
v 18329.9 1963 29.1076
vt 2.01029 4.36012
v 18329.9 1983 29.1076
vt 2.00448 4.35811
v 18340.1 1983 -7.87891
vt 2.00835 4.34695
vt 2.00254 4.34493
f 34/235/55 154/236/55 153/237/55 163/238/55 164/239/55 165/240/55 166/241/55 167/242/55 168/243/55 169/244/55 170/245/55 171/246/55 172/247/55 173/248/55 174/249/55 175/250/55 176/251/55 177/252/55 178/253/55 179/254/55 180/255/55 181/256/55 182/257/55 183/258/55 184/259/55 185/260/55 186/261/55 187/262/55 188/263/55 189/264/55 190/265/55 191/266/55 192/267/55 193/268/55 194/269/55 195/270/55 196/271/55 197/272/55 198/273/55 199/274/55 200/275/55 201/276/55 202/277/55 203/278/55 204/279/55 205/280/55 206/281/55 207/282/55 208/283/55 209/284/55 210/285/55 211/286/55 212/287/55 213/288/55 214/289/55 215/290/55 216/291/55 217/292/55 218/293/55 219/294/55 220/295/55 221/296/55 222/297/55 223/298/55 224/299/55 225/300/55 226/301/55 227/302/55 228/303/55 229/304/55 230/305/55 231/306/55 232/307/55 233/308/55 234/309/55 35/310/55 

v 17584.7 1441 -507.929
vt 2.30502 4.00093
vn -0.0300703 -8.14087e-19 0.999548
f 235/311/56 154/236/56 34/235/56 37/65/56 

v 17584.7 562 -507.929
vt 2.56052 4.08964
vn -0.0300703 5.77178e-16 0.999548
v 18471.6 562 -481.247
vt 2.47098 4.34755
f 236/312/57 237/313/57 154/236/57 235/311/57 

vt -0.444355 12.8202
vn -0.0300703 -1.24726e-18 0.999548
v 17584.7 3.3121e-14 -507.929
vt -0.197617 12.6115
v 18471.6 -6.76792e-15 -481.247
vt -0.279366 12.872
f 237/314/58 236/20/58 238/315/58 239/316/58 

vn -3.85655e-15 1 4.31066e-15
vt 2.28755 4.08487
v 17549.7 562 -1496.73
vt 2.58573 3.78624
v 17293.3 562 -1496.73
vt 2.66456 3.78999
f 236/312/59 237/317/59 240/318/59 241/319/59 

v 18507 562 -456.228
vt -0.440655 12.8331
vn -5.60338e-16 1 -1.22332e-15
vt -0.646492 12.4498
v 17996.4 562 1229.9
vt 0.100991 12.8548
v 17873 562 1417.12
vt 0.167857 12.8378
v 17823.6 562 1492.12
vt 0.194644 12.831
v 17774.2 562 1567.12
vt 0.22143 12.8242
v 17724.8 562 1642.12
vt 0.248217 12.8174
v 17193.4 562 2448.84
vt 0.53634 12.7444
v 16947.6 562 2821.98
vt 0.669606 12.7106
v 17024.8 562 2901.44
vt 0.684912 12.7411
v 17975.1 562 1458.76
vt 0.169655 12.8717
f 242/320/60 240/321/60 237/314/60 243/322/60 244/323/60 245/324/60 246/325/60 247/326/60 248/327/60 249/328/60 250/329/60 251/330/60 

vn 0.735926 -3.93759e-16 -0.677062
v 18507 1.8499e-13 -456.228
vt -0.592997 12.9149
v 17549.7 -6.76792e-15 -1496.73
vt -0.798834 12.5316
f 240/321/61 242/320/61 252/331/61 253/332/61 

vn 0.963524 -4.89978e-16 0.267621
v 17975.1 380 1458.76
vt 0.166115 12.9276
v 18026 340 1275.69
vt 0.106993 12.9362
v 18049.2 320 1192.12
vt 0.079971 12.9406
v 18070 300 1117.12
vt 0.0556794 12.9453
v 18090.9 280 1042.12
vt 0.0313878 12.9499
v 18111.7 260 967.121
vt 0.00709616 12.9545
v 18132.5 240 892.121
vt -0.0171954 12.9591
v 18153.3 220 817.121
vt -0.041487 12.9638
v 18174.2 200 742.121
vt -0.0657786 12.9684
v 18195 180 667.121
vt -0.0900702 12.973
v 18215.8 160 592.121
vt -0.114362 12.9777
v 18236.7 140 517.121
vt -0.138653 12.9823
v 18257.5 120 442.121
vt -0.162945 12.9869
v 18278.3 100 367.121
vt -0.187237 12.9915
v 18299.2 80 292.121
vt -0.211528 12.9962
v 18320 60 217.121
vt -0.23582 13.0008
v 18340.8 40 142.121
vt -0.260111 13.0054
v 18361.7 20 67.1211
vt -0.284403 13.0101
v 18382.5 2.02812e-12 -7.87891
vt -0.308695 13.0147
vt -0.451584 13.0056
f 242/320/62 251/330/62 254/333/62 255/334/62 256/335/62 257/336/62 258/337/62 259/338/62 260/339/62 261/340/62 262/341/62 263/342/62 264/343/62 265/344/62 266/345/62 267/346/62 268/347/62 269/348/62 270/349/62 271/350/62 272/351/62 252/352/62 

vt -1.43225 4.31059
vn -0.835086 -2.32226e-15 -0.55012
vt -1.48666 4.29732
v 17024.8 440 2901.44
vt -1.34272 3.78528
vt -1.30625 3.79418
f 251/353/63 254/354/63 273/355/63 250/356/63 

v 17961.6 380 1479.28
vt -3.10166 8.94678
vn -0.835086 -1.63895e-11 -0.55012
vt -3.10345 8.95412
f 274/357/64 273/189/64 254/358/64

vn 0.466065 -0.816405 0.340978
f 272/190/65 254/358/65 273/189/65

vn 0.963524 -5.07585e-13 0.267621
vt -3.05851 9.40992
vt -3.06112 9.38533
vt -3.06372 9.36073
vt -3.06633 9.33614
vt -3.06893 9.31155
vt -3.07153 9.28696
vt -3.07414 9.26237
vt -3.07674 9.23778
vt -3.07935 9.21319
vt -3.08195 9.1886
vt -3.08455 9.16401
vt -3.08716 9.13942
vt -3.08976 9.11482
vt -3.09237 9.09023
vt -3.09497 9.06564
vt -3.09757 9.04105
vt -3.09978 9.01375
f 254/358/66 272/190/66 271/359/66 270/360/66 269/361/66 268/362/66 267/363/66 266/364/66 265/365/66 264/366/66 263/367/66 262/368/66 261/369/66 260/370/66 259/371/66 258/372/66 257/373/66 256/374/66 255/375/66 

vt 0.718453 12.7242
vn -0.717245 4.96061e-15 0.696821
v 16947.6 440 2821.98
vt 0.703147 12.6937
v 17010.6 440 2886.91
vt 0.715655 12.7186
f 273/376/67 250/329/67 249/328/67 275/377/67 276/378/67 

v 16947.6 680 2821.98
vt 2.7078 3.55474
vn -4.95538e-14 -1.18976e-15 1
v 16864.1 680 2821.98
vt 2.71623 3.53047
v 16864.1 440 2821.98
vt 2.78599 3.55469
vt 2.77756 3.57896
vt 2.7421 3.56665
f 277/379/68 278/380/68 279/381/68 275/382/68 249/383/68 

vt -0.222933 11.996
vn -3.4579e-15 1 -5.24912e-15
v 16864.1 680 2766.97
vt -0.212841 11.967
vt -0.202542 11.9804
f 277/384/69 280/385/69 278/386/69

vn -0.55012 -3.95324e-15 0.835086
v 16947.6 1323 2821.98
vt -0.409835 11.9311
v 16864.1 1323 2766.97
vt -0.399743 11.9021
f 277/384/70 281/387/70 282/388/70 280/385/70 

vn 0.835086 6.49946e-15 0.55012
v 17724.8 680 1642.12
vt -0.365516 12.4067
v 17749.5 680 1604.62
vt -0.370048 12.4198
v 17749.5 1323 1604.62
vt -0.55695 12.3549
v 17724.8 1323 1642.12
vt -0.552418 12.3418
f 281/387/71 277/384/71 283/389/71 284/390/71 285/391/71 286/392/71 

vt -0.427006 12.4731
vn -0.835086 1.74574e-15 -0.55012
vt -0.417942 12.447
vt -0.408879 12.4209
vt -0.399815 12.3948
vt -0.302324 12.114
vt -0.257232 11.9841
v 17749.5 660 1604.62
vt -0.375861 12.4177
v 17774.2 660 1567.12
vt -0.380393 12.4308
v 17774.2 640 1567.12
vt -0.386206 12.4288
v 17798.9 640 1529.62
vt -0.390738 12.4418
v 17798.9 620 1529.62
vt -0.396552 12.4398
v 17823.6 620 1492.12
vt -0.401084 12.4529
v 17823.6 600 1492.12
vt -0.406897 12.4508
v 17848.3 600 1454.62
vt -0.411429 12.4639
v 17848.3 581 1454.62
vt -0.416951 12.462
v 17873 581 1417.12
vt -0.421483 12.475
f 244/393/72 245/394/72 246/395/72 247/396/72 248/397/72 249/398/72 277/384/72 283/389/72 284/390/72 287/399/72 288/400/72 289/401/72 290/402/72 291/403/72 292/404/72 293/405/72 294/406/72 295/407/72 296/408/72 

v 17873 400 1417.12
vt 0.155605 12.7895
vn -0.835086 2.91669e-17 -0.55012
v 17823.6 400 1492.12
vt 0.182392 12.7827
v 17823.6 420 1492.12
vt 0.183904 12.7887
v 17873 560 1417.12
vt 0.167706 12.8372
f 297/409/73 298/410/73 299/411/73 245/324/73 244/323/73 300/412/73 

vt 1.81144 8.17423
vn -0.835086 -1.36879e-17 -0.55012
v 17774.2 420 1567.12
vt 1.83823 8.16743
v 17774.2 440 1567.12
vt 1.83974 8.1734
vt 1.84897 8.20979
vt 1.82218 8.21658
f 299/413/74 301/414/74 302/415/74 246/416/74 245/417/74 

vt 0.591934 9.89291
vn 0 1 -0
v 17887 420 1556.63
vt 0.573383 9.86341
v 17896 420 1542.92
vt 0.57504 9.85864
vt 0.600997 9.86681
f 301/418/75 303/419/75 304/420/75 299/421/75 

vt 0.212203 12.7879
vn -0.835086 -2.03669e-14 -0.55012
v 17724.8 440 1642.12
vt 0.23899 12.7811
f 302/422/76 305/423/76 247/326/76 246/325/76 

v 17193.4 440 2448.84
vt 3.79671 0.64355
v 17256.4 440 2513.78
vt 3.76904 0.640303
v 17830.7 440 1642.12
vt 3.87438 0.336902
v 17846.6 440 1617.92
vt 3.8773 0.328478
vt 3.90326 0.336645
vt 3.8942 0.36275
f 306/424/75 307/425/75 308/426/75 309/427/75 302/428/75 305/429/75 

vn -8.44955e-16 1 -8.4683e-16
vt 3.75161 0.773428
vt 3.72395 0.770181
f 306/424/77 275/430/77 276/431/77 307/425/77 

vt 2.2864 8.05379
vn -0.835086 2.61419e-15 -0.55012
vt 2.29563 8.09018
vt 2.16236 8.12397
vt 2.15314 8.08758
f 275/432/78 249/433/78 248/434/78 306/435/78 

vt 0.527113 12.708
vn -0.835086 -1.6346e-14 -0.55012
f 306/436/79 248/327/79 247/326/79 305/423/79 

vt 0.615651 9.69326
vn -4.93145e-16 -3.42128e-31 -1
v 17287.5 560 1417.12
vt 0.556557 9.86347
v 17287.5 581 1417.12
vt 0.550453 9.86135
vt 0.609547 9.69114
vt 0.615069 9.69306
f 300/437/80 310/438/80 311/439/80 296/440/80 244/441/80 

vn -3.69859e-16 1 -2.43647e-16
v 17897.7 560 1379.62
vt 0.629044 9.68987
v 17312.2 560 1379.62
vt 0.56995 9.86007
f 300/437/81 312/442/81 313/443/81 310/438/81 

v 17922.4 380 1342.12
vt 3.94789 0.264383
vn -0.835086 -4.76116e-15 -0.55012
v 17873 380 1417.12
vt 3.93883 0.290489
vt 3.93302 0.28847
vt 3.88651 0.272323
vt 3.89104 0.25927
v 17897.7 540 1379.62
vt 3.89685 0.261289
v 17922.4 540 1342.12
vt 3.90139 0.248236
v 17922.4 520 1342.12
vt 3.9072 0.250254
f 314/444/82 315/445/82 297/446/82 300/447/82 312/448/82 316/449/82 317/450/82 318/451/82 

vn -0.835086 -1.49926e-13 -0.55012
v 17996.4 520 1229.9
vt 0.0978147 12.8423
v 17971.8 520 1267.12
vt 0.111108 12.8389
vt 0.137894 12.8321
vt 0.139407 12.8381
vt 0.1528 12.8347
vt 0.154313 12.8406
f 300/412/83 244/323/83 243/322/83 319/452/83 320/453/83 318/454/83 317/455/83 316/456/83 312/457/83 

vn -0.835086 -5.34758e-15 -0.55012
vt 2.29175 4.86376
vt 2.26913 4.92893
vt 2.26361 4.92701
vt 2.25908 4.94006
vt 2.25355 4.93814
vt 2.24902 4.9512
vt 2.24321 4.94918
vt 2.23868 4.96223
vt 2.23286 4.96021
vt 2.22833 4.97327
vt 2.22252 4.97125
vt 2.21798 4.9843
vt 2.21217 4.98228
vt 2.02527 4.91739
v 17749.5 1343 1604.62
vt 2.01946 4.91537
v 17774.2 1343 1567.12
vt 2.02399 4.90232
v 17774.2 1363 1567.12
vt 2.01817 4.9003
v 17798.9 1363 1529.62
vt 2.02271 4.88725
v 17798.9 1383 1529.62
vt 2.01689 4.88523
v 17823.6 1383 1492.12
vt 2.02142 4.87218
v 17823.6 1403 1492.12
vt 2.01561 4.87016
v 17848.3 1403 1454.62
vt 2.02014 4.85711
v 17848.3 1422 1454.62
vt 2.01462 4.85519
v 17873 1422 1417.12
vt 2.01915 4.84214
vt 2.01363 4.84022
f 153/237/84 243/458/84 244/459/84 296/460/84 295/461/84 294/462/84 293/463/84 292/464/84 291/465/84 290/466/84 289/467/84 288/468/84 287/469/84 284/470/84 285/471/84 321/472/84 322/473/84 323/474/84 324/475/84 325/476/84 326/477/84 327/478/84 328/479/84 329/480/84 330/481/84 162/482/84 

vn -0.963524 -2.74317e-15 -0.267621
f 243/458/85 153/237/85 154/236/85 237/313/85 

vt -0.409076 12.3202
vn 0.740406 1.48507e-15 -0.67216
vt -0.206939 12.6907
f 155/483/86 154/484/86 237/314/86 240/321/86 

vn -3.93385e-15 -1 4.3934e-15
vt 2.47325 3.74719
vt 2.52222 4.16635
f 44/75/87 155/485/87 154/486/87 235/311/87 

vn -6.75539e-15 1.33947e-31 -1
vt 2.27158 3.57002
vt 2.43494 3.62674
f 38/66/88 39/487/88 155/488/88 44/75/88 

vn 0.735926 3.52194e-16 -0.677062
vt 3.28933 1.16587
vt 3.12597 1.10915
f 152/223/89 155/489/89 39/490/89 33/224/89 

vn -6.75539e-15 -6.5703e-16 -1
vt 2.69044 3.71544
f 241/319/90 44/75/90 155/488/90 240/491/90 

vn -0.959199 -4.85452e-15 0.282731
f 235/311/91 44/75/91 241/319/91 236/312/91 

vn -0.959199 -6.51688e-18 0.282731
f 235/311/92 37/65/92 38/66/92 44/75/92 

vn -8.33678e-16 -6.5703e-16 -1
f 50/87/93 43/73/93 44/75/93 241/319/93 

vt 2.68809 4.24943
vn -8.33678e-16 4.39027e-32 -1
v 17293.3 4.69242e-13 -1496.73
vt 2.82791 3.84671
f 55/492/94 50/87/94 241/319/94 331/493/94 

vn 0.959193 1.94768e-17 0.282752
vt 2.79212 3.94979
f 55/492/95 50/87/95 52/91/95 57/494/95 

vn 2.21314e-17 1 4.69382e-16
vt 2.37126 4.23437
v 15800.5 6.88072e-14 -507.929
vt 2.38985 4.18082
vt 2.56991 3.6622
f 331/493/96 55/492/96 57/495/96 332/496/96 238/497/96 

v 18340.1 -6.76792e-15 -7.87891
vt 5.02731 -2.48814
vn 2.20257e-18 1 6.85353e-17
vt 5.17817 -2.47858
vt 5.09643 -2.2181
vt 4.91637 -1.69948
vt 4.89777 -1.64593
vt 4.80025 -1.39101
v 14860.9 -6.76792e-15 -7.87891
vt 4.67619 -1.47682
v 15468.9 -6.76792e-15 -7.87891
vt 4.73755 -1.65355
v 17732.1 -6.76792e-15 -7.87891
vt 4.96595 -2.3114
f 333/498/97 239/499/97 238/500/97 332/501/97 57/502/97 56/503/97 334/504/97 335/505/97 336/506/97 

vt -0.433426 12.6477
vn 2.57177e-14 -1 9.0871e-15
vt -0.428139 12.6354
vt -0.285249 12.6445
vt -0.282562 12.6572
f 239/507/98 252/508/98 272/509/98 333/510/98 

vn 4.2761e-17 1 1.22051e-16
vt 2.72388 4.14635
vt 2.45091 4.14159
vt 2.43966 4.14876
vt 2.74909 3.84296
f 331/493/99 238/511/99 239/512/99 252/513/99 253/514/99 

vn -0.959199 -9.43437e-18 0.282731
f 238/511/100 236/312/100 241/319/100 331/493/100 

vt 2.8538 3.77216
vn -6.75539e-15 1.04048e-31 -1
f 253/515/101 331/493/101 241/319/101 240/491/101 

vn -0.963524 4.9057e-15 -0.267621
v 18340.1 20 -7.87891
vt -0.282951 12.6634
v 18329.9 20 29.1076
vt -0.271164 12.6641
v 18329.9 40 29.1076
vt -0.271553 12.6702
v 18319.6 40 66.0941
vt -0.259765 12.671
v 18319.3 40 67.1211
vt -0.259438 12.671
v 18319.3 60 67.1211
vt -0.259827 12.6772
v 18308.9 60 104.621
vt -0.247875 12.6779
v 18308.9 80 104.621
vt -0.248264 12.6841
v 18298.8 80 141.094
vt -0.23664 12.6848
v 18298.5 80 142.121
vt -0.236313 12.6848
v 18298.5 100 142.121
vt -0.236702 12.691
v 18288.1 100 179.621
vt -0.22475 12.6917
v 18288.1 120 179.621
vt -0.225139 12.6979
v 18277.9 120 216.094
vt -0.213515 12.6986
v 18277.7 120 217.121
vt -0.213188 12.6986
v 18277.7 140 217.121
vt -0.213577 12.7048
v 18267.2 140 254.621
vt -0.201626 12.7055
v 18267.2 160 254.621
vt -0.202015 12.7116
v 18257.1 160 291.094
vt -0.190391 12.7124
v 18256.8 160 292.121
vt -0.190063 12.7124
v 18256.8 180 292.121
vt -0.190452 12.7185
v 18246.4 180 329.621
vt -0.178501 12.7193
v 18246.4 200 329.621
vt -0.17889 12.7254
v 18236.3 200 366.094
vt -0.167266 12.7262
v 18236 200 367.121
vt -0.166939 12.7262
v 18236 220 367.121
vt -0.167328 12.7323
v 18225.7 220 404.108
vt -0.15554 12.7331
v 18225.7 240 404.108
vt -0.155929 12.7392
v 18215.4 240 441.094
vt -0.144141 12.74
v 18215.2 240 442.121
vt -0.143814 12.74
v 18215.2 260 442.121
vt -0.144203 12.7461
v 18204.7 260 479.621
vt -0.132251 12.7469
v 18204.7 280 479.621
vt -0.13264 12.753
v 18194.6 280 516.094
vt -0.121016 12.7538
v 18194.3 280 517.121
vt -0.120689 12.7538
v 18173.8 280 591.094
vt -0.0971137 12.7553
v 18173.5 280 592.121
vt -0.0967864 12.7553
v 18153 280 666.094
vt -0.0732111 12.7568
v 18152.7 280 667.121
vt -0.0728838 12.7568
v 18132.1 280 741.094
vt -0.0493084 12.7583
v 18131.8 280 742.121
vt -0.0489811 12.7583
v 18131.8 300 742.121
vt -0.0493701 12.7645
v 18121.6 300 779.108
vt -0.0375824 12.7652
v 18121.6 320 779.108
vt -0.0379714 12.7714
v 18111.3 320 816.094
vt -0.0261837 12.7721
v 18111 320 817.121
vt -0.0258564 12.7721
v 18111 340 817.121
vt -0.0262453 12.7783
v 18100.7 340 854.108
vt -0.0144577 12.779
v 18100.7 360 854.108
vt -0.0148466 12.7852
v 18090.5 360 891.094
vt -0.00305894 12.7859
v 18090.2 360 892.121
vt -0.00273163 12.7859
v 18090.2 380 892.121
vt -0.00312058 12.7921
v 18079.9 380 929.108
vt 0.00866709 12.7928
v 18079.9 400 929.108
vt 0.00827814 12.799
v 18069.6 400 966.094
vt 0.0200658 12.7997
v 18069.3 400 967.121
vt 0.0203931 12.7997
v 18069.3 420 967.121
vt 0.0200042 12.8059
v 18058.9 420 1004.62
vt 0.0319555 12.8066
v 18058.9 440 1004.62
vt 0.0315666 12.8128
v 18048.8 440 1041.09
vt 0.0431906 12.8135
v 18048.5 440 1042.12
vt 0.0435179 12.8135
v 18048.5 460 1042.12
vt 0.0431289 12.8197
v 18038.1 460 1079.62
vt 0.0550803 12.8204
v 18038.1 480 1079.62
vt 0.0546913 12.8266
v 18028 480 1116.09
vt 0.0663153 12.8273
v 18027.7 480 1117.12
vt 0.0666426 12.8273
v 18027.7 500 1117.12
vt 0.0662537 12.8335
v 18017.3 500 1154.62
vt 0.078205 12.8342
v 18017.3 520 1154.62
vt 0.0778161 12.8404
v 18007.1 520 1191.09
vt 0.0894401 12.8411
v 18006.8 520 1192.12
vt 0.0897674 12.8411
vt 0.101808 12.8419
f 237/314/102 239/507/102 333/510/102 337/516/102 338/517/102 339/518/102 340/519/102 341/520/102 342/521/102 343/522/102 344/523/102 345/524/102 346/525/102 347/526/102 348/527/102 349/528/102 350/529/102 351/530/102 352/531/102 353/532/102 354/533/102 355/534/102 356/535/102 357/536/102 358/537/102 359/538/102 360/539/102 361/540/102 362/541/102 363/542/102 364/543/102 365/544/102 366/545/102 367/546/102 368/547/102 369/548/102 370/549/102 371/550/102 372/551/102 373/552/102 374/553/102 375/554/102 376/555/102 377/556/102 378/557/102 379/558/102 380/559/102 381/560/102 382/561/102 383/562/102 384/563/102 385/564/102 386/565/102 387/566/102 388/567/102 389/568/102 390/569/102 391/570/102 392/571/102 393/572/102 394/573/102 395/574/102 396/575/102 397/576/102 398/577/102 399/578/102 400/579/102 401/580/102 402/581/102 403/582/102 404/583/102 405/584/102 406/585/102 407/586/102 319/587/102 243/322/102 

vn -1.90061e-15 -2.81997e-17 -1
v 17732.1 20 -7.87891
vt 4.96014 -2.31342
vt 5.0215 -2.49016
f 333/498/103 336/506/103 408/588/103 337/589/103 

vn 1.2663e-16 -3.38396e-16 -1
v 15468.9 20 -7.87891
vt 4.73173 -1.65556
v 15468.9 40 -7.87891
vt 4.72592 -1.65758
v 17732.1 40 -7.87891
vt 4.95432 -2.31544
f 335/505/104 409/590/104 410/591/104 411/592/104 408/588/104 336/506/104 

vt 1.60725 7.33638
vn 9.51739e-16 -2.17846e-16 -1
vt 1.66861 7.15965
v 14860.9 20 -7.87891
vt 1.67443 7.16167
vt 1.61307 7.3384
f 335/593/105 334/594/105 412/595/105 409/596/105 

v 14871.3 40 29.6211
vt 0.114144 11.6256
vn 0.963524 2.92903e-14 -0.267621
v 14871.3 20 29.6211
vt 0.119958 11.6276
vt 0.11603 11.6389
vt 0.121843 11.6409
vt 0.0881293 11.2108
v 15204.7 520 1229.9
vt 0.100338 11.215
v 15183.8 520 1154.62
vt 0.0924528 11.2377
v 15183.8 500 1154.62
vt 0.0982663 11.2398
v 15173.4 500 1117.12
vt 0.0943386 11.2511
v 15173.4 480 1117.12
vt 0.100152 11.2531
v 15162.9 480 1079.62
vt 0.0962243 11.2644
v 15162.9 460 1079.62
vt 0.102038 11.2664
v 15152.5 460 1042.12
vt 0.09811 11.2777
v 15152.5 440 1042.12
vt 0.103923 11.2797
v 15142.1 440 1004.62
vt 0.0999957 11.2911
v 15142.1 420 1004.62
vt 0.105809 11.2931
v 15131.7 420 967.121
vt 0.101881 11.3044
v 15131.7 400 967.121
vt 0.107695 11.3064
v 15121.3 400 929.621
vt 0.103767 11.3177
v 15121.3 380 929.621
vt 0.109581 11.3197
v 15110.9 380 892.121
vt 0.105653 11.3311
v 15110.9 360 892.121
vt 0.111466 11.3331
v 15100.5 360 854.621
vt 0.107539 11.3444
v 15100.5 340 854.621
vt 0.113352 11.3464
v 15090 340 817.121
vt 0.109424 11.3577
v 15090 320 817.121
vt 0.115238 11.3597
v 15079.6 320 779.621
vt 0.11131 11.371
v 15079.6 300 779.621
vt 0.117124 11.3731
v 15069.2 300 742.121
vt 0.113196 11.3844
v 15069.2 280 742.121
vt 0.119009 11.3864
v 14996.3 280 479.621
vt 0.0915154 11.4656
v 14996.3 260 479.621
vt 0.0973288 11.4676
v 14985.9 260 442.121
vt 0.0934011 11.4789
v 14985.9 240 442.121
vt 0.0992145 11.4809
v 14975.5 240 404.621
vt 0.0952868 11.4923
v 14975.5 220 404.621
vt 0.1011 11.4943
v 14965 220 367.121
vt 0.0971725 11.5056
v 14965 200 367.121
vt 0.102986 11.5076
v 14954.6 200 329.621
vt 0.0990583 11.5189
v 14954.6 180 329.621
vt 0.104872 11.5209
v 14944.2 180 292.121
vt 0.100944 11.5322
v 14944.2 160 292.121
vt 0.106757 11.5343
v 14943.9 160 290.924
vt 0.106632 11.5346
v 14933.8 160 254.621
vt 0.10283 11.5456
v 14933.8 140.2 254.621
vt 0.108585 11.5476
v 14923.4 140.2 217.121
vt 0.104657 11.5589
v 14923.4 120 217.121
vt 0.110529 11.5609
v 14922.5 120 214.059
vt 0.110208 11.5618
v 14913 120 179.621
vt 0.106601 11.5722
v 14913 100 179.621
vt 0.112415 11.5743
v 14902.6 100 142.121
vt 0.108487 11.5856
v 14902.6 80 142.121
vt 0.1143 11.5876
v 14901.2 80 137.194
vt 0.113784 11.5891
v 14892.1 80 104.621
vt 0.110373 11.5989
v 14892.1 60 104.621
vt 0.116186 11.6009
v 14881.7 60 67.1211
vt 0.112258 11.6122
v 14881.7 40 67.1211
vt 0.118072 11.6142
v 14880.6 40 63.0186
vt 0.117642 11.6155
f 413/597/106 414/598/106 412/599/106 334/600/106 56/107/106 53/99/106 60/601/106 415/602/106 416/603/106 417/604/106 418/605/106 419/606/106 420/607/106 421/608/106 422/609/106 423/610/106 424/611/106 425/612/106 426/613/106 427/614/106 428/615/106 429/616/106 430/617/106 431/618/106 432/619/106 433/620/106 434/621/106 435/622/106 436/623/106 437/624/106 438/625/106 439/626/106 440/627/106 441/628/106 442/629/106 443/630/106 444/631/106 445/632/106 446/633/106 447/634/106 448/635/106 449/636/106 450/637/106 451/638/106 452/639/106 453/640/106 454/641/106 455/642/106 456/643/106 457/644/106 458/645/106 459/646/106 460/647/106 461/648/106 462/649/106 463/650/106 464/651/106 465/652/106 466/653/106 467/654/106 

vt 1.68428 7.16848
vn 9.36238e-16 -6.76792e-16 -1
vt 1.69009 7.1705
v 15468.9 40 29.6211
vt 1.62978 7.3442
v 15468.9 20 29.6211
vt 1.62397 7.34218
f 414/655/107 413/656/107 468/657/107 469/658/107 

vt 4.64486 -1.49448
vn 6.2945e-17 1 -2.05603e-15
v 15468.9 40 67.1211
vt 4.70412 -1.66515
vt 4.71502 -1.66137
vt 4.65471 -1.48767
vt 4.64594 -1.49373
f 466/659/108 470/660/108 468/661/108 413/662/108 467/663/108 

vt 3.15805 2.8583
vn 2.28222e-15 -2.25597e-16 -1
vt 3.0988 3.02897
vt 3.09298 3.02695
v 15468.9 60 67.1211
vt 3.15224 2.85628
f 470/664/109 466/665/109 465/666/109 471/667/109 

v 14881.7 21.7675 67.1211
vt 0.416292 10.7007
vn -0.963524 5.62957e-13 0.267621
v 14892.1 31.5248 104.621
vt 0.423056 10.6903
v 14892.1 40 104.621
vt 0.42552 10.6912
vt 0.431333 10.6932
vt 0.427405 10.7045
vt 0.421592 10.7025
f 472/668/110 473/669/110 474/670/110 464/671/110 465/672/110 466/673/110 

v 14901.2 40 137.194
vt 4.6781 -1.48928
vn -0.963524 1.79485e-16 0.267621
vt 4.66772 -1.48994
vt 4.66788 -1.49254
f 475/674/111 474/675/111 473/676/111

v 15610.5 40 104.621
vt 2.82494 3.81774
vn -2.69913e-18 -1 3.09488e-16
v 15613.8 40 142.121
vt 2.83618 3.82056
v 14902.6 40 142.121
vt 2.7644 4.0273
vt 2.76283 4.0272
vt 2.75245 4.02654
v 15468.9 40 104.621
vt 2.81065 3.8589
f 476/677/112 477/678/112 478/679/112 475/680/112 474/681/112 479/682/112 

vt 2.74904 4.03637
vn -0.963524 1.51738e-13 0.267621
vt 2.74852 4.03786
v 14902.6 41.2821 142.121
vt 2.74815 4.03773
f 475/683/113 478/684/113 480/685/113

vt 0.428931 10.6814
vn -0.963524 1.46558e-13 0.267621
vt 0.417304 10.6773
vt 0.418193 10.676
vt 0.429447 10.6799
f 462/686/114 475/687/114 480/688/114 461/689/114 

vn -0.963524 8.3572e-18 0.267621
vt 0.419706 10.6892
vt 0.413893 10.6872
f 475/687/115 462/686/115 463/670/115 464/690/115 474/691/115 

vt 1.71382 7.18892
vn -1.72613e-16 1 4.15168e-15
v 15468.9 80 142.121
vt 1.65667 7.35354
v 15468.9 80 104.621
vt 1.64577 7.34975
vt 1.70397 7.1821
vt 1.71253 7.18802
f 461/692/116 481/693/116 482/694/116 463/695/116 462/696/116 

vt 1.71964 7.19094
vn 1.2269e-15 6.76792e-15 -1
v 15468.9 100 142.121
vt 1.66248 7.35555
f 460/697/117 483/698/117 481/693/117 461/692/117 

vt 0.427562 10.6665
vn -2.26019e-16 1 1.47521e-15
v 15468.9 100 179.621
vt 0.598272 10.6774
vt 0.597543 10.6889
vt 0.423634 10.6779
f 459/699/118 484/700/118 483/701/118 460/702/118 

vt 3.06734 3.04451
vn 1.03887e-15 1.80478e-15 -1
v 15468.9 120 179.621
vt 3.12345 2.88292
vt 3.12926 2.88494
vt 3.07316 3.04653
f 458/703/119 485/704/119 484/705/119 459/706/119 

vt 0.437303 10.6573
vn 9.95711e-17 1 -4.71156e-16
v 15468.9 120 217.121
vt 0.604815 10.6679
vt 0.604086 10.6794
vt 0.433375 10.6686
vt 0.436982 10.6582
f 456/707/120 486/708/120 485/709/120 458/710/120 457/711/120 

vt 4.64174 -1.50913
vn 1.22413e-15 6.25418e-15 -1
v 15468.9 140.2 217.121
vt 4.6968 -1.66769
vt 4.70267 -1.66566
vt 4.64762 -1.50709
f 455/712/121 487/713/121 486/714/121 456/715/121 

vt 4.6319 -1.51594
vn 1.65392e-17 1 2.3834e-16
v 15468.9 140.2 254.621
vt 4.6859 -1.67148
f 454/716/122 488/717/122 487/713/122 455/712/122 

vt 3.05025 3.05622
vn 1.51778e-15 1.36726e-14 -1
v 15468.9 160 254.621
vt 3.10425 2.90069
vt 3.11 2.90269
vt 3.056 3.05822
f 453/718/123 489/719/123 488/720/123 454/721/123 

vt 3.0404 3.04941
vn 4.60518e-16 1 -2.76648e-16
v 15468.9 160 292.121
vt 3.09335 2.8969
vt 3.04071 3.04963
f 451/722/124 490/723/124 489/719/124 453/718/124 452/724/124 

vt 4.63228 -1.5192
vn 1.27273e-15 6.31672e-15 -1
v 15468.9 180 292.121
vt 4.68523 -1.67171
vt 4.69104 -1.66969
vt 4.63809 -1.51718
f 450/725/125 491/726/125 490/727/125 451/728/125 

vt 0.361884 10.593
vn -3.57843e-17 1 -4.76305e-16
v 15468.9 180 329.621
vt 0.519801 10.603
vt 0.519072 10.6146
vt 0.357957 10.6044
f 449/729/126 492/730/126 491/731/126 450/732/126 

vt 3.03316 3.06793
vn 9.82653e-16 -5.54978e-31 -1
v 15468.9 200 329.621
vt 3.08505 2.91845
vt 3.09087 2.92047
vt 3.03897 3.06995
f 448/733/127 493/734/127 492/735/127 449/736/127 

vt 4.62857 -1.52728
vn 1.05988e-16 1 4.66555e-16
v 15468.9 200 367.121
vt 4.67941 -1.67373
vt 4.69031 -1.66994
vt 4.63842 -1.52046
f 447/737/128 494/738/128 493/739/128 448/740/128 

vt 4.62275 -1.52929
vn 1.21789e-15 5.41434e-15 -1
v 15468.9 220 367.121
vt 4.6736 -1.67575
f 446/741/129 495/742/129 494/738/129 447/737/129 

vt 4.6129 -1.53611
vn 5.42478e-16 1 -5.56612e-16
v 15468.9 220 404.621
vt 4.6627 -1.67953
f 445/743/130 496/744/130 495/742/130 446/741/130 

vt 3.01606 3.07964
vn 1.02414e-15 -4.93323e-31 -1
v 15468.9 240 404.621
vt 3.06586 2.93621
vt 3.07167 2.93823
vt 3.02188 3.08166
f 444/745/131 497/746/131 496/747/131 445/748/131 

vt 0.391108 10.5652
vn 6.64534e-16 1 -1.05484e-15
v 15468.9 240 442.121
vt 0.53943 10.5746
vt 0.5387 10.5861
vt 0.38718 10.5765
f 443/749/132 498/750/132 497/751/132 444/752/132 

vt 4.61323 -1.53939
vn 1.27041e-15 5.41434e-15 -1
v 15468.9 260 442.121
vt 4.66197 -1.67978
vt 4.66779 -1.67777
vt 4.61904 -1.53737
f 442/753/133 499/754/133 498/755/133 443/756/133 

vt 4.60338 -1.5462
vn 3.42793e-16 1 -3.41653e-15
v 15468.9 260 479.621
vt 4.65107 -1.68357
f 441/757/134 500/758/134 499/754/134 442/753/134 

vt 2.99897 3.09135
vn 3.81886e-16 1.26334e-14 -1
v 15468.9 280 479.621
vt 3.04666 2.95398
vt 3.05248 2.956
vt 3.00478 3.09337
f 440/759/135 501/760/135 500/761/135 441/762/135 

vt 2.00533 5.81259
vn 4.09045e-17 1 -7.02831e-16
vt 2.12196 5.7229
vt 2.07427 5.86027
f 439/763/136 501/764/136 440/765/136

v 15469.2 280 742.121
vt 2.04569 5.69632
f 501/764/136 439/763/136 502/766/136

vt 3.98376 0.254894
vn -4.45663e-31 -4.9387e-15 -1
vt 3.94339 0.371162
vt 3.93758 0.369144
v 15469.2 300 742.121
vt 3.97794 0.252875
f 502/767/137 439/768/137 438/769/137 503/770/137 

v 14944.2 80.3115 292.121
vt 0.32898 10.5943
vn -0.963524 1.16874e-14 0.267621
v 15162.9 285.215 1079.62
vt 0.471022 10.3774
vt 0.521827 10.395
vt 0.517899 10.4064
vt 0.512085 10.4043
vt 0.508158 10.4156
vt 0.502344 10.4136
vt 0.498417 10.4249
vt 0.492603 10.4229
vt 0.488675 10.4342
vt 0.482862 10.4322
vt 0.478934 10.4435
vt 0.473121 10.4415
vt 0.469193 10.4528
vt 0.46338 10.4508
vt 0.459452 10.4621
vt 0.453639 10.4601
vt 0.449711 10.4714
vt 0.443897 10.4694
vt 0.43997 10.4807
vt 0.434156 10.4787
vt 0.406662 10.5579
vt 0.400849 10.5559
vt 0.396921 10.5672
vt 0.381367 10.5745
vt 0.377439 10.5858
vt 0.371626 10.5837
vt 0.367698 10.5951
vt 0.352143 10.6023
v 14944.2 100 292.121
vt 0.334703 10.5963
f 504/771/138 505/772/138 421/773/138 422/774/138 423/775/138 424/776/138 425/777/138 426/778/138 427/779/138 428/780/138 429/781/138 430/782/138 431/783/138 432/784/138 433/785/138 434/786/138 435/787/138 436/788/138 437/789/138 438/790/138 439/791/138 440/792/138 441/793/138 442/794/138 443/749/138 444/752/138 445/795/138 446/796/138 447/797/138 448/798/138 449/729/138 450/732/138 451/799/138 506/800/138 

vt 0.354753 10.337
vn -0.963524 1.0696e-15 0.267621
v 15173.4 294.973 1117.12
vt 0.361517 10.3267
v 15173.4 300 1117.12
vt 0.362978 10.3272
v 15173.4 320 1117.12
vt 0.368792 10.3292
vt 0.415299 10.3454
vt 0.411371 10.3567
vt 0.405558 10.3547
f 505/801/139 507/802/139 508/803/139 509/804/139 419/805/139 420/806/139 421/807/139 

vt 0.34989 10.3227
vn -0.963524 1.48771e-15 0.267621
v 15183.8 304.73 1154.62
vt 0.356654 10.3123
vt 0.413413 10.332
vt 0.409486 10.3434
vt 0.403672 10.3413
vt 0.357165 10.3252
vt 0.351351 10.3232
f 507/808/140 510/809/140 417/810/140 418/811/140 419/812/140 509/813/140 508/814/140 

vt 4.56344 -1.62113
vn 6.57852e-16 1 1.61705e-15
v 15740.9 500 1154.62
vt 4.61967 -1.78308
v 15716.2 500 1117.12
vt 4.62807 -1.77212
vt 4.57329 -1.61432
f 417/815/141 511/816/141 512/817/141 418/818/141 

vt 4.55763 -1.62315
v 15740.9 520 1154.62
vt 4.61385 -1.7851
f 416/819/3 513/820/3 511/816/3 417/815/3 

v 15716.2 520 1117.12
vt 0.46097 10.3874
vn -2.10173e-16 1 2.42651e-15
vt 0.452563 10.3764
vt 0.396335 10.5384
vt 0.376563 10.5247
v 15278.6 520 1342.12
vt 0.351405 10.4919
v 15864.5 520 1342.12
vt 0.410527 10.3216
v 17336.9 520 1342.12
vt 0.559121 9.89361
vt 0.618214 9.7234
vt 0.645 9.71661
vt 0.658294 9.71324
vt 0.670334 9.714
vt 0.670662 9.71403
vt 0.682286 9.71476
v 17460.4 520 1154.62
vt 0.626087 9.87663
v 17485.1 520 1117.12
vt 0.63948 9.87323
v 16915.5 520 1117.12
vt 0.582 10.0388
v 16816.7 520 1267.12
vt 0.528427 10.0524
v 16384.3 520 1267.12
vt 0.484793 10.1781
v 16285.5 520 1117.12
vt 0.518421 10.2219
f 514/821/142 513/822/142 416/823/142 415/824/142 515/825/142 516/826/142 517/827/142 318/828/142 320/829/142 319/830/142 407/831/142 406/832/142 405/833/142 518/834/142 519/835/142 520/836/142 521/837/142 522/838/142 523/839/142 

vn -0.835086 2.2346e-17 0.55012
vt 4.61839 -1.79815
vt 4.6242 -1.79614
f 513/820/143 514/840/143 512/841/143 511/816/143 

v 15716.2 480 1117.12
vt 2.12775 5.41306
vn 9.21758e-16 1.20319e-14 -1
vt 2.12194 5.41105
vt 2.11612 5.40903
vt 2.17357 5.24355
v 16285.5 480 1117.12
vt 2.1852 5.24759
f 524/842/144 512/843/144 514/844/144 523/845/144 525/846/144 

vn 2.65957e-15 -8.91519e-31 -1
vt 2.07296 5.57086
vt 2.06715 5.56885
f 524/842/145 419/847/145 418/848/145 512/843/145 

vt 4.5464 -1.62365
vn 5.38912e-16 1 -6.02764e-15
vt 4.60119 -1.78145
v 15691.5 480 1079.62
vt 4.60959 -1.77049
vt 4.55625 -1.61684
f 419/849/146 524/850/146 526/851/146 420/852/146 

vn 6.1982e-16 1 -4.68607e-15
vt 4.65864 -1.94693
v 16236.1 480 1042.12
vt 4.67545 -1.925
v 15666.8 480 1042.12
vt 4.618 -1.75952
f 526/851/147 524/850/147 525/853/147 527/854/147 528/855/147 

v 16384.3 440 1267.12
vt 2.21496 5.19942
vn 0.835086 -1.54358e-16 -0.55012
v 16334.9 440 1192.12
vt 2.20589 5.22552
v 16334.9 400 1192.12
vt 2.21752 5.22956
v 16285.5 400 1117.12
vt 2.20845 5.25566
v 16285.5 360 1117.12
vt 2.22008 5.2597
v 16137.3 360 892.121
vt 2.19289 5.33802
v 16137.3 400 892.121
vt 2.18126 5.33398
v 16186.7 400 967.121
vt 2.19033 5.30788
v 16186.7 440 967.121
vt 2.1787 5.30384
v 16236.1 440 1042.12
vt 2.18776 5.27773
vt 2.17614 5.2737
vt 2.1917 5.19134
f 529/856/148 530/857/148 531/858/148 532/859/148 533/860/148 534/861/148 535/862/148 536/863/148 537/864/148 538/865/148 527/866/148 525/846/148 523/845/148 522/867/148 

v 16866.1 440 1192.12
vt 2.28538 5.06695
vn 1.33077e-16 1 3.85019e-15
vt 2.23177 5.22135
v 16816.7 440 1267.12
vt 2.25859 5.07374
f 539/868/149 530/869/149 529/856/149 540/870/149 

v 16866.1 400 1192.12
vt 2.27112 5.07516
vn -8.15433e-16 3.85019e-15 -1
vt 2.2595 5.07112
f 541/871/150 531/858/150 530/857/150 539/872/150 

vt 2.20795 5.18676
vn 2.67903e-16 1 -1.9251e-15
vt 2.26156 5.03236
v 16915.5 400 1117.12
vt 2.28834 5.02556
vt 2.22476 5.20869
f 531/873/151 541/874/151 542/875/151 532/876/151 

vt 2.25346 5.01345
vn -0.835086 -1.36967e-14 -0.55012
v 16915.5 480 1117.12
vt 2.26509 5.01749
v 16964.9 480 1042.12
vt 2.27415 4.99138
v 16964.9 440 1042.12
vt 2.28578 4.99542
v 17014.3 440 967.121
vt 2.29484 4.96932
v 17014.3 400 967.121
vt 2.30647 4.97335
v 17063.7 400 892.121
vt 2.31553 4.94725
v 17063.7 360 892.121
vt 2.32716 4.95128
v 16915.5 360 1117.12
vt 2.29997 5.0296
vt 2.27928 5.05167
vt 2.26765 5.04763
vt 2.23534 5.06566
f 520/877/152 543/878/152 544/879/152 545/880/152 546/881/152 547/882/152 548/883/152 549/884/152 550/885/152 542/875/152 541/886/152 539/887/152 540/870/152 521/888/152 

vn -2.62627e-15 1.84166e-14 -1
vt 2.31094 4.8479
v 17485.1 500 1117.12
vt 2.31676 4.84991
v 17485.1 480 1117.12
vt 2.32257 4.85193
f 520/877/153 519/889/153 551/890/153 552/891/153 543/878/153 

vt 2.14873 5.31512
vn 0.835086 -7.90621e-15 0.55012
vt 2.15326 5.30207
v 17460.4 500 1154.62
vt 2.15907 5.30409
vt 2.15454 5.31714
f 519/892/154 518/893/154 553/894/154 551/895/154 

vt 2.21527 5.14222
vn -6.22253e-15 -1.55856e-30 -1
vt 2.20946 5.1402
f 404/896/155 553/894/155 518/893/155 405/897/155 

vn 9.17384e-16 1 2.35467e-15
vt 2.30336 4.85331
vt 2.35956 4.69144
vt 2.37151 4.6922
f 551/890/156 553/898/156 404/899/156 403/900/156 

v 18027.7 320 1117.12
vt 2.27152 5.14907
vn -0.963524 -1.47992e-15 -0.267621
v 18017.3 320 1154.62
vt 2.26759 5.16038
vt 2.2192 5.13091
vt 2.22501 5.13292
f 554/901/157 555/902/157 404/896/157 403/903/157 402/904/157 

vn -0.963524 -5.40697e-15 -0.267621
v 18007.1 320 1191.09
vt 2.26377 5.17139
v 18007.1 340 1191.09
vt 2.25796 5.16937
vt 2.20564 5.1512
f 555/902/158 556/905/158 557/906/158 406/907/158 405/897/158 404/896/158 

vt 3.45395 1.74335
vn 0.963524 0 0.267621
vt 3.44814 1.74133
v 18006.8 340 1192.12
vt 3.44825 1.74102
v 18006.8 320 1192.12
vt 3.45406 1.74304
f 556/908/159 557/909/159 558/910/159 559/911/159 

vn -0.963524 -5.58128e-15 -0.267621
vt 2.25785 5.16968
vt 2.20553 5.15151
f 557/906/160 558/912/160 407/913/160 406/907/160 

vn -0.963524 -2.89769e-15 -0.267621
v 17996.4 340 1229.9
vt 2.25389 5.18108
vt 2.20157 5.16291
f 558/912/161 560/914/161 319/915/161 407/913/161 

vt 2.37733 4.69422
vn 4.52369e-15 -1.55781e-15 -1
f 402/916/162 552/891/162 551/890/162 403/900/162 

vt 2.37765 4.69424
vn 1.00877e-15 1 5.01521e-15
vt 2.38928 4.69497
v 17509.8 480 1079.62
vt 2.33596 4.84854
f 401/917/163 400/918/163 561/919/163 552/891/163 402/916/163 

v 18038.1 300 1079.62
vt 2.25156 5.22533
vn -0.963524 1.51785e-15 -0.267621
v 18028 300 1116.09
vt 2.24774 5.23634
v 18028 320 1116.09
vt 2.24192 5.23432
vt 2.19542 5.21817
vt 2.19924 5.20717
vt 2.20505 5.20919
f 562/920/164 563/921/164 564/922/164 401/923/164 400/924/164 399/925/164 

vt 3.46762 1.72274
vn 0.963524 9.16294e-21 0.267621
vt 3.46181 1.72072
vt 3.46192 1.72041
v 18027.7 300 1117.12
vt 3.46773 1.72243
f 563/926/165 564/927/165 554/928/165 565/929/165 

vt 2.70507 3.90034
vn -0.963524 1.69051e-15 -0.267621
vt 2.70517 3.90003
vt 2.75168 3.91618
vt 2.75157 3.91649
f 564/930/166 554/931/166 402/932/166 401/933/166 

vt 2.21495 5.18067
v 17509.8 460 1079.62
vt 2.16164 5.33423
vt 2.15582 5.33221
vt 2.20914 5.17865
f 399/934/3 566/935/3 561/936/3 400/937/3 

v 17534.5 460 1042.12
vt 2.33745 4.82784
vn 6.90577e-16 1 1.18739e-14
vt 2.32405 4.83124
vt 2.37737 4.67768
vt 2.38932 4.67844
f 567/938/167 566/939/167 399/940/167 398/941/167 

v 17534.5 480 1042.12
vt 2.15129 5.34526
vn 0.835086 9.04541e-14 0.55012
vt 2.1571 5.34728
f 568/942/168 561/936/168 566/935/168 567/943/168 

vn 8.5082e-16 1 -1.57239e-15
vt 2.34936 4.84514
vt 2.29188 5.0107
f 543/878/169 552/891/169 561/919/169 568/944/169 544/945/169 

vn 1.44006e-15 1.07427e-14 -1
vt 2.33163 4.82583
v 17534.5 440 1042.12
vt 2.34326 4.82986
f 544/879/170 568/946/170 567/938/170 569/947/170 545/880/170 

vt 2.39513 4.68045
vn -1.12357e-15 1.18739e-14 -1
f 397/948/171 569/947/171 567/938/171 398/941/171 

vt 2.39546 4.68048
vn 6.18186e-16 1 8.55207e-15
vt 2.40708 4.68121
v 17559.2 440 1004.62
vt 2.35665 4.82647
f 396/949/172 395/950/172 570/951/172 569/947/172 397/948/172 

v 18058.9 280 1004.62
vt 2.69716 3.96063
vn -0.963524 -3.54559e-17 -0.267621
v 18048.8 280 1041.09
vt 2.69334 3.97163
v 18048.8 300 1041.09
vt 2.68753 3.96961
vt 2.64684 3.95549
vt 2.65066 3.94448
vt 2.65647 3.9465
f 571/952/173 572/953/173 573/954/173 396/955/173 395/956/173 394/957/173 

vt 3.48129 1.70213
vn 0.963524 -1.93218e-15 0.267621
vt 3.47548 1.70011
v 18048.5 300 1042.12
vt 3.47559 1.6998
v 18048.5 280 1042.12
vt 3.4814 1.70182
f 572/958/174 573/959/174 574/960/174 575/961/174 

vt 2.25559 5.21371
vn -0.963524 5.52135e-16 -0.267621
vt 2.25548 5.21402
vt 2.21479 5.19989
vt 2.2149 5.19958
f 573/962/175 574/963/175 397/964/175 396/965/175 

vn -0.963524 6.40728e-16 -0.267621
vt 2.20898 5.19787
f 574/963/176 562/920/176 399/925/176 398/966/176 397/964/176 

vt 2.21463 5.21912
v 17559.2 420 1004.62
vt 2.1642 5.36437
vt 2.15839 5.36235
vt 2.20882 5.2171
f 394/967/3 576/968/3 570/969/3 395/970/3 

v 17583.9 420 967.121
vt 2.15967 5.37742
vn 4.25012e-18 1 7.70238e-15
vt 2.25776 5.48639
vt 2.25055 5.49596
f 577/971/177 576/968/177 394/972/177 393/973/177 

v 17583.9 440 967.121
vt 2.15385 5.37541
vn 0.835086 -2.18078e-14 0.55012
f 578/974/178 570/969/178 576/968/178 577/971/178 

vn 4.29445e-16 1 1.67195e-15
vt 2.37005 4.82307
vt 2.31257 4.98863
f 545/880/179 569/947/179 570/951/179 578/975/179 546/976/179 

vn 7.47171e-16 1.14084e-14 -1
vt 2.35232 4.80376
vt 2.35814 4.80578
v 17583.9 400 967.121
vt 2.36395 4.80779
f 546/881/180 578/977/180 577/978/180 579/979/180 547/882/180 

vt 2.41294 4.66669
vn -3.2717e-15 7.70238e-15 -1
vt 2.40713 4.66467
f 392/980/181 579/979/181 577/978/181 393/981/181 

vt 2.41327 4.66671
vn 5.98385e-16 1 -1.14805e-14
vt 2.42506 4.66746
v 17608.9 400 929.108
vt 2.37753 4.80435
f 391/982/182 390/983/182 580/984/182 579/979/182 392/980/182 

v 18090.2 260 892.121
vt 2.71454 3.92933
vn -0.963524 -7.24858e-15 -0.267621
v 18069.6 260 966.094
vt 2.7068 3.95164
vt 2.6661 3.93752
vt 2.66998 3.92636
vt 2.67579 3.92838
vt 2.67966 3.91722
vt 2.68548 3.91924
f 581/985/183 582/986/183 391/987/183 390/988/183 389/989/183 388/990/183 387/991/183 

v 18069.3 260 967.121
vt 3.49507 1.68121
vn 0.963524 2.88901e-15 0.267621
vt 3.49496 1.68152
vt 3.45427 1.6674
vt 3.45437 1.66709
v 18069.3 280 967.121
vt 3.48925 1.6792
f 583/992/184 582/993/184 391/994/184 392/995/184 584/996/184 

vt 2.70109 3.94932
vn -0.963524 -2.09374e-15 -0.267621
vt 2.6604 3.93519
vt 2.66621 3.93721
f 584/997/185 571/952/185 394/957/185 393/998/185 392/999/185 

vt 2.43083 4.63394
v 17608.9 380 929.108
vt 2.3833 4.77083
vt 2.37748 4.76881
vt 2.42501 4.63192
f 389/1000/3 585/1001/3 580/1002/3 390/1003/3 

v 17633.3 380 892.121
vt 3.42172 1.7799
vn 6.22318e-16 1 4.19505e-15
vt 3.40851 1.78325
vt 3.45604 1.64635
vt 3.46783 1.6471
f 586/1004/186 585/1005/186 389/1006/186 388/1007/186 

v 17633.3 400 892.121
vt 2.37301 4.78169
vn 0.835086 8.84868e-14 0.55012
vt 2.37883 4.78371
f 587/1008/187 580/1002/187 585/1001/187 586/1009/187 

vn 6.96361e-16 1 -3.4662e-15
vt 2.19984 4.83427
vt 2.20443 4.82104
vt 2.2089 4.80817
f 547/882/188 579/1010/188 580/1011/188 587/1012/188 548/883/188 

vn -1.54862e-15 8.42399e-15 -1
v 17633.3 360 892.121
vt 2.38464 4.78573
f 548/883/189 587/1008/189 586/1009/189 588/1013/189 549/884/189 

vt 3.42754 1.78191
vn -4.74046e-16 -2.70717e-15 -1
vt 3.47364 1.64912
f 588/1014/190 586/1004/190 388/1007/190 387/1015/190 

vt 3.48576 1.64988
vn 1.03561e-15 1 3.10415e-15
v 17658.4 360 854.108
vt 3.44111 1.77847
vt 3.47397 1.64914
f 385/1016/191 589/1017/191 588/1014/191 387/1015/191 386/1018/191 

vt 2.21391 5.29625
vn 6.52756e-16 -2.46118e-31 -1
v 17658.4 340 854.108
vt 2.16926 5.42483
vt 2.16345 5.42282
vt 2.20809 5.29423
f 384/1019/192 590/1020/192 589/1021/192 385/1022/192 

vt 3.48731 1.62851
vn 5.84279e-16 1 7.10498e-15
v 17682.7 340 817.121
vt 3.44409 1.753
vt 3.43088 1.75635
vt 3.47552 1.62776
f 383/1023/193 591/1024/193 590/1025/193 384/1026/193 

vt 3.49312 1.63053
vn -2.0227e-15 7.10498e-15 -1
v 17682.7 320 817.121
vt 3.4499 1.75502
f 382/1027/194 592/1028/194 591/1024/194 383/1023/194 

vn -8.01337e-16 -1 3.11838e-15
v 17707.8 320 779.108
vt 3.44138 1.7439
vt 3.48314 1.62362
vt 3.49285 1.63034
f 382/1027/195 592/1028/195 593/1029/195 380/1030/195 381/1031/195 

v 17038.1 320 817.121
vt 3.94228 0.278081
vn 1.07961e-16 1 -4.14195e-16
vt 3.8216 0.12069
vt 3.8262 0.107459
v 17732.1 320 742.121
vt 3.83067 0.0945854
v 17012.6 320 742.121
vt 3.96538 0.270289
v 16963.1 320 817.121
vt 3.95632 0.296395
f 594/1032/196 592/1033/196 593/1034/196 595/1035/196 596/1036/196 597/1037/196 

v 17038.1 360 817.121
vt 3.94886 0.280365
vn -9.31024e-16 -2.74834e-14 -1
v 17682.7 360 817.121
vt 4.01391 0.0930068
vt 4.01972 0.0950251
vt 4.02553 0.0970435
vt 3.96048 0.284402
f 598/1038/197 599/1039/197 591/1040/197 592/1041/197 594/1042/197 

v 15543.3 360 854.621
vt 3.96457 0.199942
vn 7.42719e-17 1 -1.36273e-15
v 15568 360 892.121
vt 3.95616 0.188977
vt 4.01361 0.0235034
vt 3.96317 -0.0422868
vt 4.02675 -0.22541
vt 4.1071 -0.245787
vt 4.16458 -0.411345
vt 4.17816 -0.414788
vt 4.19137 -0.418137
vt 4.12632 -0.230779
v 16889.9 360 1042.12
vt 4.04596 -0.210402
v 16311.1 360 1042.12
vt 3.98755 -0.0421571
v 16162.9 360 817.121
vt 4.03799 0.023633
v 15518.6 360 817.121
vt 3.97297 0.210907
f 600/1043/198 601/1044/198 534/1045/198 533/1046/198 550/1047/198 549/1048/198 588/1049/198 589/1050/198 599/1051/198 598/1052/198 602/1053/198 603/1054/198 604/1055/198 605/1056/198 

vt 2.08931 5.63637
vn -3.99682e-16 1 4.9999e-15
vt 2.13544 5.50349
vt 2.14385 5.51446
vt 2.09915 5.64318
f 431/1057/199 601/1058/199 600/1059/199 432/1060/199 

vn 1.10541e-15 9.02389e-16 -1
vt 2.08349 5.63435
v 15568 380 892.121
vt 2.12963 5.50147
f 431/1057/200 430/1061/200 606/1062/200 601/1058/200 

vt 2.07441 5.6605
vn -5.42875e-16 1 -2.63344e-15
v 15592.7 380 929.621
vt 2.12199 5.52347
vt 2.1304 5.53443
vt 2.08426 5.66732
f 429/1063/201 607/1064/201 606/1065/201 430/1066/201 

vn 1.07191e-15 -3.97051e-14 -1
vt 2.0686 5.65848
v 15592.7 400 929.621
vt 2.11618 5.52145
f 429/1063/202 428/1067/202 608/1068/202 607/1064/202 

vt 2.05875 5.65167
vn -1.44057e-16 1 -9.55803e-15
v 15617.4 400 967.121
vt 2.10777 5.51049
f 427/1069/203 609/1070/203 608/1068/203 428/1067/203 

vt 2.13288 5.47335
vn 1.189e-15 3.71305e-15 -1
vt 2.08386 5.61454
vt 2.07804 5.61252
v 15617.4 420 967.121
vt 2.12706 5.47133
f 609/1071/204 427/1072/204 426/1073/204 610/1074/204 

vn 2.9288e-16 1 3.71305e-15
v 15642.1 420 1004.62
vt 0.655887 10.4234
vt 0.647572 10.4344
f 425/777/205 611/1075/205 610/1076/205 426/778/205 

vt 4.58249 -1.60095
vn -8.66269e-16 6.79823e-31 -1
vt 4.57667 -1.60297
v 15642.1 440 1004.62
vt 4.62714 -1.74831
vt 4.63295 -1.74629
f 425/1077/206 424/1078/206 612/1079/206 611/1080/206 

vn 2.12472e-16 1 -1.06204e-15
v 15666.8 440 1042.12
vt 0.670016 10.4143
vt 0.661701 10.4254
f 423/775/207 613/1081/207 612/1082/207 424/776/207 

vt 4.62963 -1.75549
vn 1.12294e-15 -1.17468e-14 -1
vt 4.57773 -1.60599
vt 4.57191 -1.60801
v 15666.8 460 1042.12
vt 4.62382 -1.7575
f 613/1083/208 423/1084/208 422/1085/208 614/1086/208 

vt 4.77694 -1.78443
vn 4.17151e-16 1 -1.17459e-14
v 15691.5 460 1079.62
vt 4.61928 -1.74445
vt 4.77721 -1.7964
f 421/1087/209 615/1088/209 614/1086/209 422/1089/209 

vn -5.46293e-16 1.06331e-31 -1
vt 4.56594 -1.59081
vt 4.56013 -1.59282
vt 4.61347 -1.74647
f 615/1088/210 421/1090/210 420/1091/210 526/1092/210 

vn -0.835086 -9.7876e-14 0.55012
f 615/1088/211 526/1092/211 528/855/211 614/1086/211 

vt 4.68708 -1.92096
vn -5.7065e-15 4.8729e-14 -1
f 538/1093/212 613/1083/212 614/1086/212 528/855/212 527/854/212 

v 15617.4 440 967.121
vt 4.64644 -1.73356
vn -5.49515e-16 1 -2.04437e-15
vt 4.63804 -1.74452
vt 4.70389 -1.89903
f 616/1094/213 612/1095/213 613/1083/213 538/1093/213 537/1096/213 

vn -0.835086 3.48168e-28 0.55012
vt 4.63167 -1.76136
vt 4.63748 -1.75934
f 611/1080/214 612/1079/214 616/1097/214 610/1098/214 

vt 2.12125 5.46931
f 609/1071/3 610/1074/3 616/1099/3 537/864/3 536/863/3 

vn -2.53622e-16 1 -3.68312e-15
v 15568 400 892.121
vt 2.12381 5.49945
vt 2.11541 5.48849
vt 2.107 5.47752
vt 2.16445 5.31205
f 535/862/215 617/1100/215 608/1101/215 609/1102/215 536/1103/215 

vn 1.01449e-15 1.46756e-32 -1
f 601/1058/216 606/1062/216 617/1100/216 535/862/216 534/861/216 

vt 2.12071 5.5084
vn -0.835086 3.99738e-15 0.55012
vt 2.12652 5.51042
f 617/1104/217 606/1105/217 607/1064/217 608/1068/217 

vt 3.92956 0.354706
vn -4.8903e-16 -1.08287e-14 -1
vt 3.92375 0.352688
vt 3.96844 0.22396
v 15543.3 340 854.621
vt 3.97425 0.225978
f 433/1106/218 432/1107/218 600/1108/218 618/1109/218 

vn -0.835086 7.92498e-15 0.55012
v 15518.6 340 817.121
vt 3.97879 0.212926
f 605/1056/219 619/1110/219 618/1109/219 600/1108/219 

v 15518.6 320 817.121
vt 3.9846 0.214944
vn -1.05207e-15 5.35743e-15 -1
v 16162.9 320 817.121
vt 4.04962 0.0276698
v 15710 320 817.121
vt 4.00392 0.159311
f 620/1111/220 619/1110/220 605/1056/220 604/1055/220 621/1112/220 622/1113/220 

vn 2.02133e-15 2.58184e-15 -1
vt 3.94135 0.339519
vt 3.93554 0.3375
f 620/1111/221 435/1114/221 434/1115/221 619/1110/221 

vn -3.4105e-16 1 1.6523e-14
vt 0.585244 10.4684
v 15493.9 320 779.621
vt 0.576929 10.4795
f 435/787/222 620/1116/222 623/1117/222 436/788/222 

vt 3.95532 0.228927
vn -1.83418e-16 1 -3.73157e-15
vt 3.97463 0.173294
vt 4.02034 0.0416528
v 16311.1 320 1042.12
vt 3.96989 -0.0241374
v 16889.9 320 1042.12
vt 4.02831 -0.192382
vt 4.10867 -0.212759
vt 4.1011 -0.190959
v 16864.3 320 967.121
vt 4.04752 -0.177374
v 16336.7 320 967.121
vt 3.99428 -0.0240077
v 16188.5 320 742.121
vt 4.04472 0.0417825
v 15469.2 320 742.121
vt 3.97213 0.250857
vt 3.96372 0.239892
f 620/1118/223 622/1119/223 621/1120/223 624/1121/223 625/1122/223 594/1123/223 597/1124/223 626/1125/223 627/1126/223 628/1127/223 629/1128/223 623/1129/223 

vn 0.835086 -9.59109e-16 -0.55012
vt 4.06518 -0.0546836
vt 4.07681 -0.0506469
f 604/1055/224 603/1130/224 624/1131/224 621/1112/224 

vt 4.13522 -0.218892
vn 6.81476e-16 -9.02389e-15 -1
vt 4.1236 -0.222928
f 625/1132/225 624/1131/225 603/1130/225 602/1133/225 

vt 3.93329 0.362719
vn -0.835086 -6.3611e-17 -0.55012
vt 3.92167 0.358682
f 625/1134/226 602/1135/226 598/1038/226 594/1042/226 

v 16864.3 280 967.121
vt 3.94982 0.352643
vn -0.835086 0 -0.55012
vt 3.93819 0.348606
v 16963.1 280 817.121
vt 3.96795 0.300431
f 630/1136/227 626/1137/227 597/1037/227 631/1138/227 

vt 3.88495 0.501972
vn -3.95094e-31 -1.44382e-15 -1
v 16336.7 280 967.121
vt 3.89657 0.506009
f 627/1139/228 626/1137/228 630/1136/228 632/1140/228 

v 17062 280 667.121
vt 2.22823 5.24092
vt 2.06784 5.42145
vt 2.12109 5.26809
f 633/1141/136 632/1142/136 630/1143/136

v 16188.5 280 742.121
vt 2.11828 5.48724
f 633/1141/136 634/1144/136 632/1142/136

v 16139.1 280 667.121
vt 2.1351 5.50917
f 635/1145/136 634/1144/136 633/1141/136

v 16089.7 280 592.121
vt 2.15191 5.5311
f 636/1146/136 634/1144/136 635/1145/136

v 15666.9 280 742.121
vt 2.06564 5.63886
f 634/1144/136 636/1146/136 637/1147/136

f 636/1146/136 502/766/136 637/1147/136

v 15468.9 280 442.121
vt 2.13286 5.72668
f 638/1148/136 502/766/136 636/1146/136

f 501/764/136 502/766/136 638/1148/136

vt 3.05626 2.9451
vn -1 -2.21887e-28 -6.16031e-14
vt 3.05045 2.94308
f 499/1149/229 500/761/229 501/760/229 638/1150/229 

vn 7.75472e-17 1.20319e-15 -1
vt 4.65616 -1.6818
v 17732.1 280 442.121
vt 4.88456 -2.33966
v 17732.1 260 442.121
vt 4.89038 -2.33764
v 17732.1 240 442.121
vt 4.89619 -2.33562
f 499/754/230 638/1151/230 639/1152/230 640/1153/230 641/1154/230 498/755/230 

vt 2.36126 5.06883
f 638/1148/136 636/1146/136 639/1155/136

v 17111.4 280 592.121
vt 2.25502 5.23412
f 639/1155/136 636/1146/136 642/1156/136

vn -4.94607e-16 -5.51095e-16 -1
v 16089.7 320 592.121
vt 2.14028 5.52707
v 17111.4 320 592.121
vt 2.24339 5.23009
f 642/1156/231 636/1146/231 643/1157/231 644/1158/231 

vn -0.835086 -9.95977e-16 0.55012
vt 2.14285 5.55721
v 16139.1 320 667.121
vt 2.13122 5.55317
f 636/1146/232 635/1159/232 645/1160/232 643/1157/232 

v 17062 320 667.121
vt 2.25246 5.20398
vn 6.25788e-16 -3.60956e-15 1
vt 2.34559 4.93573
vt 2.35722 4.93976
vt 2.26408 5.20802
f 646/1161/233 645/1162/233 635/1163/233 633/1164/233 

vn -1.69026e-16 1 -2.39118e-15
vt 2.12347 5.50514
vt 2.21661 5.23688
f 643/1157/234 645/1165/234 646/1166/234 644/1158/234 

vn 0.835086 -9.19572e-18 0.55012
f 633/1164/235 642/1156/235 644/1158/235 646/1161/235 

v 17732.1 280 742.121
vt 2.27406 5.03855
f 633/1141/136 647/1167/136 642/1156/136

v 17012.6 280 742.121
vt 2.20145 5.24771
f 633/1141/136 648/1168/136 647/1167/136

vt 2.17466 5.2545
f 633/1141/136 631/1169/136 648/1168/136

f 633/1141/136 630/1143/136 631/1169/136

vn -0.835086 4.97628e-18 -0.55012
vt 3.97701 0.274326
f 597/1037/236 596/1036/236 648/1170/236 631/1138/236 

vn -1.18396e-15 1.60285e-15 -1
vt 4.038 0.0611313
vt 4.04963 0.065168
f 596/1036/237 595/1171/237 647/1172/237 648/1170/237 

f 642/1156/136 647/1167/136 639/1155/136

v 17732.1 280 479.621
vt 2.35036 5.06504
f 639/1155/136 647/1167/136 649/1173/136

vt 2.39806 4.92766
f 649/1173/136 647/1167/136 369/1174/136

v 17734 280 742.121
vt 2.27425 5.03801
f 369/1174/136 647/1167/136 650/1175/136

vn 0 -1 -1.51683e-11
v 17732.1 280 742.126
f 647/1167/238 650/1175/238 651/1167/238

vt 3.55294 1.49575
vn 0.00257947 -6.4684e-15 0.999997
vt 3.55276 1.49629
v 17734 300 742.121
vt 3.54694 1.49427
v 17732.1 300 742.126
vt 3.54713 1.49374
f 651/1176/239 650/1177/239 652/1178/239 653/1179/239 

vn 4.35468e-15 -6.46738e-15 1
vt 3.51261 1.61194
vt 3.50679 1.60992
f 650/1177/240 377/1180/240 378/1181/240 652/1178/240 

vn 1.81445e-16 1 5.03967e-17
vt 3.51228 1.61192
f 377/1180/241 376/1182/241 650/1177/241

v 18131.8 200 742.121
vt 3.53607 1.61939
vn 0.963524 6.64625e-15 0.267621
v 18132.1 200 741.094
vt 3.53597 1.6197
vt 3.51271 1.61163
vt 3.51282 1.61132
v 18131.8 220 742.121
vt 3.53026 1.61737
f 654/1183/242 655/1184/242 376/1185/242 377/1186/242 656/1187/242 

v 18152.7 200 667.121
vt 2.70842 4.00326
vn -0.963524 -2.64618e-15 -0.267621
vt 2.70067 4.02558
vt 2.67742 4.0175
vt 2.68517 3.99519
f 657/1188/243 655/1189/243 376/1190/243 375/1191/243 

vt 2.38611 4.92691
vt 2.31473 4.92239
vt 2.3383 4.92388
f 371/1192/136 376/1193/136 375/1194/136

f 371/1192/136 650/1175/136 376/1193/136

f 369/1174/136 650/1175/136 371/1192/136

vt 2.38644 4.92693
f 369/1174/136 371/1192/136 370/1195/136

v 18194.3 140 517.121
vt 3.57708 1.55757
v 18194.6 140 516.094
vt 3.57697 1.55788
vt 3.53628 1.54375
vt 3.53639 1.54344
v 18194.3 160 517.121
vt 3.57127 1.55555
f 658/1196/159 659/1197/159 370/1198/159 371/1199/159 660/1200/159 

v 18215.2 140 442.121
vt 2.70229 4.07719
vn -0.963524 7.06708e-18 -0.267621
vt 2.69454 4.09951
vt 2.65385 4.08538
vt 2.65767 4.07438
vt 2.66348 4.0764
vt 2.66741 4.06508
vt 2.67323 4.0671
f 661/1201/244 659/1202/244 370/1203/244 369/1204/244 368/1205/244 367/1206/244 366/1207/244 

vt 3.19698 2.53979
vn -1.14559e-15 1.80478e-15 -1
v 17732.1 260 479.621
vt 3.14928 2.67717
vt 3.14347 2.67515
vt 3.19116 2.53778
f 368/1208/245 662/1209/245 649/1210/245 369/1211/245 

vt 3.20893 2.54055
vn -1.12886e-16 1 4.65597e-16
vt 3.16018 2.68096
f 367/1212/246 640/1213/246 662/1209/246 368/1208/246 

vn -1.27034e-15 5.41434e-15 -1
vt -0.0950663 12.5996
vt -0.0892529 12.6016
vt -0.138 12.742
f 366/545/247 641/1214/247 640/1215/247 367/1216/247 

vn -7.40196e-17 1 -1.16309e-17
v 17732.1 240 404.108
vt -0.106116 12.5958
f 364/543/248 663/1217/248 641/1214/248 366/545/248 365/544/248 

vt -0.161742 12.7372
vn -1.24317e-15 5.41434e-15 -1
v 17732.1 220 404.108
vt -0.111929 12.5937
f 363/1218/249 664/1219/249 663/1217/249 364/543/249 

vt 4.95285 -2.48007
vn 7.45316e-19 1 9.76016e-16
v 17732.1 220 367.121
vt 4.902 -2.3336
vt 4.89125 -2.33734
vt 4.94106 -2.48081
f 362/1220/250 665/1221/250 664/1222/250 363/1223/250 

vt 4.95867 -2.47805
vn -1.21782e-15 5.41434e-15 -1
v 17732.1 200 367.121
vt 4.90782 -2.33159
f 361/1224/251 666/1225/251 665/1221/251 362/1220/251 

vt 4.97062 -2.47729
vn -3.04223e-17 1 5.46876e-16
v 17732.1 200 329.621
vt 4.91872 -2.3278
vt 4.95899 -2.47803
f 359/1226/252 667/1227/252 666/1225/252 361/1224/252 360/1228/252 

vn -1.19316e-15 5.41434e-15 -1
v 17732.1 180 329.621
vt -0.1266 12.5698
vt -0.120787 12.5718
vt -0.172688 12.7213
f 358/537/253 668/1229/253 667/1230/253 359/1231/253 

vn -1.03865e-16 1 4.6685e-16
v 17732.1 180 292.121
vt -0.1375 12.566
f 357/536/254 669/1232/254 668/1229/254 358/537/254 

vt -0.196266 12.7165
vn -2.71731e-15 1.35358e-14 -1
v 17732.1 160 292.121
vt -0.143314 12.564
f 356/1233/255 670/1234/255 669/1232/255 357/536/255 

vn -5.3865e-17 1 -7.69168e-16
v 17732.1 160 254.621
vt -0.148011 12.5561
vt -0.137111 12.5599
f 354/533/256 671/1235/256 670/1236/256 356/535/256 355/534/256 

vt -0.207828 12.7096
vn -1.24789e-15 6.31672e-15 -1
v 17732.1 140 254.621
vt -0.153825 12.5541
f 353/1237/257 672/1238/257 671/1235/257 354/533/257 

vn -6.64753e-17 1 -4.90506e-16
v 17732.1 140 217.121
vt -0.158523 12.5462
vt -0.147623 12.55
f 352/531/258 673/1239/258 672/1240/258 353/532/258 

vt -0.21939 12.7027
vn -1.22406e-15 6.31672e-15 -1
v 17732.1 120 217.121
vt -0.164336 12.5442
f 351/1241/259 674/1242/259 673/1239/259 352/531/259 

vt 3.61803 1.45839
vn -1.36472e-16 1 -1.54282e-15
v 17732.1 120 179.621
vt 3.56192 1.61999
vt 3.55102 1.61621
vt 3.60608 1.45764
vt 3.6064 1.45766
f 349/1243/260 675/1244/260 674/1245/260 351/1246/260 350/1247/260 

v 17732.1 100 179.621
vt 3.56774 1.62201
vn -9.73891e-16 2.50556e-31 -1
vt 3.62384 1.46041
f 676/1248/261 675/1244/261 349/1243/261 348/1249/261 

vt 3.16551 2.78052
vn 1 -8.3385e-31 6.16031e-14
v 17732.1 100 142.121
vt 3.16173 2.79142
v 17732.1 120 142.121
vt 3.15592 2.7894
vt 3.1597 2.7785
f 676/1250/262 677/1251/262 678/1252/262 675/1253/262 

vt -0.230499 12.6868
vn 8.1442e-17 1 -2.15442e-15
vt -0.173343 12.5222
vt -0.162443 12.526
vt -0.218548 12.6876
f 347/1254/263 677/1255/263 676/1256/263 348/1257/263 

vn -1.48177e-15 1.3987e-14 -1
v 17732.1 80 142.121
vt -0.179156 12.5202
f 346/525/264 679/1258/264 677/1255/264 347/1254/264 

vn 4.28183e-17 1 1.866e-15
v 17732.1 80 104.621
vt -0.190056 12.5164
f 344/523/265 680/1259/265 679/1258/265 346/525/265 345/524/265 

v 17732.1 60 104.621
vt -0.19587 12.5144
vn -9.70008e-16 -7.0522e-31 -1
vt -0.254078 12.682
f 681/1260/266 680/1259/266 344/523/266 343/1261/266 

vt 3.38443 2.18752
vn 1 -1.86226e-30 6.16031e-14
v 17732.1 60 67.1211
vt 3.38064 2.19842
v 17732.1 80 67.1211
vt 3.37483 2.1964
vt 3.37861 2.1855
f 681/1262/267 682/1263/267 683/1264/267 680/1265/267 

vt 3.64725 1.43051
vn -1.39953e-16 1 1.18375e-15
vt 3.58799 1.60119
vt 3.57709 1.59741
vt 3.6353 1.42975
f 342/1266/268 682/1267/268 681/1268/268 343/1269/268 

vt 3.65307 1.43253
vn -1.20637e-15 6.99352e-15 -1
v 17732.1 40 67.1211
vt 3.59381 1.60321
f 341/1270/269 684/1271/269 682/1267/269 342/1266/269 

vt 3.65705 1.42106
vn 5.32692e-16 1 -2.20217e-15
v 17732.1 40 29.1076
vt 3.59672 1.59481
vt 3.58567 1.59097
vt 3.64493 1.42029
vt 3.64526 1.42031
f 339/1272/270 685/1273/270 684/1274/270 341/1275/270 340/1276/270 

vn -4.60438e-16 -3.38396e-15 -1
vt 3.66286 1.42308
v 17732.1 20 29.1076
vt 3.60254 1.59683
f 685/1273/271 339/1272/271 338/1277/271 686/1278/271 

vt 2.68617 4.23622
vn -0.963524 -6.72813e-18 -0.267621
v 18319.6 20 66.0941
vt 2.68229 4.24737
vt 2.67648 4.24535
vt 2.68035 4.2342
f 338/1279/272 687/1280/272 340/1281/272 339/1282/272 

v 18319.3 20 67.1211
vt 3.65909 1.43393
vt 3.65899 1.43424
vt 3.65317 1.43222
vt 3.65328 1.43191
f 688/1283/159 687/1284/159 340/1285/159 341/1286/159 

vn 1.00932e-15 1 3.86084e-15
vt 4.94939 -2.31715
vt 5.00971 -2.4909
f 337/589/273 408/588/273 686/1287/273 338/1288/273 

vt 4.96387 -2.32417
vn 1 0 -0
vt 4.95806 -2.32619
f 686/1289/274 408/588/274 411/592/274 685/1290/274 

vn -1.64e-16 1 1.83906e-15
vt 4.93252 -2.32301
vt 4.94357 -2.31917
f 410/591/275 468/661/275 470/660/275 684/1291/275 685/1292/275 411/592/275 

vn -1 -9.37039e-29 -6.16031e-14
vt 1.62195 7.348
vt 1.61105 7.34421
f 469/658/276 468/1293/276 410/1294/276 409/596/276 

vn -1.7803e-17 1 -2.17846e-16
f 414/655/277 469/658/277 409/596/277 412/595/277 

vn -3.29606e-16 -3.38396e-16 -1
v 15468.9 80 67.1211
vt 3.14643 2.85426
vt 3.38645 2.20044
f 470/664/278 471/667/278 689/1295/278 683/1264/278 682/1263/278 684/1296/278 

vn -1 -3.47385e-29 -6.16031e-14
v 15468.9 60 104.621
vt 3.14845 2.86718
vt 3.14264 2.86516
f 689/1295/279 471/667/279 690/1297/279 482/1298/279 

vt 3.08313 3.02014
vn 1.00781e-16 1 -8.56226e-16
vt 3.14134 2.85249
f 464/1299/280 690/1300/280 471/667/280 465/666/280 

vn 9.54408e-16 -2.25597e-16 -1
vt 1.63996 7.34773
vt 1.69816 7.18009
f 463/695/281 482/694/281 690/1301/281 464/1302/281 

vn 9.70054e-16 -8.56226e-16 -1
vt 2.74663 4.02453
vt 2.80484 3.85688
f 479/682/282 474/681/282 464/1303/282 690/1304/282 

vt 3.13553 2.85048
vn 9.4861e-17 1 -2.03329e-16
vt 3.12463 2.84669
vt 3.35303 2.18883
vt 3.36393 2.19262
f 482/1305/283 481/1306/283 679/1307/283 680/1308/283 683/1264/283 689/1295/283 

vt 2.93333 3.44928
vn 1.08225e-15 3.00796e-15 -1
v 15468.9 120 142.121
vt 2.92751 3.44726
vt 3.16754 2.79344
vt 2.93914 3.4513
f 483/1309/284 691/1310/284 678/1252/284 677/1251/284 679/1311/284 481/1312/284 

vt 3.13304 2.87404
vn -1 2.51211e-28 -6.16031e-14
vt 3.12723 2.87202
f 483/1313/285 484/705/285 485/704/285 691/1314/285 

vn 4.1289e-17 1 1.47964e-16
vt 3.11966 2.89382
vt 2.4618 2.66542
vt 2.46559 2.65452
vt 2.46937 2.64362
f 691/1314/286 485/704/286 486/1315/286 674/1316/286 675/1317/286 678/1318/286 

vn 1.10015e-15 2.14058e-15 -1
v 15468.9 160 217.121
v 17732.1 160 217.121
vt 4.91944 -2.32755
vt 4.92526 -2.32553
vt 4.93107 -2.32351
f 487/713/287 692/727/287 693/1319/287 673/1320/287 674/1321/287 486/714/287 

vt 3.11379 2.89179
vn -1 -5.83363e-14 -9.24047e-14
vt 3.10803 2.88979
f 487/1322/288 488/720/288 489/719/288 692/1323/288 

vn -3.32852e-17 1 -2.62962e-15
vt 3.10047 2.91159
vt 2.44261 2.68319
vt 2.44639 2.67229
vt 2.45018 2.66139
f 692/1323/289 489/719/289 490/1324/289 670/1325/289 671/1326/289 693/1327/289 

vt 2.92521 3.3976
vn 1.10049e-15 2.10557e-15 -1
v 15468.9 200 292.121
vt 2.9194 3.39559
v 17732.1 200 292.121
vt 3.1478 2.73773
vt 3.15361 2.73975
vt 3.15943 2.74177
vt 2.93102 3.39962
f 491/1328/290 694/1329/290 695/1330/290 669/1331/290 670/1332/290 490/1333/290 

vt 3.09465 2.90957
vn -1 -3.3354e-30 -6.16031e-14
vt 3.08884 2.90755
f 491/1334/291 492/735/291 493/734/291 694/1335/291 

vt 4.92962 -2.32402
vn 2.63611e-17 1 1.54955e-15
vt 4.70121 -1.66616
f 695/1336/292 694/1337/292 493/739/292 494/738/292 666/1225/292 667/1227/292 

vn 7.09715e-17 1.80478e-15 -1
v 15468.9 240 367.121
v 17732.1 240 367.121
f 666/1225/293 494/738/293 495/742/293 696/755/293 697/1154/293 665/1221/293 

vt 3.07546 2.92733
vn -1 0 -6.16031e-14
vt 3.06964 2.92531
f 495/1338/294 496/747/294 497/746/294 696/1339/294 

vn 1.61646e-17 1 1.13886e-17
vt 4.65689 -1.68155
vt 4.64599 -1.68533
vt 4.87439 -2.34319
vt 4.88544 -2.33936
f 697/1154/295 696/755/295 497/1340/295 498/1341/295 641/1342/295 663/1343/295 

vt 4.90573 -2.34436
vn 1 5.77529e-14 9.36876e-14
vt 4.89992 -2.34637
f 664/1344/296 665/1221/296 697/1154/296 663/1345/296 

vt 3.1574 2.72885
vn 1 5.77529e-14 9.24047e-14
vt 3.15158 2.72683
f 668/1346/297 669/1331/297 695/1330/297 667/1347/297 

vt 3.16145 2.75468
vt 3.15767 2.76558
vt 3.15186 2.76357
vt 3.15564 2.75267
f 672/1348/297 673/1349/297 693/1350/297 671/1351/297 

vt 2.69208 4.20041
vn -0.963524 1.73158e-16 -0.267621
v 18308.9 40 104.621
vt 2.68816 4.21173
vt 2.68234 4.20971
vt 2.68627 4.19839
f 341/1352/298 698/1353/298 343/1354/298 342/1355/298 

vn -0.963524 -1.22069e-17 -0.267621
v 18298.8 40 141.094
vt 2.68434 4.22273
vt 2.67271 4.21869
vt 2.67653 4.20769
f 698/1353/299 699/1356/299 345/1357/299 344/1358/299 343/1354/299 

v 18298.5 40 142.121
vt 3.64542 1.45453
vt 3.64532 1.45484
vt 3.63369 1.45081
vt 3.6338 1.4505
v 18298.5 60 142.121
vt 3.63961 1.45252
f 700/1359/159 699/1360/159 345/1361/159 346/1362/159 701/1363/159 

vt 2.69412 4.17577
vn -0.963524 2.89702e-17 -0.267621
v 18277.9 60 216.094
vt 2.68638 4.19808
vt 2.66894 4.19203
vt 2.67276 4.18103
vt 2.67857 4.18305
vt 2.6825 4.17173
vt 2.68831 4.17375
f 701/1364/300 702/1365/300 350/1366/300 349/1367/300 348/1368/300 347/1369/300 346/1370/300 

v 18277.7 60 217.121
vt 3.63176 1.47514
vn 0.963524 -2.87814e-19 0.267621
vt 3.63165 1.47545
vt 3.61421 1.4694
vt 3.61432 1.46909
v 18277.7 80 217.121
vt 3.62594 1.47312
f 703/1371/301 702/1372/301 350/1373/301 351/1374/301 704/1375/301 

vt 2.69617 4.15113
vn -0.963524 1.83614e-17 -0.267621
v 18257.1 80 291.094
vt 2.68842 4.17344
vt 2.66517 4.16537
vt 2.66899 4.15436
vt 2.6748 4.15638
vt 2.67873 4.14507
vt 2.68454 4.14709
f 704/1376/302 705/1377/302 355/1378/302 354/1379/302 353/1380/302 352/1381/302 351/1382/302 

v 18256.8 80 292.121
vt 3.61809 1.49575
vn 0.963524 -1.58297e-19 0.267621
vt 3.61798 1.49606
vt 3.59473 1.48799
vt 3.59483 1.48768
v 18256.8 100 292.121
vt 3.61227 1.49373
f 706/1383/303 705/1384/303 355/1385/303 356/1386/303 707/1387/303 

vt 2.69821 4.12648
vn -0.963524 8.18327e-18 -0.267621
v 18236.3 100 366.094
vt 2.69046 4.1488
vt 2.66139 4.1387
vt 2.66521 4.1277
vt 2.67103 4.12972
vt 2.67496 4.11841
vt 2.68077 4.12043
f 707/1388/304 708/1389/304 360/1390/304 359/1391/304 358/1392/304 357/1393/304 356/1394/304 

v 18236 100 367.121
vt 3.60442 1.51636
vt 3.60431 1.51667
vt 3.57524 1.50657
vt 3.57535 1.50626
v 18236 120 367.121
vt 3.5986 1.51434
f 709/1395/159 708/1396/159 360/1397/159 361/1398/159 710/1399/159 

vt 2.70025 4.10184
vn -0.963524 0 -0.267621
v 18215.4 120 441.094
vt 2.6925 4.12415
vt 2.65762 4.11204
vt 2.6615 4.10088
vt 2.66731 4.1029
vt 2.67118 4.09175
vt 2.677 4.09376
f 710/1400/305 711/1401/305 365/1402/305 364/1403/305 363/1404/305 362/1405/305 361/1406/305 

v 18215.2 120 442.121
vt 3.59075 1.53696
vn 0.963524 9.09755e-20 0.267621
vt 3.59064 1.53727
vt 3.55576 1.52516
vt 3.55587 1.52485
vt 3.58494 1.53495
f 712/1407/306 711/1408/306 365/1409/306 366/1410/306 661/1411/306 

vn 1 -1.27056e-12 -6.16031e-13
vt 3.1455 2.68807
vt 3.13968 2.68605
f 662/1209/307 640/1412/307 639/1413/307 649/1210/307 

vt 2.70433 4.05255
v 18173.8 160 591.094
vt 2.69659 4.07486
vt 2.66171 4.06275
vt 2.66945 4.04044
f 660/1414/305 713/1415/305 372/1416/305 371/1417/305 

v 18173.5 160 592.121
vt 3.56341 1.57818
vn 0.963524 -9.09755e-20 0.267621
vt 3.5633 1.57849
vt 3.52842 1.56638
vt 3.52853 1.56607
v 18173.5 180 592.121
vt 3.5576 1.57616
f 714/1418/308 713/1419/308 372/1420/308 373/1421/308 715/1422/308 

vt 2.36221 4.92539
vt 2.36253 4.92541
f 371/1192/136 373/1423/136 372/1424/136

vt 2.33863 4.9239
f 371/1192/136 374/1425/136 373/1423/136

f 371/1192/136 375/1194/136 374/1425/136

v 18152.7 180 667.121
vt 3.54974 1.59879
vn 0.963524 -4.00954e-16 0.267621
v 18153 180 666.094
vt 3.54964 1.5991
vt 3.52057 1.589
vt 3.52068 1.58869
vt 3.54393 1.59677
f 716/1426/309 717/1427/309 374/1428/309 375/1429/309 657/1430/309 

vt 2.69088 4.07254
vn -0.963524 2.0142e-16 -0.267621
vt 2.68313 4.09485
vt 2.65407 4.08476
vt 2.66181 4.06244
f 715/1431/310 717/1432/310 374/1433/310 373/1434/310 

vt 3.53005 1.61799
vn -0.963524 -4.67882e-15 -0.267621
v 18111.3 220 816.094
vt 3.5223 1.64031
vt 3.49323 1.63022
vt 3.4971 1.61906
vt 3.50292 1.62108
f 656/1435/311 718/1436/311 381/1437/311 380/1438/311 379/1439/311 378/1181/311 377/1180/311 

vn -0.963524 4.66579e-15 -0.267621
v 18111 220 817.121
vt 3.52219 1.64062
v 18111 240 817.121
vt 3.51638 1.6386
f 718/1436/312 719/1440/312 720/1441/312 382/1027/312 381/1437/312 

vt 2.7125 3.95397
vn -0.963524 -6.23019e-15 -0.267621
v 18090.5 240 891.094
vt 2.70475 3.97629
vt 2.66987 3.96418
vt 2.67375 3.95302
vt 2.67956 3.95504
vt 2.68344 3.94388
vt 2.68925 3.9459
f 720/1442/313 721/1443/313 386/1444/313 385/1445/313 384/1446/313 383/1447/313 382/1448/313 

v 18090.2 240 892.121
vt 3.50874 1.66061
vn 0.963524 9.66021e-16 0.267621
vt 3.50863 1.66092
vt 3.47375 1.64881
vt 3.47386 1.6485
vt 3.50292 1.65859
f 722/1449/314 721/1450/314 386/1451/314 387/1452/314 581/1453/314 

v 17707.8 300 779.108
vt 3.43557 1.74189
vn -1.39566e-15 -3.28927e-31 1
vt 3.47733 1.6216
f 723/1454/315 379/1455/315 380/1030/315 593/1029/315 

vn -5.67111e-16 -1 -6.41082e-15
vt 3.37585 1.61303
vt 3.38405 1.60215
vt 3.38462 1.60218
f 379/1439/316 723/1456/316 653/1457/316 652/1458/316 378/1181/316 

vn 8.64981e-16 -1.0397e-29 -1
vt 4.05635 0.0458192
vt 4.00371 0.197433
f 502/767/317 503/770/317 629/1128/317 628/1127/317 634/1459/317 637/1460/317 

vt 2.16209 5.46426
vn -0.835086 -3.92864e-15 0.55012
vt 2.1679 5.46628
v 15493.9 300 779.621
vt 2.16337 5.47933
vt 2.15756 5.47731
f 629/1461/318 503/1462/318 724/1463/318 623/1464/318 

vt 3.92773 0.362332
vn 2.68995e-16 1 -4.9387e-15
vt 3.96954 0.24191
f 437/1465/319 724/1466/319 503/770/319 438/769/319 

vn 7.01451e-45 7.21911e-15 -1
vt 2.12156 5.59975
vt 2.11575 5.59774
f 724/1463/320 437/1467/320 436/1468/320 623/1464/320 

vn 0.835086 -2.86595e-17 -0.55012
vt 4.07191 -0.0365342
vt 4.08354 -0.0324974
f 634/1459/321 628/1127/321 627/1469/321 632/1470/321 

vn -3.74723e-16 1 2.58184e-15
vt 3.98266 0.236943
vt 3.93941 0.361518
f 433/1106/322 618/1109/322 619/1471/322 434/1472/322 

vn -8.82381e-31 -1.9251e-15 -1
vt 2.23639 5.21272
f 550/885/323 533/1473/323 532/876/323 542/875/323 

vt 2.15898 5.43569
vn 0.835086 8.19892e-14 0.55012
vt 2.16479 5.43771
f 599/1474/324 589/1021/324 590/1020/324 591/1475/324 

vn -3.3393e-16 4.81274e-15 -1
f 522/867/325 521/888/325 540/870/325 529/856/325 

vt 3.96087 0.0562722
vn 0.835086 2.82917e-14 -0.55012
v 15328 562 1417.12
vt 3.98349 -0.00889425
v 15328 560 1417.12
vt 3.98407 -0.00869242
v 15303.3 560 1379.62
vt 3.97954 0.00436036
v 15303.3 540 1379.62
vt 3.98536 0.00637873
v 15278.6 540 1342.12
vt 3.98082 0.0194315
vt 3.98664 0.0214499
vt 3.97308 0.0605108
f 60/1476/326 725/1477/326 726/1478/326 727/1479/326 728/1480/326 729/1481/326 515/1482/326 415/1483/326 

vn 0.835086 -4.88059e-15 -0.55012
v 15328 1441 1417.12
vt -0.144746 11.0569
v 15328 1422 1417.12
vt -0.139223 11.0588
v 15328 581 1417.12
vt 0.105232 11.1437
vt 0.110754 11.1456
f 62/178/327 730/1484/327 731/1485/327 732/1486/327 725/1487/327 60/601/327 

vn 0.835086 -2.97479e-14 -0.55012
v 15278.6 1483 1342.12
vt -0.166018 11.0788
v 15278.6 1463 1342.12
vt -0.160204 11.0808
v 15303.3 1463 1379.62
vt -0.155673 11.0677
v 15303.3 1443 1379.62
vt -0.149859 11.0698
v 15328 1443 1417.12
vt -0.145327 11.0567
f 730/1484/328 62/178/328 117/177/328 733/1488/328 734/1489/328 735/1490/328 736/1491/328 737/1492/328 

v 15225.9 1441 1458.76
vt 0.183881 10.1536
vn -2.21501e-15 -1 9.82588e-16
vt 0.150931 10.1455
v 15352.7 1441 1454.62
vt 0.151563 10.1317
v 15377.4 1441 1492.12
vt 0.152195 10.1179
v 15402.1 1441 1529.62
vt 0.152827 10.1041
v 15426.8 1441 1567.12
vt 0.15346 10.0903
v 15451.5 1441 1604.62
vt 0.154092 10.0765
v 15476.2 1441 1642.12
vt 0.154724 10.0626
v 16253.5 1441 2821.98
vt 0.174609 9.62838
v 16176.3 1441 2901.44
vt 0.208196 9.62256
f 738/1493/329 61/117/329 62/120/329 730/1494/329 739/1495/329 740/1496/329 741/1497/329 742/1498/329 743/1499/329 744/1500/329 745/1501/329 746/1502/329 

v 14694.3 2003 -455.163
vt -0.51422 11.5939
vn -0.963524 -3.02139e-16 0.267621
vt -0.350863 11.6506
vt -0.551325 12.228
v 15225.9 1623 1458.76
vt -0.604227 12.2096
v 15207.4 1643 1392.1
vt -0.603058 12.1875
v 14823.1 2003 8.52032
vt -0.562786 11.7338
vt -0.561068 11.7288
f 747/1503/330 61/1504/330 738/1505/330 748/1506/330 749/1507/330 750/1508/330 126/1509/330 

vn -0.577936 0 -0.816082
f 47/81/331 61/1504/331 747/1503/331 48/82/331 

vt 4.09129 -1.69171
vn -2.8602e-15 1 8.22265e-16
vt 4.09397 -1.67896
vt 3.94344 -1.68849
vt 3.94874 -1.70073
f 126/1510/332 118/1511/332 48/1512/332 747/1513/332 

vt 4.09651 -1.69137
vn -3.17945e-15 1 1.71881e-15
f 750/1514/333 118/1511/333 126/1510/333

vt -2.02481 9.07055
vn 0.615719 0.769184 -0.171017
vt -2.71301 8.35613
vt -2.02045 9.07346
f 750/1515/334 127/1516/334 126/1517/334

vn -0.46475 0.81688 0.341634
vt -2.39874 8.81044
f 127/1516/335 750/1515/335 749/1518/335

vt 6.55583 2.23926
vn 0.520399 -0.767309 -0.374729
vt 6.91631 1.82068
vt 6.57547 2.229
f 749/1519/336 127/1520/336 748/1521/336

vt 2.28638 3.94017
vn 0.835086 -1.81511e-14 -0.55012
vt 2.32184 3.95248
vt 2.1475 4.45464
vt 2.0946 4.43627
f 127/1522/337 746/1523/337 738/1524/337 748/1525/337 

vt 3.90018 -0.59354
vn 0.717245 -2.03679e-15 0.696821
vt 3.889 -0.561338
v 16253.5 1563 2821.98
vt 3.85354 -0.57365
vt 3.86472 -0.605852
f 746/1526/338 745/1527/338 751/1528/338 127/1529/338 

v 16947.6 1563 2821.98
vt 3.43396 0.634839
vn -5.15137e-14 4.28175e-16 1
vt 3.504 0.43309
vt 3.53947 0.445402
v 16253.5 1323 2821.98
vt 3.57377 0.457311
v 16337 1323 2821.98
vt 3.56534 0.481584
vt 3.50372 0.659059
vt 3.46942 0.647151
f 752/1530/339 751/1531/339 745/1532/339 753/1533/339 754/1534/339 281/1535/339 157/1536/339 

vn 0 -1 -0
vt -3.15204 8.30118
vt -2.96768 8.40899
f 129/198/340 751/1537/340 752/1538/340 130/199/340 

f 129/198/340 128/197/340 751/1537/340

f 127/196/340 751/1537/340 128/197/340

f 130/199/340 752/1538/340 131/200/340

vn -1.07374e-14 -1 4.60151e-15
v 17010.6 1563 2886.91
vt -2.96101 8.43603
f 132/201/341 131/200/341 752/1538/341 755/1539/341 

vt 3.42519 0.660097
vn -2.25321e-15 -1 -2.25821e-15
v 17193.4 1563 2448.84
vt 3.47028 0.530218
v 17256.4 1563 2513.78
vt 3.49401 0.544813
vt 3.44892 0.674692
f 752/1540/342 756/1541/342 757/1542/342 755/1543/342 

vt 5.73683 -1.8214
vn -0.835086 -5.31068e-15 -0.55012
vt 5.70704 -1.79856
vt 5.62339 -1.90767
vt 5.65318 -1.93051
f 157/1544/343 752/1545/343 756/1546/343 158/1547/343 

vt 3.45824 0.679352
vn -0.717245 -2.60667e-15 0.696821
vt 3.42278 0.66704
vt 3.42482 0.661153
f 156/1548/344 124/1549/344 755/1550/344 752/1530/344 157/1536/344 

vn -0.835086 2.81988e-15 -0.55012
f 133/204/345 151/222/345 156/1548/345 124/1549/345 

vn -0.835086 1.63895e-11 -0.55012
v 17961.6 1623 1479.28
vt 3.5772 0.16597
f 124/1549/346 758/1551/346 133/204/346

vn 6.09604e-15 -1 8.98495e-15
f 132/201/347 755/1539/347 124/189/347

vn -0.835086 1.43941e-14 -0.55012
v 17724.8 1563 1642.12
vt 5.44253 -2.14355
vt 5.47232 -2.16639
f 158/1547/348 756/1546/348 759/1552/348 159/1553/348 

vt 3.56777 0.249419
v 17774.2 1563 1567.12
vt 3.57684 0.223313
v 17846.6 1563 1617.92
vt 3.60227 0.232989
v 17830.7 1563 1642.12
vt 3.59935 0.241413
f 757/1542/340 756/1541/340 759/1554/340 760/1555/340 761/1556/340 762/1557/340 

vt 4.50956 -2.42799
vn -0.835086 1.97163e-14 -0.55012
vt 4.51862 -2.4541
vt 4.55408 -2.44179
vt 4.54502 -2.41568
f 759/1558/349 760/1559/349 160/1560/349 159/1561/349 

v 17774.2 1583 1567.12
vt 4.51281 -2.45612
v 17823.6 1583 1492.12
vt 4.52187 -2.48222
vt 4.56315 -2.46789
f 763/1562/227 764/1563/227 161/1564/227 160/1560/227 760/1559/227 

v 17887 1583 1556.63
vt 3.60386 0.209638
vt 3.57102 0.221295
vt 3.58009 0.195189
v 17896 1583 1542.92
vt 3.60552 0.204865
f 765/1565/340 763/1566/340 764/1567/340 766/1568/340 

v 17823.6 1603 1492.12
vt 4.51606 -2.48424
v 17873 1603 1417.12
vt 4.52512 -2.51035
v 17873 1443 1417.12
vt 4.57163 -2.4942
vt 4.57221 -2.494
f 767/1569/227 768/1570/227 769/1571/227 162/1572/227 161/1564/227 764/1563/227 

v 17873 1623 1417.12
vt 4.52675 -2.46626
vn -0.835086 4.76116e-15 -0.55012
v 17922.4 1623 1342.12
vt 4.50993 -2.48819
v 17922.4 1483 1342.12
vt 4.54412 -2.5144
v 17922.4 1463 1342.12
vt 4.549 -2.51815
v 17897.7 1463 1379.62
vt 4.55741 -2.50718
v 17897.7 1443 1379.62
vt 4.56229 -2.51093
vt 4.5707 -2.49996
vt 4.53163 -2.47001
f 770/1573/350 771/1574/350 772/1575/350 773/1576/350 774/1577/350 775/1578/350 769/1579/350 768/1580/350 

v 17922.4 1643 1342.12
vt 1.96398 4.79373
v 17971.8 1643 1267.12
vt 1.97304 4.76762
v 17971.8 1483 1267.12
vt 2.01955 4.78377
vt 2.01048 4.80988
vt 1.96979 4.79575
f 776/1581/227 777/1582/227 778/1583/227 772/1584/227 771/1585/227 

vn -0.835086 1.48139e-13 -0.55012
vt 2.01305 4.84002
vt 2.01758 4.82697
vt 2.01177 4.82495
vt 2.0163 4.81189
f 162/482/351 769/1586/351 775/1587/351 774/1588/351 773/1589/351 772/1584/351 778/1583/351 163/238/351 153/237/351 

v 17287.5 1443 1417.12
vt 3.58369 0.35133
vt 3.64278 0.181125
vt 3.64337 0.181326
vt 3.64889 0.183244
v 17287.5 1422 1417.12
vt 3.58979 0.353449
f 779/1590/80 769/1591/80 162/1592/80 330/1593/80 780/1594/80 

vt 3.63438 0.17016
vn -3.69859e-16 -1 -2.43647e-16
v 17312.2 1443 1379.62
vt 3.57528 0.340365
f 775/1595/352 769/1591/352 779/1590/352 781/1596/352 

v 15913.9 1443 1417.12
vt 0.966236 9.75958
vn -1.07785e-16 -1 -2.52327e-15
v 15889.2 1443 1379.62
vt 0.97644 9.7689
v 15864.5 1443 1342.12
vt 0.986644 9.77822
v 17336.9 1443 1342.12
vt 0.547494 9.88957
vt 0.552025 9.87652
f 782/1597/353 783/1598/353 784/1599/353 785/1600/353 781/1601/353 779/438/353 

vn -3.69676e-16 -1 6.01882e-15
vt 1.14097 9.71528
vt 1.15117 9.72459
f 782/1597/354 737/1602/354 736/1603/354 783/1598/354 

vt -0.0862045 10.8864
v 15913.9 1422 1417.12
vt -0.0801004 10.8885
f 737/1492/3 782/1604/3 786/1605/3 731/1485/3 730/1484/3 

vn 3.71302e-16 1.55672e-14 -1
vt 0.0524165 10.4872
vt 0.0585206 10.4893
v 17287.5 1403 1417.12
vt 0.0640434 10.4912
v 15913.9 1403 1417.12
vt -0.0745777 10.8905
f 786/1605/355 782/1604/355 779/1606/355 780/1607/355 787/1608/355 788/1609/355 

v 17262.8 1403 1454.62
vt 0.0724505 10.5022
vn 0.835086 -1.18246e-13 0.55012
vt 0.0686828 10.4876
v 17262.8 1422 1454.62
vt 0.0770899 10.4986
f 789/1610/356 787/1608/356 780/1611/356 790/1612/356 

v 15963.3 1403 1492.12
vt -0.0477912 10.8837
vn -6.86964e-16 -1 2.85638e-15
v 15938.6 1403 1454.62
vt -0.0611845 10.8871
v 17238.1 1403 1492.12
vt 0.0808577 10.5131
f 791/1613/357 792/1614/357 788/1609/357 787/1608/357 789/1610/357 793/1615/357 

vt 0.231506 10.0089
vn 3.69676e-16 -1 9.38196e-15
v 15377.4 1403 1492.12
vt 0.172383 10.1791
v 15352.7 1403 1454.62
vt 0.15899 10.1825
vt 0.218113 10.0123
f 791/1616/358 794/1617/358 795/1618/358 792/1619/358 

vn 9.85802e-16 1.48035e-14 -1
v 15963.3 1383 1492.12
vt 0.237319 10.0109
v 15377.4 1383 1492.12
vt 0.178196 10.1812
f 794/1617/359 791/1616/359 796/1620/359 797/1621/359 

vn 1.43836e-15 -3.58096e-14 -1
vt 0.360155 9.63832
v 17238.1 1383 1492.12
vt 0.365968 9.64033
v 17238.1 1363 1492.12
vt 0.371782 9.64235
v 15963.3 1363 1492.12
vt 0.243133 10.0129
f 796/1620/360 791/1616/360 793/1622/360 798/1623/360 799/1624/360 800/1625/360 

vn -2.46572e-15 -5.36921e-15 -1
vt 0.139951 10.3429
vt 0.145765 10.3449
vt 0.0866711 10.5151
f 793/1615/361 327/1626/361 326/1627/361 798/1628/361 

vt 0.131544 10.332
vn -5.54788e-16 -1 -3.25312e-15
f 328/1629/362 327/1626/362 793/1615/362 789/1610/362 

vt -0.536246 12.4059
vn -0.835086 9.03498e-16 -0.55012
vt -0.545309 12.432
vt -0.550832 12.4301
vt -0.5463 12.4171
vt -0.551823 12.4152
vt -0.547291 12.4021
vt -0.553105 12.4001
vt -0.548573 12.387
vt -0.554386 12.385
vt -0.549855 12.372
vt -0.555668 12.3699
vt -0.551136 12.3569
vt -0.375535 11.943
vt -0.420628 12.0729
vt -0.518119 12.3537
vt -0.527182 12.3798
f 161/1630/363 162/1631/363 330/1632/363 329/1633/363 328/1634/363 327/1635/363 326/1636/363 325/1637/363 324/1638/363 323/1639/363 322/1640/363 321/1641/363 285/391/363 286/392/363 281/387/363 157/1642/363 158/1643/363 159/1644/363 160/1645/363 

vn -3.69859e-16 -1 3.60655e-15
vt 0.127776 10.3174
vt 0.136183 10.3284
f 790/1612/364 780/1611/364 330/1646/364 329/1647/364 

vn -9.86289e-16 6.90027e-32 -1
vt 0.141706 10.3303
vt 0.0826127 10.5005
f 790/1612/365 329/1647/365 328/1648/365 789/1649/365 

v 17213.4 1383 1529.62
vt 0.507946 9.80271
vn -6.16431e-16 -1 5.36921e-15
vt 0.503414 9.81576
vt 0.32877 9.86005
vt 0.333302 9.847
f 801/1650/366 798/1651/366 326/1652/366 325/1653/366 

v 17213.4 1363 1529.62
vt 0.380189 9.65332
vn 0.835086 3.97028e-14 0.55012
vt 0.376665 9.63861
vt 0.385072 9.64957
f 802/1654/367 799/1624/367 798/1655/367 801/1656/367 

v 16012.7 1363 1567.12
vt 0.269919 10.0061
vn -8.46079e-16 -1 4.30258e-17
v 15988 1363 1529.62
vt 0.256526 10.0095
v 17188.6 1363 1567.12
vt 0.388596 9.66428
v 17185.4 1363 1567.12
vt 0.388264 9.66524
f 803/1657/368 804/1658/368 800/1625/368 799/1624/368 802/1654/368 805/1659/368 806/1660/368 

vt 0.251994 10.0226
vn 2.4645e-16 -1 5.61294e-15
v 15426.8 1363 1567.12
vt 0.192871 10.1928
v 15402.1 1363 1529.62
vt 0.179478 10.1962
vt 0.238601 10.0259
f 803/1661/369 807/1662/369 808/1663/369 804/1664/369 

vn -5.42191e-15 4.01255e-15 -1
v 16012.7 1343 1567.12
vt 0.257807 10.0246
v 15426.8 1343 1567.12
vt 0.198685 10.1949
f 807/1662/370 803/1661/370 809/1665/370 810/1666/370 

vn 2.53056e-15 -5.9855e-15 -1
v 17185.4 1323 1567.12
vt 0.399891 9.66928
v 16012.7 1323 1567.12
vt 0.281546 10.0101
vt 0.275733 10.0081
f 803/1657/371 806/1660/371 811/1667/371 812/1668/371 809/1669/371 

vn 8.77459e-14 7.21911e-15 -1
v 17188.6 1343 1567.12
vt 0.394409 9.6663
v 17188.6 1323 1567.12
vt 0.400223 9.66832
f 805/1659/372 813/1670/372 814/1671/372 811/1667/372 806/1660/372 

vt 1.95908 5.07051
vn -9.86289e-16 -3.52533e-15 -1
vt 1.96489 5.07253
f 805/1672/373 323/474/373 322/473/373 813/1673/373 

vt 2.00977 4.88934
vn -5.54788e-16 -1 -1.32802e-15
vt 1.95067 5.05954
f 324/1674/374 323/474/374 805/1672/374 802/1675/374 

vt 1.94486 5.05752
vt 2.00395 4.88732
f 801/1676/3 325/1677/3 324/1674/3 802/1675/3 

v 17163.9 1343 1604.62
vt 0.29973 12.6527
vn -4.93145e-16 -1 1.12257e-14
vt 0.308137 12.6636
vt 0.249044 12.8338
vt 0.240637 12.8229
f 815/1678/375 813/1679/375 322/1680/375 321/1681/375 

v 17163.9 1323 1604.62
vt 1.97423 5.0644
vn 0.835086 8.85893e-14 0.55012
vt 1.9697 5.07745
vt 1.96389 5.07543
vt 1.96842 5.06238
f 816/1682/376 814/1683/376 813/1684/376 815/1685/376 

vt -0.0760425 10.5198
vn -8.69836e-17 -1 -4.3027e-16
vt 0.0382672 10.6689
v 16337 1323 2766.97
vt 0.0248344 10.6792
v 15571.3 1323 1604.62
vt -0.115633 11.0838
v 16037.4 1323 1604.62
vt -0.202895 10.9699
vt -0.207427 10.983
vt -0.426974 10.6967
vt -0.42759 10.6959
vt -0.413808 10.6949
v 17139.2 1323 1642.12
vt -0.400027 10.6939
v 17605.1 1323 1642.12
vt -0.487235 10.5801
vt -0.073841 10.5505
f 281/1686/377 754/1687/377 817/1688/377 818/1689/377 819/1690/377 812/1691/377 811/1692/377 814/1693/377 816/1694/377 820/1695/377 821/1696/377 282/1697/377 

vt 0.0349263 10.6501
vn -3.4579e-15 -1 5.24912e-15
vt 0.0145352 10.6657
f 753/1698/378 817/1688/378 754/1699/378

vn 0.55012 -1.97798e-15 0.835086
v 16253.5 680 2821.98
vt 0.221828 10.715
v 16337 680 2766.97
vt 0.211736 10.7441
f 753/1698/379 822/1700/379 823/1701/379 817/1688/379 

vn -0.835086 4.78242e-15 0.55012
v 15476.2 1323 1642.12
vt 0.17751 10.2394
v 15476.2 680 1642.12
vt 0.364411 10.3043
f 753/1698/380 824/1702/380 825/1703/380 822/1700/380 

vt 0.14321 10.2275
vn -0.835086 1.0979e-16 0.55012
vt 0.000626995 10.6382
f 744/1704/381 824/1702/381 753/1698/381 745/1705/381 

v 15451.5 1343 1604.62
vt 0.176228 10.2244
vn -0.835086 2.13196e-16 0.55012
v 15451.5 1323 1604.62
vt 0.182041 10.2264
vt 0.147742 10.2145
f 826/1706/382 827/1707/382 824/1702/382 744/1704/382 743/1708/382 

v 15533.2 1323 1604.62
vt 0.190279 10.2027
vn -6.6621e-16 -4.73321e-14 -1
v 16037.4 1343 1604.62
vt 0.235351 10.0541
vt 0.241164 10.0561
vt 0.194126 10.1916
f 828/1709/383 827/1707/383 826/1706/383 829/1710/383 819/1711/383 818/1712/383 

v 15535 1323 1549.61
vt 2.39829 3.84299
vn 4.30682e-15 1 -4.51172e-15
vt 2.3882 3.87206
vt 2.38203 3.84771
v 15559.7 1323 1587.11
vt 2.38524 3.83846
f 830/1713/384 827/1714/384 828/1715/384 831/1716/384 

v 15451.5 680 1604.62
vt 0.368943 10.2913
vn -0.55012 2.45274e-15 -0.835086
vt 0.192133 10.1973
v 15535 680 1549.61
vt 0.379035 10.2622
f 832/1717/385 827/1707/385 830/1718/385 833/1719/385 

vn -0.835086 6.74207e-15 0.55012
f 832/1717/386 825/1703/386 824/1702/386 827/1707/386 

vn -0.835086 -4.38933e-16 0.55012
v 15451.5 660 1604.62
vt 0.374757 10.2933
v 15451.5 562 1604.62
vt 0.403243 10.3032
v 15476.2 562 1642.12
vt 0.398711 10.3162
f 832/1717/387 834/1720/387 835/1721/387 836/1722/387 825/1703/387 

vt 3.58542 3.17024
vn -2.2207e-16 6.39048e-14 -1
v 15533.2 680 1604.62
vt 3.59366 3.14651
v 15571.3 680 1604.62
vt 3.5975 3.13543
v 16037.4 680 1604.62
vt 3.64454 2.99995
v 16037.4 660 1604.62
vt 3.65035 3.00197
vt 3.59123 3.17226
f 832/1723/388 837/1724/388 838/1725/388 839/1726/388 840/1727/388 834/1728/388 

vt 2.5751 3.93695
vn 3.53754e-15 1 -2.33038e-15
vt 2.57411 3.92317
vt 2.59503 3.92167
f 832/1729/389 825/1730/389 837/1731/389

vt 0.333228 10.3003
vn 4.32426e-15 1 -2.53619e-15
vt 0.344597 10.2974
vt 0.192761 10.7049
f 838/1732/390 837/1733/390 825/1703/390 822/1700/390 823/1734/390 

v 15559.7 680 1587.11
vt 3.59125 3.13702
vn -3.78763e-15 -1 1.07399e-14
f 841/1735/391 838/1725/391 837/1724/391

vn 0.835086 -5.84833e-15 -0.55012
vt 0.0712693 11.1487
vt 0.069153 11.1547
vt 0.0646212 11.1678
vt -0.122281 11.1029
vt -0.117749 11.0899
f 817/1688/392 823/1701/392 838/1736/392 841/1737/392 833/1738/392 830/1739/392 831/1740/392 818/1689/392 

vn -1.11769e-16 1 2.71421e-16
v 16337 680 2821.98
vt 0.207576 10.7277
vt 0.364773 10.6878
vt 0.368933 10.7042
v 17605.1 680 1642.12
vt 0.67501 10.9837
v 17139.2 680 1642.12
vt 0.536081 11.0189
v 17163.9 680 1604.62
vt 0.546285 11.0282
v 17188.6 680 1567.12
vt 0.556489 11.0375
v 17185.4 680 1567.12
vt 0.555507 11.0378
v 16012.7 680 1567.12
vt 0.205753 11.1265
vt 0.210285 11.1134
f 838/1736/393 823/1701/393 842/1741/393 278/1742/393 280/1743/393 843/1744/393 844/1745/393 845/1746/393 846/1747/393 847/1748/393 848/1749/393 839/1750/393 

vn 3.4579e-15 1 -5.24912e-15
vt 0.228144 10.7399
f 822/1700/394 842/1751/394 823/1701/394

v 16253.5 440 2821.98
vt 1.40828 7.52285
vn -5.87747e-14 1.20313e-15 1
v 16337 440 2821.98
vt 1.39986 7.54712
vt 1.33009 7.5229
vt 1.33852 7.49863
v 16253.5 562 2821.98
vt 1.37282 7.51053
f 849/1752/395 850/1753/395 842/1754/395 822/1755/395 851/1756/395 

vt 1.2769 7.6761
vn -4.90699e-14 2.28925e-15 1
v 16442.9 440 2821.98
vt 1.38917 7.5779
v 16772.2 440 2821.98
vt 1.35593 7.67363
vt 1.34667 7.70032
f 278/1757/396 842/1754/396 850/1753/396 852/1758/396 853/1759/396 279/1760/396 

vt 1.17578 7.47304
vn 1.06555e-15 -0.962217 -0.272284
v 17320.7 259.663 4307.4
vt 1.18813 6.97784
v 17602.8 8.78213e-13 5225.02
vt 1.19575 6.67194
v 15602.8 6.13202e-13 5225.02
vt 1.78133 6.86116
f 278/1761/397 854/1762/397 855/1763/397 856/1764/397 842/1754/397 

v 16864.1 3.97051e-13 2821.98
vt 1.47456 7.74473
vn -0.955851 -3.16592e-16 0.293851
v 17320.7 6.94478e-13 4307.4
vt 1.31773 8.19644
vt 1.24225 8.17023
f 857/1765/398 858/1766/398 854/1767/398 278/1757/398 279/1760/398 

vn -1.21945e-16 1 -1.44219e-16
vt 2.27833 7.22405
vt 2.04173 7.40089
vt 1.65872 7.68716
v 16337 3.9952e-13 2821.98
vt 1.52775 7.59152
f 856/1764/399 855/1768/399 858/1769/399 857/1770/399 859/1771/399 

vt 1.22085 8.47548
vn -0.955851 2.50619e-16 0.293851
f 855/1772/400 854/1767/400 858/1766/400

vn -4.86116e-14 -1.90863e-15 1
f 852/1758/401 850/1753/401 859/1771/401 857/1765/401 279/1760/401 853/1759/401 

vn 0.956359 -1.47401e-16 0.292193
f 842/1754/402 856/1764/402 859/1771/402 850/1753/402 

vn -0.835086 -1.68233e-16 0.55012
vt 0.256127 10.7269
f 825/1703/403 836/1722/403 851/1773/403 822/1700/403 

vt -0.32637 12.3019
vn -2.00605e-15 1 8.22049e-16
vt -0.284856 12.2468
v 15225.9 562 1458.76
vt -0.295824 12.3167
v 16176.3 562 2901.44
vt -0.615719 12.7412
vt -0.637879 12.7153
vt -0.376261 12.3681
vt -0.367945 12.3571
v 15426.8 562 1567.12
vt -0.35963 12.346
v 15402.1 562 1529.62
vt -0.351315 12.335
v 15377.4 562 1492.12
vt -0.343 12.324
v 15352.7 562 1454.62
vt -0.334685 12.3129
f 725/1774/404 60/1775/404 58/111/404 860/1776/404 861/1777/404 851/1778/404 836/1779/404 835/1780/404 862/1781/404 863/1782/404 864/1783/404 865/1784/404 

vn -0.963524 3.02139e-16 0.267621
v 14818.5 1.27857e-13 -7.87891
vt 0.0211473 11.9309
v 14823.1 1.41562e-13 8.52032
vt 0.0194297 11.9359
v 15207.4 360 1392.1
vt -0.230126 12.317
v 15225.9 380 1458.76
vt -0.242922 12.335
f 58/111/405 59/112/405 866/1785/405 867/1786/405 868/1787/405 869/1788/405 860/1776/405 

vt 3.32143 2.42526
vn -2.8602e-15 -1 8.22265e-16
vt 3.33143 2.41692
vt 3.44891 2.49817
vt 3.44548 2.51106
f 334/1789/406 866/1790/406 59/1791/406 56/1792/406 

vn -3.17945e-15 -1 1.71881e-15
vt 3.32713 2.41394
f 334/1789/407 867/1793/407 866/1790/407

v 16176.3 440 2901.44
vt 2.57434 4.16429
vn 0.615719 -0.769184 -0.171017
vt 2.14679 5.05939
vt 2.14358 5.06353
f 870/1794/408 867/1795/408 866/1796/408

vn -0.46475 -0.81688 0.341634
vt 2.41952 4.69456
f 867/1795/409 870/1794/409 868/1797/409

vt -0.0982754 12.9209
vn 0.520399 0.767309 -0.374729
vt -0.121807 12.3689
vt -0.112752 12.3892
f 870/1798/410 868/1799/410 869/1800/410

vt -0.12148 11.8145
vn 0.835086 1.81511e-14 -0.55012
vt -0.0860184 11.8268
f 861/1801/411 870/1802/411 869/1788/411 860/1776/411 

vt 4.1445 -0.472631
vn 0.717245 2.03679e-15 0.696821
vt 4.15568 -0.504832
vt 4.19114 -0.49252
vt 4.17996 -0.460319
f 851/1803/412 861/1804/412 870/1805/412 849/1806/412 

v 15476.2 440 1642.12
vt 0.363249 10.3039
vn 0.835086 7.22669e-15 -0.55012
v 15426.8 440 1567.12
vt 0.372312 10.2778
vt 0.407774 10.2901
f 871/1807/413 872/1808/413 862/1809/413 835/1721/413 836/1722/413 

v 15426.8 420 1567.12
vt 1.9833 5.61899
vn 0.835086 1.41053e-14 -0.55012
v 15377.4 420 1492.12
vt 1.99236 5.59288
vt 2.03363 5.60721
vt 2.0291 5.62027
vt 2.02457 5.63332
vt 1.98911 5.62101
f 873/1810/414 874/1811/414 864/1812/414 863/1813/414 862/1814/414 872/1815/414 

v 15377.4 400 1492.12
vt 1.98655 5.59087
vn 0.835086 8.78599e-15 -0.55012
v 15328 400 1417.12
vt 1.99561 5.56476
vt 2.04212 5.58091
vt 2.0427 5.58111
vt 2.03817 5.59416
f 875/1816/415 876/1817/415 726/1818/415 725/1819/415 865/1820/415 864/1812/415 874/1811/415 

v 15913.9 560 1417.12
vt 0.417936 10.2627
vn -3.50489e-16 4.52578e-15 -1
vt 0.358813 10.433
vt 0.358232 10.4328
vt 0.352709 10.4309
v 15913.9 581 1417.12
vt 0.411832 10.2606
f 877/1821/416 726/1822/416 725/1823/416 732/1824/416 878/1825/416 

vt 0.326839 10.4899
vn -3.69676e-16 1 6.01882e-15
vt 0.385962 10.3196
v 15889.2 560 1379.62
vt 0.394369 10.3306
vt 0.335246 10.5009
f 726/1826/417 877/1827/417 879/1828/417 727/1829/417 

vt 0.390493 10.3066
vn -1.07785e-16 1 -2.52327e-15
vt 0.382086 10.2956
vt 0.520707 9.89637
vt 0.5341 9.89297
v 17336.9 560 1342.12
v 15864.5 560 1342.12
vt 0.3989 10.3176
f 879/1830/418 877/1831/418 310/1832/418 313/1833/418 880/1600/418 881/1834/418 

vn 3.71302e-16 -1.55672e-14 -1
v 15913.9 600 1417.12
vt 0.406309 10.2587
v 17287.5 600 1417.12
vt 0.54493 9.85943
f 877/1821/419 878/1825/419 882/1835/419 883/1836/419 311/439/419 310/438/419 

vn -0.835086 2.75694e-18 0.55012
v 15938.6 581 1454.62
vt 0.4073 10.2737
v 15938.6 600 1454.62
vt 0.401778 10.2717
f 882/1835/420 878/1825/420 884/1837/420 885/1838/420 

v 15352.7 581 1454.62
vt 0.348178 10.444
vn 8.62576e-16 1 5.20706e-15
vt 0.415707 10.2846
vt 0.356585 10.4549
f 886/1839/421 884/1837/421 878/1840/421 732/1841/421 

v 15352.7 600 1454.62
vt 0.342655 10.442
f 885/1838/3 884/1837/3 886/1839/3 887/1842/3 

vt 3.98802 -0.021947
vn -0.835086 1.97284e-17 0.55012
vt 3.99256 -0.0349998
v 15377.4 600 1492.12
vt 4.0036 -0.0311649
vt 3.99907 -0.0181121
vt 3.99355 -0.0200296
f 865/1843/422 864/1844/422 888/1845/422 887/1846/422 886/1847/422 

vt 0.416838 10.264
vn -0.835086 4.02571e-15 0.55012
vt 0.412306 10.2771
v 15402.1 620 1529.62
vt 0.395447 10.2712
v 15377.4 620 1492.12
vt 0.399979 10.2582
vt 0.405792 10.2602
f 864/1848/423 863/1849/423 889/1850/423 890/1851/423 888/1852/423 

vn -0.835086 3.39445e-15 0.55012
v 15426.8 640 1567.12
vt 0.385102 10.2823
v 15402.1 640 1529.62
vt 0.389634 10.2692
f 863/1849/424 862/1809/424 891/1853/424 892/1854/424 889/1850/424 

vt 4.00162 -0.0611054
vn -0.835086 2.14527e-15 0.55012
vt 4.00615 -0.0741581
vt 4.03464 -0.0642681
v 15426.8 660 1567.12
vt 4.03011 -0.0512154
vt 4.02429 -0.0532337
f 862/1855/425 835/1856/425 834/1857/425 893/1858/425 891/1859/425 

vt 2.13376 5.68586
vn 2.4645e-16 1 -4.01255e-15
vt 1.95903 5.73016
v 16012.7 660 1567.12
vt 1.96356 5.71711
vt 2.13829 5.6728
f 834/1860/426 840/1861/426 894/1862/426 893/1863/426 

vt 1.95775 5.71509
vn -0.835086 -9.95042e-15 0.55012
vt 1.95322 5.72814
f 848/1864/427 894/1862/427 840/1861/427 839/1865/427 

v 17185.4 640 1567.12
vt 2.08772 5.37826
vn 2.53056e-15 5.9855e-15 -1
v 16012.7 640 1567.12
vt 1.96937 5.71913
vt 2.07609 5.37423
f 895/1866/428 896/1867/428 894/1862/428 848/1864/428 847/1868/428 

v 15988 640 1529.62
vt 0.317486 9.51702
vn -8.46079e-16 1 4.30258e-17
vt 0.331268 9.51604
vt 0.550815 9.80238
v 17188.6 640 1567.12
vt 0.551431 9.80318
v 17213.4 640 1529.62
vt 0.546899 9.81624
v 17238.1 640 1492.12
vt 0.542367 9.82929
v 15963.3 640 1492.12
vt 0.303704 9.51801
f 897/1869/429 896/1870/429 895/1871/429 898/1872/429 899/1873/429 900/1874/429 901/1875/429 

vn 2.4645e-16 1 5.61294e-15
vt 0.210371 10.3266
vt 0.214903 10.3135
f 891/1853/430 896/1876/430 897/1877/430 892/1854/430 

vt 0.444225 10.112
vn -5.42191e-15 -4.01255e-15 -1
vt 0.379289 10.2802
vt 0.438411 10.1099
f 896/1878/431 891/1853/431 893/1879/431 894/1880/431 

vt 0.175924 10.1511
vn -0.835086 5.5056e-15 0.55012
vt 0.420379 10.236
vt 0.415847 10.249
vt 0.410324 10.2471
vt 0.18076 10.2113
vt 0.174946 10.2093
v 15402.1 1383 1529.62
vt 0.173665 10.1942
vt 0.176915 10.1661
v 15352.7 1422 1454.62
vt 0.171392 10.1642
f 731/1881/432 732/1882/432 886/1883/432 887/1884/432 888/1852/432 890/1851/432 889/1850/432 892/1854/432 891/1853/432 893/1879/432 834/1720/432 832/1717/432 827/1707/432 826/1706/432 810/1885/432 807/1886/432 808/1663/432 902/1887/432 797/1621/432 794/1617/432 795/1888/432 903/1889/432 

vn -0.835086 -3.50131e-18 0.55012
vt 3.98902 -0.0069768
f 725/1477/433 865/1843/433 886/1847/433 732/1890/433 

vt 0.334248 10.4311
vn 3.69676e-16 1 9.38196e-15
v 15963.3 600 1492.12
vt 0.39337 10.2608
f 888/1891/434 904/1892/434 885/1838/434 887/1842/434 

vt 0.464915 10.0899
vn 9.85802e-16 -1.48035e-14 -1
v 15963.3 620 1492.12
vt 0.459102 10.0879
f 904/1893/435 888/1852/435 890/1851/435 905/1894/435 

vt 0.391572 10.2472
vn 8.62576e-16 1 -1.01937e-14
v 15988 620 1529.62
vt 0.450695 10.0769
f 889/1895/436 906/1896/436 905/1894/436 890/1851/436 

vt 0.45457 10.1009
vn 2.95741e-15 1.0639e-30 -1
vt 0.448756 10.0989
f 906/1897/437 889/1850/437 892/1854/437 897/1898/437 

vt 0.453288 10.0859
vn -0.835086 3.18824e-17 0.55012
f 901/1899/438 905/1894/438 906/1897/438 897/1898/438 

vn 1.43836e-15 3.58096e-14 -1
vt 0.581937 9.71532
v 17238.1 620 1492.12
vt 0.587751 9.71733
v 17238.1 600 1492.12
vt 0.593564 9.71935
f 904/1893/439 905/1894/439 901/1899/439 900/1900/439 907/1901/439 908/1902/439 

vn 0.835086 -3.97028e-14 0.55012
vt 0.586469 9.70226
v 17213.4 620 1529.62
vt 0.592282 9.70428
f 900/1900/440 899/1903/440 909/1904/440 907/1901/440 

vt 0.651376 9.53408
vt 0.645562 9.53206
f 291/1905/3 909/1904/3 899/1903/3 290/1906/3 

vn -6.16431e-16 1 5.36921e-15
vt 0.574357 9.72073
vt 0.633451 9.55053
vt 0.646844 9.54713
f 907/1901/441 909/1907/441 291/1908/441 292/1909/441 

vt 0.652658 9.54915
vn -2.46572e-15 5.36921e-15 -1
f 293/1910/442 908/1902/442 907/1901/442 292/1909/442 

vn -5.54788e-16 1 -3.25312e-15
vt 0.666051 9.54575
v 17262.8 600 1454.62
vt 0.606957 9.71596
f 293/1910/443 294/1911/443 910/1912/443 908/1902/443 

vt 0.614078 9.67809
vn -9.86289e-16 -6.90027e-32 -1
v 17262.8 581 1454.62
vt 0.554985 9.8483
vt 0.549462 9.84638
vt 0.608556 9.67617
f 295/1913/444 911/1914/444 910/1915/444 294/1916/444 

vt 0.568378 9.8449
vn -3.69859e-16 1 3.60655e-15
vt 0.627472 9.67469
f 311/1917/445 911/1914/445 295/1913/445 296/1918/445 

vn 0.835086 1.18246e-13 0.55012
f 883/1836/446 910/1915/446 911/1914/446 311/439/446 

vt 0.397902 10.2477
vn -6.86964e-16 1 2.85638e-15
vt 0.389495 10.2368
vt 0.518144 9.86622
vt 0.531537 9.86283
f 885/1919/447 904/1920/447 908/1921/447 910/1922/447 883/1836/447 882/1835/447 

vt 0.632169 9.53545
vn -5.54788e-16 1 -1.32802e-15
vt 0.573076 9.70566
f 289/1923/448 290/1906/448 899/1903/448 898/1924/448 

vt 2.14714 5.2071
vn -9.86289e-16 3.52533e-15 -1
vt 2.08805 5.37731
v 17188.6 660 1567.12
vt 2.08224 5.37529
vt 2.14133 5.20508
f 289/1925/449 898/1926/449 912/1927/449 288/1928/449 

vn 8.77459e-14 -7.21911e-15 -1
vt 2.07642 5.37327
f 912/1927/450 898/1926/450 895/1866/450 847/1868/450 846/1929/450 

vt 2.1566 5.14234
vn 0.835086 -8.85893e-14 0.55012
vt 2.16113 5.12929
v 17163.9 660 1604.62
vt 2.16695 5.13131
vt 2.16241 5.14436
f 846/1930/451 845/1931/451 913/1932/451 912/1933/451 

vt 3.82314 2.5043
vn 5.84244e-17 3.32899e-15 -1
vt 3.76404 2.67451
vt 3.75823 2.67249
v 17629.8 680 1604.62
vt 3.80524 2.53709
v 17667.9 680 1604.62
vt 3.80909 2.52601
vt 3.81732 2.50229
f 287/1934/452 913/1935/452 845/1936/452 914/1937/452 915/1938/452 284/1939/452 

vn -4.93145e-16 1 1.12257e-14
vt 2.27657 5.27429
vt 2.27204 5.28734
f 912/1933/453 913/1932/453 287/1940/453 288/1941/453 

vt 3.74484 2.67589
vn 6.1992e-16 1 -7.29201e-15
vt 3.79185 2.54049
f 844/1942/454 843/1943/454 914/1937/454 845/1936/454 

vn -0.835086 -6.65589e-15 -0.55012
vt -0.263808 11.5105
v 17629.8 1323 1604.62
vt -0.259276 11.4975
v 17641.3 1323 1587.11
vt -0.257159 11.4914
v 17666 1323 1549.61
vt -0.252628 11.4783
v 17666 680 1549.61
vt -0.0657257 11.5432
v 17641.3 680 1587.11
vt -0.0702575 11.5563
vt -0.0723738 11.5624
vt -0.0769056 11.5754
f 280/385/455 282/388/455 821/1944/455 916/1945/455 917/1946/455 918/1947/455 919/1948/455 920/1949/455 914/1950/455 843/1951/455 

vn -3.64522e-15 1 -2.27909e-15
vt -0.574837 12.3126
vt -0.438902 11.921
f 281/387/456 286/392/456 821/1952/456 282/1953/456 

vt 0.32082 9.77155
vn 2.18956e-15 -1 2.90951e-15
v 17667.9 1323 1604.62
vt 0.327956 9.78086
vt 0.329457 9.80178
vt 0.307038 9.77254
f 916/1954/457 921/1955/457 286/1956/457 821/1957/457 

vt 0.234823 12.8208
vt 0.243061 12.7971
vt 0.246908 12.786
vt 0.293917 12.6506
f 815/1678/3 321/1681/3 285/1958/3 921/1959/3 916/1960/3 816/1961/3 

vn 3.53754e-15 -1 2.33038e-15
vt -0.555961 12.3687
vt -0.576882 12.3702
f 285/391/458 286/1962/458 921/1963/458

vt -0.580094 12.3794
vn -4.30682e-15 1 -4.51172e-15
vt -0.567042 12.3839
f 917/1964/459 921/1963/459 285/391/459 918/1965/459 

vt 0.240654 12.7876
vn 2.26356e-31 1 -1.64895e-14
f 917/1966/460 916/1960/460 921/1959/460

vn 0.55012 2.45274e-15 -0.835086
vt -0.38014 12.4488
f 285/391/461 284/390/461 919/1967/461 918/1965/461 

vt 2.93684 2.89505
vn 3.59669e-15 -1 6.34831e-15
vt 2.94693 2.86598
vt 2.9531 2.89032
vt 2.94989 2.89958
f 919/1968/462 284/1969/462 915/1970/462 920/1971/462 

vn -1.76877e-15 1 -1.16519e-15
vt 3.80393 2.50568
f 284/1939/463 915/1938/463 283/1972/463

vt 0.552074 9.85762
vn -2.53806e-15 1 -8.34686e-16
vt 0.516359 9.86667
vt 0.530501 9.85118
vt 0.54187 9.8483
f 843/1973/464 283/1974/464 915/1975/464 914/1976/464 

vt -0.329801 12.3977
vn 3.64522e-15 -1 2.27909e-15
vt -0.193866 12.0061
f 843/1977/465 283/389/465 277/384/465 280/1978/465 

vt 2.19909 5.00189
vn 3.78763e-15 -1 1.89847e-14
vt 2.19839 4.99212
vt 2.20552 5.00143
f 920/1979/466 915/1980/466 914/1981/466

vn -1.23984e-15 -1 -8.51714e-15
vt 0.238501 12.7751
vt 0.28551 12.6397
f 816/1961/467 916/1960/467 821/1982/467 820/1983/467 

vn -0.835086 -2.6134e-15 0.55012
vt 0.152274 10.2014
f 743/1708/468 742/1984/468 807/1886/468 810/1885/468 826/1706/468 

v 15426.8 1563 1567.12
vt 1.80453 5.55692
vn 0.835086 -6.79746e-15 -0.55012
v 15476.2 1563 1642.12
vt 1.79547 5.58303
vt 1.76001 5.57072
vt 1.76454 5.55767
vt 1.76907 5.54461
f 922/1985/469 923/1986/469 744/1987/469 743/1988/469 742/1989/469 

v 15377.4 1583 1492.12
vt 1.81941 5.53284
vn 0.835086 -1.33592e-14 -0.55012
v 15426.8 1583 1567.12
vt 1.81035 5.55894
vt 1.7736 5.53156
vt 1.77813 5.51851
f 924/1990/470 925/1991/470 922/1985/470 742/1989/470 741/1992/470 740/1993/470 

vn -0.835086 -4.55851e-15 0.55012
vt 0.156806 10.1884
f 742/1984/471 741/1994/471 902/1887/471 808/1663/471 807/1886/471 

vn -0.835086 -5.40415e-15 0.55012
vt 0.161338 10.1753
f 741/1994/472 740/1995/472 794/1617/472 797/1621/472 902/1887/472 

vt 0.179465 10.1231
vn -0.835086 -2.91104e-17 0.55012
vt 0.174933 10.1362
vt 0.16941 10.1342
vt 0.163887 10.1323
vt 0.168419 10.1193
f 740/1996/473 739/1997/473 903/1998/473 795/1999/473 794/2000/473 

v 15328 1603 1417.12
vt 1.83429 5.50875
vn 0.835086 -8.14403e-15 -0.55012
v 15377.4 1603 1492.12
vt 1.82522 5.53486
vt 1.78267 5.50545
vt 1.7872 5.4924
vt 1.78778 5.4926
f 926/2001/474 927/2002/474 924/1990/474 740/1993/474 739/2003/474 730/2004/474 737/2005/474 

vn -0.835086 -3.16564e-18 0.55012
vt 0.170401 10.1492
vt 0.164878 10.1473
f 739/1997/475 730/2006/475 731/2007/475 903/1998/475 

v 15938.6 1422 1454.62
vt 0.281074 10.3072
vn 7.39351e-16 -1 1.10635e-14
vt 0.285605 10.2942
f 928/2008/476 903/1889/476 731/1881/476 786/2009/476 

vt 0.21259 10.0103
vt 0.153467 10.1806
f 928/2010/3 792/1619/3 795/1618/3 903/2011/3 

vt -0.0731407 10.8961
vn -0.835086 -2.75694e-18 0.55012
vt -0.0597475 10.8927
f 786/2012/477 788/1609/477 792/1614/477 928/2013/477 

v 15988 1383 1529.62
vt 0.232787 10.0239
vn 8.62576e-16 -1 -1.01937e-14
vt 0.160271 10.1976
vt 0.219394 10.0273
f 929/2014/478 902/1887/478 797/2015/478 796/2016/478 

vn 2.95741e-15 -1.0639e-30 -1
f 902/1887/479 929/2014/479 804/1664/479 808/1663/479 

vn -0.835086 -3.18824e-17 0.55012
vt 0.217882 10.0214
vt 0.231275 10.018
f 796/2016/480 800/2017/480 804/2018/480 929/2014/480 

vt 0.285909 10.3674
vn 2.4645e-16 -1 -4.01255e-15
vt 0.290441 10.3544
f 829/2019/481 826/1706/481 810/1885/481 809/2020/481 

vt 1.76503 5.64818
vn -0.835086 9.95042e-15 0.55012
vt 1.77085 5.6502
vt 1.76631 5.66325
vt 1.7605 5.66124
f 809/2021/482 812/2022/482 819/2023/482 829/2024/482 

vn 0.835086 7.91824e-15 0.55012
v 17312.2 540 1379.62
vt 0.557839 9.87854
v 17336.9 540 1342.12
vt 0.553307 9.89159
f 880/1600/483 313/1601/483 930/2025/483 931/2026/483 

vt 0.611119 9.70632
vt 0.616932 9.70833
f 930/2025/3 313/1601/3 312/2027/3 316/2028/3 

vt 0.571232 9.87514
vn -4.93145e-16 1 3.52533e-15
vt 0.630326 9.70494
f 931/2029/484 930/2025/484 316/2028/484 317/2030/484 

vn -1.7385e-30 3.52533e-15 -1
vt 0.612401 9.72139
f 318/828/485 517/827/485 931/2026/485 317/2031/485 

vn -1.05799e-16 -7.48846e-15 -1
v 15864.5 540 1342.12
vt 0.404714 10.3196
f 516/826/486 932/2032/486 881/1834/486 880/1600/486 931/2026/486 517/827/486 

vn -2.18528e-16 -2.88765e-14 -1
vt 0.345591 10.4899
f 932/2032/487 516/826/487 515/825/487 729/2033/487 

vt 0.574913 10.2883
vn 1.67302e-16 1 -1.14906e-14
v 15889.2 540 1379.62
vt 0.400182 10.3326
vt 0.579445 10.2753
f 728/2034/488 933/2035/488 932/2032/488 729/2036/488 

vt 0.341059 10.5029
vn 4.92901e-16 1.44382e-14 -1
f 728/2037/489 727/1829/489 879/1828/489 933/2035/489 

vn -0.835086 -1.59322e-14 0.55012
f 881/1834/490 932/2032/490 933/2035/490 879/1828/490 

vt 2.59825 3.91241
vn -4.30682e-15 -1 4.51172e-15
vt 2.58519 3.90788
f 841/2038/491 837/1731/491 832/1729/491 833/2039/491 

vt 0.198025 10.2561
vn 0 1 -1.64895e-14
vt 0.197324 10.2463
vt 0.20446 10.2556
f 831/2040/492 828/2041/492 818/2042/492

vn -3.72253e-15 -1 2.3486e-15
vt 0.0639934 10.6602
f 828/2041/493 818/2042/493 817/2043/493 753/1698/493 824/1702/493 

vn -3.53754e-15 -1 2.33038e-15
vt 2.39752 3.86185
f 827/1714/494 828/1715/494 824/2044/494

vt 4.3123 -1.74726
vn 4.92901e-16 -1.44382e-14 -1
vt 4.30649 -1.74928
v 15889.2 1463 1379.62
vt 4.36561 -1.91957
vt 4.37142 -1.91755
f 736/2045/495 735/2046/495 934/2047/495 783/2048/495 

vn 1.67302e-16 -1 -1.14906e-14
vt 4.29309 -1.74588
v 15864.5 1463 1342.12
vt 4.35222 -1.91617
f 934/2047/496 735/2046/496 734/2049/496 935/2050/496 

v 15864.5 1483 1342.12
vt 4.3464 -1.91819
vn -2.18528e-16 2.88765e-14 -1
vt 4.28728 -1.7479
f 936/2051/497 935/2050/497 734/2049/497 733/2052/497 

vn -1.05799e-16 7.48846e-15 -1
v 17336.9 1483 1342.12
vt 4.495 -2.34618
v 17336.9 1463 1342.12
vt 4.50081 -2.34416
vt 4.50662 -2.34214
vt 4.35803 -1.91415
f 935/2050/498 936/2051/498 937/2053/498 938/2054/498 785/2055/498 784/2056/498 

v 15740.9 1483 1154.62
vt 4.27944 -1.90121
vn -2.10173e-16 -1 2.42651e-15
v 15716.2 1483 1117.12
vt 4.26604 -1.89781
v 16285.5 1483 1117.12
vt 4.32349 -2.06329
v 16384.3 1483 1267.12
vt 4.37707 -2.07687
v 16816.7 1483 1267.12
vt 4.4207 -2.20255
v 16915.5 1483 1117.12
vt 4.38707 -2.24641
v 17485.1 1483 1117.12
vt 4.44455 -2.41197
v 17460.4 1483 1154.62
vt 4.45296 -2.401
vt 4.50916 -2.56287
vt 4.51874 -2.55624
vt 4.51901 -2.55606
vt 4.52893 -2.54919
vt 4.53727 -2.53831
vt 4.55409 -2.51638
vt 4.2472 -1.73774
vt 4.22321 -1.73926
f 939/2057/499 940/2058/499 941/2059/499 942/2060/499 943/2061/499 944/2062/499 945/2063/499 946/2064/499 166/2065/499 165/2066/499 164/2067/499 163/2068/499 778/2069/499 772/2070/499 937/2053/499 936/2051/499 733/2052/499 117/2071/499 116/2072/499 

vn -0.835086 -2.2346e-17 0.55012
v 15740.9 1503 1154.62
vt 4.28095 -1.89524
v 15716.2 1503 1117.12
vt 4.26756 -1.89185
f 940/2058/500 939/2057/500 947/2073/500 948/2074/500 

vt 4.21739 -1.74127
vt 4.27362 -1.90323
f 939/2057/3 116/2072/3 115/2075/3 947/2076/3 

vt 5.10643 -1.61408
vn 6.57852e-16 -1 1.61705e-15
vt 5.0502 -1.45213
vt 5.03825 -1.45289
vt 5.09304 -1.61069
f 947/2077/501 115/2078/501 114/2079/501 948/2080/501 

v 15183.8 1698.27 1154.62
vt 0.178629 10.2505
vn -0.963524 -1.48771e-15 0.267621
v 15173.4 1708.03 1117.12
vt 0.177537 10.2628
v 15173.4 1703 1117.12
vt 0.176076 10.2623
v 15173.4 1683 1117.12
vt 0.170263 10.2603
vt 0.123755 10.2442
vt 0.117942 10.2421
vt 0.12187 10.2308
f 949/2081/502 950/2082/502 951/2083/502 952/2084/502 113/2085/502 114/2086/502 115/2087/502 

vt 0.165911 10.2588
vn -0.963524 -1.0696e-15 0.267621
v 15162.9 1717.78 1079.62
vt 0.164819 10.2711
vt 0.114014 10.2535
vt 0.108201 10.2514
vt 0.112128 10.2401
vt 0.158636 10.2563
vt 0.164449 10.2583
f 950/2088/503 953/2089/503 111/2090/503 112/2091/503 113/2092/503 952/2093/503 951/2094/503 

vt 0.0485504 10.2307
vn -0.963524 -1.16874e-14 0.267621
v 14944.2 1922.69 292.121
vt 0.0256284 10.489
v 14944.2 1903 292.121
vt 0.0199055 10.487
vt 0.00246521 10.4809
vt -0.00334822 10.4789
vt 0.000579482 10.4676
vt -0.00523395 10.4656
vt -0.00130625 10.4543
vt -0.00711968 10.4522
vt -0.00319198 10.4409
vt -0.00900541 10.4389
vt -0.00507771 10.4276
vt -0.0108911 10.4256
vt -0.00696344 10.4143
vt -0.0127769 10.4123
vt 0.0147171 10.3331
vt 0.00890362 10.331
vt 0.0128313 10.3197
vt 0.00701789 10.3177
vt 0.0109456 10.3064
vt 0.00513216 10.3044
vt 0.00905987 10.2931
vt 0.00324643 10.2911
vt 0.00717414 10.2797
vt 0.0013607 10.2777
vt 0.00528841 10.2664
vt -0.000525028 10.2644
vt 0.00340268 10.2531
vt -0.00241076 10.2511
vt 0.00151695 10.2397
vt -0.00429649 10.2377
vt -0.000368784 10.2264
vt -0.00618222 10.2244
vt -0.00225451 10.2131
f 953/2095/504 954/2096/504 955/2097/504 81/2098/504 82/2099/504 83/2100/504 84/2101/504 85/2102/504 86/2103/504 87/2104/504 88/2105/504 89/2106/504 90/2107/504 91/2108/504 92/2109/504 93/2110/504 94/2111/504 95/2112/504 96/2113/504 97/2114/504 98/2115/504 99/2116/504 100/2117/504 101/2118/504 102/2119/504 103/2120/504 104/2121/504 105/2122/504 106/2123/504 107/2124/504 108/2125/504 109/2126/504 110/2127/504 111/2128/504 

v 14943.9 1923 290.924
vt -0.0441676 10.4651
vn -0.963524 -4.09527e-14 0.267621
vt -0.0674214 10.4571
vt -0.067296 10.4567
vt -0.0498557 10.4628
vt -0.0441328 10.4648
f 956/2129/505 80/2130/505 81/2131/505 955/2132/505 954/2133/505 

vt -0.0556782 10.4611
vn -0.963524 -9.73543e-14 0.267621
v 14923.4 1942.2 217.121
vt -0.0578264 10.4854
vt -0.0750351 10.4794
vt -0.0809067 10.4773
vt -0.076979 10.466
vt -0.0827343 10.464
vt -0.078932 10.4531
f 956/2134/506 957/2135/506 76/2136/506 77/2137/506 78/2138/506 79/2139/506 80/2140/506 

v 14922.5 1943 214.059
vt -0.0696587 10.4823
vn -0.963524 -1.00617e-13 0.267621
vt -0.087099 10.4762
vt -0.0867783 10.4753
vt -0.0695696 10.4813
f 958/2141/507 75/2142/507 76/2143/507 957/2144/507 

vt -0.0812856 10.4782
vn -0.963524 -2.42884e-13 0.267621
v 14902.6 1961.72 142.121
vt -0.0833795 10.5018
vt -0.0946337 10.4979
vt -0.100447 10.4959
vt -0.0965194 10.4846
vt -0.102333 10.4826
vt -0.0987259 10.4722
f 958/2145/508 959/2146/508 71/2147/508 72/2148/508 73/2149/508 74/2150/508 75/2151/508 

v 14901.2 1963 137.194
vt 2.19008 3.84231
vn -0.963524 -1.46558e-13 0.267621
vt 2.2017 3.84634
vt 2.20119 3.84783
vt 2.18993 3.84392
f 960/2152/509 70/2153/509 71/2154/509 959/2155/509 

vn -0.963524 -8.3572e-18 0.267621
v 14892.1 1963 104.621
vt 2.19349 3.83248
vt 2.1993 3.8345
vt 2.20511 3.83652
f 70/2153/510 960/2152/510 961/2156/510 68/2157/510 69/2158/510 

v 15613.8 1963 142.121
vt 4.77168 -1.68889
vn -2.69913e-18 1 3.09488e-16
v 15610.5 1963 104.621
vt 4.78225 -1.68414
v 15468.9 1963 104.621
vt 4.76796 -1.64299
vt 4.70975 -1.47534
vt 4.7012 -1.48126
v 14902.6 1963 142.121
vt 4.6999 -1.48215
f 962/2159/511 963/2160/511 964/2161/511 961/2162/511 960/2163/511 965/2164/511 

vn 9.70054e-16 8.56226e-16 -1
v 15468.9 1943 104.621
vt 4.77377 -1.64097
vt 4.71557 -1.47332
f 961/2162/512 964/2161/512 966/2165/512 68/2166/512 

v 15468.9 1923 104.621
vt 4.16769 -1.8514
vn 9.54408e-16 2.25597e-16 -1
vt 4.10948 -1.68375
vt 4.10367 -1.68577
vt 4.16187 -1.85341
f 967/2167/513 69/2168/513 68/2169/513 966/2170/513 

v 15468.9 1923 142.121
vt 4.17859 -1.84761
vn -1.72613e-16 -1 4.15168e-15
vt 4.12143 -1.68299
vt 4.11986 -1.68309
f 968/2171/514 71/2172/514 70/2173/514 69/2168/514 967/2167/514 

v 15468.9 1903 142.121
vt 4.1844 -1.84559
vn 1.2269e-15 -6.76792e-15 -1
vt 4.12725 -1.68097
f 969/2174/515 72/2175/515 71/2172/515 968/2171/515 

v 15468.9 1903 179.621
vt 4.1953 -1.84181
vn -2.26019e-16 -1 1.47521e-15
vt 4.1392 -1.68022
f 970/2176/516 73/2177/516 72/2175/516 969/2174/516 

v 15468.9 1883 179.621
vt 4.78976 -1.63542
vn 1.03887e-15 -1.80478e-15 -1
vt 4.73366 -1.47383
vt 4.72784 -1.47585
vt 4.78395 -1.63744
f 971/2178/517 74/2179/517 73/2180/517 970/2181/517 

v 15468.9 1883 217.121
vt 4.80066 -1.63163
vn 9.95711e-17 -1 -4.71156e-16
vt 4.74561 -1.47307
vt 4.74463 -1.47313
f 972/2182/518 76/2183/518 75/2184/518 74/2179/518 971/2178/518 

v 15468.9 1862.8 217.121
vt 4.80653 -1.6296
vn 1.22413e-15 -6.25418e-15 -1
vt 4.75148 -1.47103
f 973/2185/519 77/2186/519 76/2183/519 972/2182/519 

v 15468.9 1862.8 254.621
vt 4.81743 -1.62581
vn 1.65392e-17 -1 2.3834e-16
vt 4.76343 -1.47028
f 974/2187/520 78/2188/520 77/2186/520 973/2185/520 

v 15468.9 1843 254.621
vt 4.81156 -1.62785
vn 1.51778e-15 -1.36726e-14 -1
vt 4.75756 -1.47231
vt 4.7518 -1.47431
vt 4.8058 -1.62985
f 975/2189/521 79/2190/521 78/2191/521 974/2192/521 

v 15468.9 1843 292.121
vt 4.82246 -1.62407
vn 4.60518e-16 -1 -2.76648e-16
vt 4.76951 -1.47156
vt 4.76913 -1.47158
f 976/2193/522 81/2194/522 80/2195/522 79/2190/522 975/2189/522 

v 15468.9 1823 292.121
vt 4.82827 -1.62205
vn 1.27273e-15 -6.31672e-15 -1
vt 4.77532 -1.46954
f 977/2196/523 82/2197/523 81/2194/523 976/2193/523 

v 15468.9 1823 329.621
vt 4.83917 -1.61826
vn -3.57843e-17 -1 -4.76305e-16
vt 4.78727 -1.46878
f 978/2198/524 83/2199/524 82/2197/524 977/2196/524 

v 15468.9 1803 329.621
vt 4.83336 -1.62028
vn 9.82653e-16 5.54978e-31 -1
vt 4.78146 -1.4708
vt 4.77565 -1.47282
vt 4.82755 -1.6223
f 979/2200/525 84/2201/525 83/2202/525 978/2203/525 

v 15468.9 1803 367.121
vt 4.84426 -1.6165
vn 1.05988e-16 -1 4.66555e-16
vt 4.79341 -1.47004
f 980/2204/526 85/2205/526 84/2201/526 979/2200/526 

v 15468.9 1783 367.121
vt 4.85007 -1.61448
vn 1.21789e-15 -5.41434e-15 -1
vt 4.79923 -1.46803
f 981/2206/527 86/2207/527 85/2205/527 980/2204/527 

v 15468.9 1783 404.621
vt 2.61735 2.7805
vn 5.42478e-16 -1 -5.56612e-16
vt 2.47393 2.7307
vt 2.47468 2.71875
vt 2.62114 2.7696
f 982/2208/528 87/2209/528 86/2210/528 981/2211/528 

v 15468.9 1763 404.621
vt 4.85516 -1.61271
vn 1.02414e-15 4.93323e-31 -1
vt 4.80536 -1.46929
vt 4.79955 -1.4713
vt 4.84935 -1.61473
f 983/2212/529 88/2213/529 87/2214/529 982/2215/529 

v 15468.9 1763 442.121
vt 4.86606 -1.60893
vn 6.64534e-16 -1 -1.05484e-15
vt 4.81732 -1.46853
f 984/2216/530 89/2217/530 88/2213/530 983/2212/530 

v 15468.9 1743 442.121
vt 4.87187 -1.60691
vn 1.27041e-15 -5.41434e-15 -1
vt 4.82313 -1.46651
f 985/2218/531 90/2219/531 89/2217/531 984/2216/531 

v 15468.9 1743 479.621
vt 4.88277 -1.60312
vn 3.42793e-16 -1 -3.41653e-15
vt 4.83508 -1.46575
f 986/2220/532 91/2221/532 90/2219/532 985/2218/532 

v 15468.9 1723 479.621
vt -0.28023 11.1826
vn 3.81886e-16 -1.26334e-14 -1
vt -0.286044 11.1806
f 987/2222/533 92/152/533 91/151/533 986/2223/533 

vt 4.88859 -1.60111
vn 4.09045e-17 -1 -7.02831e-16
vt 4.92455 -1.45844
vt 4.84089 -1.46374
f 987/2224/534 93/2225/534 92/2226/534

v 15469.2 1723 742.121
vt 4.96492 -1.57471
f 93/2225/534 987/2224/534 988/2227/534

v 15468.9 1723 442.121
vt 4.87769 -1.60489
f 988/2227/534 987/2224/534 989/2228/534

vt 2.62141 2.80634
vn -1 2.21887e-28 -6.16031e-14
vt 2.62519 2.79543
vt 2.63101 2.79745
vt 2.62722 2.80835
f 986/2229/535 985/2230/535 989/2231/535 987/2232/535 

vn 7.75472e-17 -1.20319e-15 -1
v 17732.1 1763 442.121
vt 5.09446 -2.26678
v 17732.1 1743 442.121
vt 5.10028 -2.26477
v 17732.1 1723 442.121
vt 5.10609 -2.26275
f 989/2228/536 985/2218/536 984/2216/536 990/2233/536 991/2234/536 992/2235/536 

v 15468.9 1763 367.121
vn 1.61646e-17 -1 1.13886e-17
v 17732.1 1763 367.121
vt 5.07266 -2.27435
v 17732.1 1763 404.108
vt 5.08341 -2.27062
f 993/2204/537 994/2236/537 995/2237/537 990/2233/537 984/2216/537 983/2212/537 

vt 4.83263 -1.62053
vn 7.09715e-17 -1.80478e-15 -1
v 17732.1 1803 367.121
vt 5.06103 -2.27839
v 17732.1 1783 367.121
vt 5.06685 -2.27637
vt 4.83845 -1.61851
f 980/2238/538 996/2239/538 997/2240/538 994/2236/538 993/2204/538 981/2241/538 

v 15468.9 1803 292.121
vt 4.83409 -1.62003
vn 2.63611e-17 -1 1.54955e-15
v 17732.1 1803 292.121
vt 5.06249 -2.27789
v 17732.1 1803 329.621
vt 5.07339 -2.2741
vt 5.08429 -2.27032
vt 4.85589 -1.61246
vt 4.84499 -1.61624
f 998/2242/539 999/2243/539 1000/2244/539 996/2245/539 980/2246/539 979/2247/539 

vn 1.10049e-15 -2.10557e-15 -1
v 17732.1 1843 292.121
vt 5.05086 -2.28192
v 17732.1 1823 292.121
vt 5.05667 -2.2799
f 998/2242/540 977/2196/540 976/2193/540 1001/2248/540 1002/2249/540 999/2243/540 

vn -1 3.3354e-30 -6.16031e-14
vt 4.83029 -1.62786
vt 4.84119 -1.62408
f 978/2198/541 977/2196/541 998/2250/541 979/2251/541 

vt 4.82319 -1.62381
vn -3.32852e-17 -1 -2.62962e-15
v 15468.9 1843 217.121
vt 4.81229 -1.6276
v 17732.1 1843 217.121
vt 5.04069 -2.28545
v 17732.1 1843 254.621
vt 5.05159 -2.28167
f 975/2252/542 1003/2253/542 1004/2254/542 1005/2255/542 1001/2243/542 976/2242/542 

vt 2.60929 2.72884
vn -1 5.83363e-14 -9.24047e-14
vt 2.61308 2.71794
vt 2.61883 2.71994
vt 2.61505 2.73084
f 974/2256/543 973/2257/543 1003/2258/543 975/2259/543 

vn 1.10015e-15 -2.14058e-15 -1
v 17732.1 1883 217.121
vt 5.02906 -2.28949
v 17732.1 1863 217.121
vt 5.03487 -2.28747
f 1003/2253/544 973/2185/544 972/2182/544 1006/2260/544 1007/2261/544 1004/2254/544 

vt 2.62568 2.69789
vn 4.1289e-17 -1 1.47964e-16
v 15468.9 1883 142.121
vt 2.61478 2.6941
v 17732.1 1883 142.121
vt 2.84318 2.03625
v 17732.1 1883 179.621
vt 2.85408 2.04003
vt 2.86498 2.04382
vt 2.63658 2.70167
f 971/2262/545 1008/2263/545 1009/2264/545 1010/2265/545 1006/2266/545 972/2267/545 

vt 2.60518 2.70299
vn -1 -2.51211e-28 -6.16031e-14
vt 2.60896 2.69209
vt 2.61099 2.705
f 970/2268/546 969/2269/546 1008/2263/546 971/2270/546 

vn 1.08225e-15 -3.00796e-15 -1
vt 2.60315 2.69007
v 17732.1 1923 142.121
vt 2.83155 2.03221
v 17732.1 1903 142.121
vt 2.83736 2.03423
f 1008/2263/547 969/2269/547 968/2271/547 1011/2272/547 1012/2273/547 1009/2264/547 

vt 4.20039 -1.84004
vn 9.4861e-17 -1 -2.03329e-16
vt 4.18949 -1.84383
v 15468.9 1923 67.1211
v 17732.1 1923 67.1211
vt 4.40699 -2.50547
v 17732.1 1923 104.621
vt 4.41789 -2.50168
vt 4.42879 -2.4979
f 968/2274/548 967/2275/548 1013/2171/548 1014/2276/548 1015/2277/548 1011/2278/548 

v 15468.9 1943 67.1211
vt 4.17277 -1.84963
vn -1 3.47385e-29 -6.16031e-14
vt 4.1748 -1.83671
vt 4.16899 -1.83873
f 1016/2279/549 1013/2171/549 967/2280/549 966/2281/549 

vn -3.29606e-16 3.38396e-16 -1
v 15468.9 1963 67.1211
vt 4.16696 -1.85165
v 17732.1 1963 67.1211
vt 4.39536 -2.50951
v 17732.1 1943 67.1211
vt 4.40117 -2.50749
f 1016/2279/550 1017/2282/550 1018/2283/550 1019/2284/550 1014/2276/550 1013/2171/550 

vt 4.6978 -1.4761
vn 2.28222e-15 2.25597e-16 -1
vt 4.75706 -1.64677
vt 4.76287 -1.64475
vt 4.70362 -1.47408
f 66/2285/551 1017/2286/551 1016/2287/551 67/2288/551 

vn 6.2945e-17 -1 -2.05603e-15
vt 4.69649 -1.47618
f 1017/2286/552 66/2285/552 65/2289/552 64/182/552 121/183/552 

v 14880.6 1982.3 63.0186
vt 2.19223 3.81798
vn -0.963524 -5.61009e-13 0.267621
vt 2.19784 3.81993
vt 2.19741 3.82117
v 14881.7 1981.23 67.1211
vt 2.19211 3.81933
f 1020/2290/553 65/2291/553 66/2292/553 1021/2293/553 

v 14892.1 1971.48 104.621
vt -0.107725 10.5061
vn -0.963524 -5.62957e-13 0.267621
vt -0.108816 10.5184
vt -0.114116 10.5165
vt -0.119929 10.5145
vt -0.116002 10.5032
vt -0.110188 10.5052
f 1022/2294/554 1021/2295/554 66/2296/554 67/2297/554 68/2298/554 961/2299/554 

vn 1.00781e-16 -1 -8.56226e-16
f 966/2165/555 68/2166/555 67/2288/555 1016/2287/555 

vn -0.963524 -1.79485e-16 0.267621
vt 2.19102 3.83162
f 961/2156/556 960/2152/556 1022/2300/556

v 14881.7 1982.3 67.1211
vt 2.1918 3.81922
vn -0.963524 1.15843e-11 0.267621
f 1023/2301/557 1020/2290/557 1021/2293/557

vt 4.15606 -1.85543
vn -1.64e-16 -1 1.83906e-15
v 15468.9 1963 -7.87891
vt 4.14516 -1.85922
v 17732.1 1963 -7.87891
vt 4.37356 -2.51707
v 17732.1 1963 29.1076
vt 4.38431 -2.51334
f 121/2302/558 1024/2303/558 1025/2304/558 1026/2305/558 1018/2283/558 1017/2282/558 

vt 4.74818 -1.65637
vn -1 9.37039e-29 -6.16031e-14
vt 4.73728 -1.66015
f 121/2306/559 120/183/559 122/186/559 1024/2307/559 

vt 4.16115 -1.85367
vn 1.2663e-16 3.38396e-16 -1
vt 4.15533 -1.85569
vt 4.38373 -2.51354
v 17732.1 1983 -7.87891
vt 4.38955 -2.51152
f 122/2308/560 123/2309/560 125/2310/560 1027/2311/560 1025/2283/560 1024/2282/560 

vn 2.20257e-18 -1 6.85353e-17
vt 4.02486 -1.949
vt 4.04345 -2.00254
vt 4.22351 -2.52116
f 34/62/561 35/63/561 125/2310/561 123/2309/561 118/1511/561 48/1512/561 42/2312/561 41/2313/561 37/2314/561 

vn -1.90061e-15 2.81997e-17 -1
vt 4.45091 -2.68826
f 125/2310/562 35/63/562 234/2315/562 1027/2311/562 

vn 1.00932e-15 -1 3.86084e-15
vt 4.46062 -2.68154
v 17732.1 1983 29.1076
vt 4.4003 -2.50779
f 1027/2311/563 234/2315/563 233/2316/563 1028/2317/563 

vt 1.99633 4.36469
vn -4.60438e-16 3.38396e-15 -1
vt 1.936 4.53844
vt 1.93019 4.53642
vt 1.99051 4.36267
f 232/2318/564 1026/2319/564 1028/2320/564 233/2321/564 

vn 5.32692e-16 -1 -2.20217e-15
vt 2.00604 4.37141
vt 1.94705 4.54227
f 1026/2319/565 232/2318/565 231/2322/565 230/305/565 1018/2323/565 

v 18319.6 1983 66.0941
vt 2.00061 4.36926
vn -0.963524 6.72813e-18 -0.267621
f 1029/2324/566 233/308/566 232/307/566 231/306/566 

vt 3.0884 1.23613
v 18319.3 1983 67.1211
vt 3.08851 1.23582
vt 3.09432 1.23784
vt 3.09421 1.23815
f 1029/2325/159 1030/2326/159 230/2327/159 231/2328/159 

vn -1.20637e-15 -6.99352e-15 -1
vt 1.95287 4.54429
f 1018/2323/567 230/305/567 229/304/567 1019/2329/567 

v 18308.9 1963 104.621
vt 2.00238 4.3829
vn -0.963524 -1.73158e-16 -0.267621
f 1031/2330/568 230/305/568 229/304/568 228/303/568 

vn -1.39953e-16 -1 1.18375e-15
vt 2.02197 4.38042
v 17732.1 1943 104.621
vt 1.96377 4.54808
f 1019/2329/569 229/304/569 228/2331/569 1032/2332/569 

vt 1.9558 4.55459
vn -9.70008e-16 7.0522e-31 -1
vt 1.94999 4.55258
f 1015/2333/570 1032/2334/570 228/303/570 227/302/570 

vn 1 1.86226e-30 6.16031e-14
vt 1.96175 4.55389
vt 1.95085 4.5501
f 1019/2329/571 1032/2332/571 1015/2335/571 1014/2336/571 

v 18298.8 1963 141.094
vt 2.12537 4.02866
vn -0.963524 1.22069e-17 -0.267621
vt 2.12919 4.01766
vt 2.13501 4.01968
vt 2.14082 4.0217
vt 2.137 4.0327
f 1033/2337/572 1031/2338/572 228/2339/572 227/2340/572 226/2341/572 

vn 4.28183e-17 -1 1.866e-15
vt 2.02359 4.39357
vt 2.02386 4.39375
vt 1.9667 4.55838
f 1015/2333/573 227/302/573 226/2342/573 225/2343/573 1011/2344/573 

vt 3.08636 1.26078
v 18298.5 1963 142.121
vt 3.08646 1.26047
v 18298.5 1943 142.121
vt 3.09228 1.26249
vt 3.09809 1.26451
vt 3.09798 1.26482
f 1033/2345/159 1034/2346/159 1035/2347/159 225/2348/159 226/2349/159 

v 18277.9 1943 216.094
vt 2.13904 4.00806
vn -0.963524 -2.89702e-17 -0.267621
vt 2.14679 3.98574
vt 2.1526 3.98776
vt 2.15842 3.98978
vt 2.15449 4.00109
vt 2.1603 4.00311
vt 2.15648 4.01411
f 1036/2350/574 1035/2351/574 225/2352/574 224/2353/574 223/2354/574 222/2355/574 221/2356/574 

vn -1.48177e-15 -1.3987e-14 -1
vt 2.02967 4.39577
vt 1.97252 4.5604
f 1011/2344/575 225/2343/575 224/2357/575 1012/2358/575 

vt 1.84198 4.38926
vn 8.1442e-17 -1 -2.15442e-15
v 17732.1 1903 179.621
vt 1.84125 4.40077
f 1012/2359/576 224/299/576 223/298/576 1037/2360/576 

vt 1.96168 4.5752
vn -9.73891e-16 -2.50556e-31 -1
vt 1.95586 4.57318
f 1010/2361/577 1037/2362/577 223/298/577 222/297/577 

vt 1.95208 4.58408
vn 1 8.3385e-31 6.16031e-14
vt 1.95789 4.5861
f 1012/2363/578 1037/2362/578 1010/2361/578 1009/2364/578 

vn -1.36472e-16 -1 -1.54282e-15
vt 2.02736 4.42023
vt 2.02763 4.42042
vt 1.97258 4.57899
f 1010/2361/579 222/297/579 221/2365/579 220/2366/579 1006/2367/579 

vt 3.08431 1.28542
vn 0.963524 2.87814e-19 0.267621
v 18277.7 1943 217.121
vt 3.08442 1.28511
v 18277.7 1923 217.121
vt 3.09023 1.28713
vt 3.10186 1.29117
vt 3.10175 1.29148
f 1036/2368/580 1038/2369/580 1039/2370/580 220/2371/580 221/2372/580 

v 18257.1 1923 291.094
vt 2.15271 3.98745
vn -0.963524 -1.83614e-17 -0.267621
vt 2.16046 3.96513
vt 2.17209 3.96917
vt 2.1779 3.97119
vt 2.17397 3.9825
vt 2.17978 3.98452
vt 2.17596 3.99552
f 1040/2373/581 1039/2374/581 220/2375/581 219/2376/581 218/2377/581 217/2378/581 216/2379/581 

vt 1.9588 4.58349
vn -1.22406e-15 -6.31672e-15 -1
vt 1.96461 4.58551
f 1006/2380/582 220/295/582 219/294/582 1007/2381/582 

vt 1.85215 4.41633
vn -6.64753e-17 -1 -4.90506e-16
v 17732.1 1863 254.621
vt 1.85142 4.42784
f 1007/2382/583 219/294/583 218/293/583 1041/2383/583 

vt 1.94796 4.59829
vn -1.24789e-15 -6.31672e-15 -1
vt 2.00196 4.44275
vt 2.00778 4.44477
vt 1.95377 4.60031
f 1041/2384/584 218/2385/584 217/2386/584 1005/2387/584 

vn -5.3865e-17 -1 -7.69168e-16
vt 2.01736 4.45139
vt 1.96467 4.60409
f 1005/2387/585 217/2386/585 216/2388/585 215/290/585 1001/2389/585 

vt 3.08227 1.31007
vn 0.963524 1.58297e-19 0.267621
v 18256.8 1923 292.121
vt 3.08238 1.30976
v 18256.8 1903 292.121
vt 3.08819 1.31178
vt 3.10563 1.31783
vt 3.10553 1.31814
f 1040/2390/586 1042/2391/586 1043/2392/586 215/2393/586 216/2394/586 

v 18236.3 1903 366.094
vt 2.16638 3.96684
vn -0.963524 -8.18327e-18 -0.267621
vt 2.17413 3.94453
vt 2.19157 3.95058
vt 2.19738 3.9526
vt 2.19345 3.96391
vt 2.19927 3.96593
vt 2.19545 3.97693
f 1044/2395/587 1043/2396/587 215/2397/587 214/2398/587 213/2399/587 212/2400/587 211/2401/587 

vn -2.71731e-15 -1.35358e-14 -1
vt 1.97049 4.60611
f 1001/2389/588 215/290/588 214/289/588 1002/2402/588 

vt 1.86232 4.44339
vn -1.03865e-16 -1 4.6685e-16
v 17732.1 1823 329.621
vt 1.86159 4.45491
f 1002/2403/589 214/289/589 213/288/589 1045/2404/589 

vt 1.96761 4.6144
vn -1.19316e-15 -5.41434e-15 -1
vt 1.97342 4.61642
f 1045/2405/590 213/288/590 212/287/590 1000/2406/590 

vt 1.8674 4.45693
vn -3.04223e-17 -1 5.46876e-16
vt 1.86667 4.46844
f 1000/2407/591 212/287/591 211/286/591 210/285/591 996/2408/591 

vt 3.08023 1.33471
v 18236 1903 367.121
vt 3.08034 1.3344
v 18236 1883 367.121
vt 3.08615 1.33642
vt 3.1094 1.34449
vt 3.1093 1.3448
f 1044/2409/159 1046/2410/159 1047/2411/159 210/2412/159 211/2413/159 

v 18215.4 1883 441.094
vt 2.18005 3.94623
vt 2.1878 3.92392
vt 2.21105 3.93199
vt 2.21686 3.93401
vt 2.21299 3.94517
vt 2.2188 3.94719
vt 2.21493 3.95834
f 1048/2414/305 1047/2415/305 210/2416/305 209/2417/305 208/2418/305 207/2419/305 206/2420/305 

vt 1.95696 4.62914
vn -1.21782e-15 -5.41434e-15 -1
vt 2.00781 4.48268
vt 2.01362 4.4847
vt 1.96277 4.63116
f 996/2421/592 210/2422/592 209/2423/592 997/2424/592 

vn 7.45316e-19 -1 9.76016e-16
v 17732.1 1783 404.108
vt 1.97352 4.63489
f 997/2424/593 209/2423/593 208/283/593 1049/2425/593 

vn -1.24317e-15 -5.41434e-15 -1
vt 1.97934 4.63691
f 1049/2425/594 208/283/594 207/282/594 995/2426/594 

vt 1.87758 4.48384
vn -7.40196e-17 -1 -1.16309e-17
vt 1.87684 4.49551
f 995/2427/595 207/282/595 206/281/595 205/280/595 990/2428/595 

vt 3.07819 1.35935
v 18215.2 1883 442.121
vt 3.0783 1.35904
v 18215.2 1863 442.121
vt 3.08411 1.36106
vt 3.11318 1.37116
vt 3.11307 1.37146
f 1048/2429/308 1050/2430/308 1051/2431/308 205/2432/308 206/2433/308 

v 18194.6 1863 516.094
vt 2.19372 3.92563
vn -0.963524 -7.06708e-18 -0.267621
vt 2.20147 3.90331
vt 2.23053 3.9134
vt 2.23635 3.91542
vt 2.23242 3.92673
vt 2.23823 3.92875
vt 2.23441 3.93976
f 1052/2434/596 1051/2435/596 205/2436/596 204/2437/596 203/2438/596 202/2439/596 201/2440/596 

vt 1.97642 4.64531
vn -1.27034e-15 -5.41434e-15 -1
vt 1.98224 4.64733
f 990/2441/597 205/280/597 204/279/597 991/2442/597 

vn -1.12886e-16 -1 4.65597e-16
vt 2.04083 4.51373
v 17732.1 1743 479.621
vt 1.99314 4.65111
f 991/2442/598 204/279/598 203/2443/598 1053/2444/598 

vn -1.14559e-15 -1.80478e-15 -1
vt 2.04665 4.51575
v 17732.1 1723 479.621
vt 1.99895 4.65313
f 1053/2444/599 203/2443/599 202/2445/599 1054/2446/599 

v 17732.1 1723 742.121
vt 5.19329 -2.23247
vt 5.11699 -2.25896
vt 5.16469 -2.39634
f 1055/2447/534 1054/2448/534 202/2449/534

f 1055/2447/534 992/2235/534 1054/2448/534

v 17111.4 1723 592.121
vt 5.08704 -2.06717
f 1055/2447/534 1056/2450/534 992/2235/534

v 17062 1723 667.121
vt 5.10386 -2.04524
f 1055/2447/534 1057/2451/534 1056/2450/534

v 17012.6 1723 742.121
vt 5.12067 -2.02331
f 1058/2452/534 1057/2451/534 1055/2447/534

v 16963.1 1723 817.121
vt 5.13749 -2.00138
f 1059/2453/534 1057/2451/534 1058/2452/534

v 16864.3 1723 967.121
vt 5.17112 -1.95752
f 1060/2454/534 1057/2451/534 1059/2453/534

v 16336.7 1723 967.121
vt 5.11787 -1.80416
f 1061/2455/534 1057/2451/534 1060/2454/534

v 16188.5 1723 742.121
vt 5.03751 -1.78378
f 1062/2456/534 1057/2451/534 1061/2455/534

v 16139.1 1723 667.121
vt 5.01072 -1.77699
f 1062/2456/534 1063/2457/534 1057/2451/534

v 16089.7 1723 592.121
vt 4.98394 -1.7702
f 1062/2456/534 1064/2458/534 1063/2457/534

v 15666.9 1723 742.121
vt 4.98487 -1.63217
f 1064/2458/534 1062/2456/534 1065/2459/534

v 15469.2 1703 742.121
vt 4.94748 -1.58076
vn 8.64981e-16 1.0397e-29 -1
vt 4.94167 -1.58278
vt 4.96162 -1.64024
vt 5.01426 -1.79185
v 16188.5 1683 742.121
vt 5.02588 -1.78782
v 15469.2 1683 742.121
vt 4.95329 -1.57874
f 1066/2460/600 988/2461/600 1065/2462/600 1062/2463/600 1067/2464/600 1068/2465/600 

vt 4.90711 -1.46449
vn -4.45663e-31 4.9387e-15 -1
vt 4.91293 -1.46247
f 93/2466/601 988/2460/601 1066/2465/601 94/2467/601 

v 15493.9 1703 779.621
vt 4.96669 -1.58214
vn 2.68995e-16 -1 -4.9387e-15
vt 4.92488 -1.46172
f 1069/2468/602 95/2469/602 94/2467/602 1066/2465/602 

vn 7.01451e-45 -7.21911e-15 -1
v 15493.9 1683 779.621
vt 4.9725 -1.58012
vt 4.93069 -1.4597
f 95/2469/603 1069/2468/603 1070/2470/603 96/2471/603 

vn -0.835086 3.92864e-15 0.55012
vt 4.95178 -1.58471
vt 4.96517 -1.5881
f 1066/2465/604 1068/2472/604 1070/2473/604 1069/2468/604 

v 15710 1683 817.121
vt 4.9994 -1.64117
vn -1.83418e-16 -1 -3.73157e-15
v 15518.6 1683 817.121
vt 4.98008 -1.58554
v 16336.7 1683 967.121
vt 5.10624 -1.80819
v 16864.3 1683 967.121
vt 5.15949 -1.96156
v 16963.1 1683 817.121
vt 5.12586 -2.00542
v 17038.1 1683 817.121
vt 5.13343 -2.02722
v 16889.9 1683 1042.12
vt 5.18387 -1.96143
v 16311.1 1683 1042.12
vt 5.12546 -1.79319
v 16162.9 1683 817.121
vt 5.0451 -1.77281
f 1071/2474/605 1072/2475/605 1070/2468/605 1068/2465/605 1067/2464/605 1073/2476/605 1074/2477/605 1075/2478/605 1076/2479/605 1077/2480/605 1078/2481/605 1079/2482/605 

v 15518.6 1663 817.121
vt 4.98589 -1.58352
vn -1.05207e-15 -5.35743e-15 -1
v 16162.9 1643 817.121
vt 5.05673 -1.76877
v 15518.6 1643 817.121
vt 4.99171 -1.5815
f 1080/2483/606 1072/2475/606 1071/2474/606 1079/2482/606 1081/2484/606 1082/2485/606 

vt 4.93683 -1.46096
vn 2.02133e-15 -2.58184e-15 -1
vt 4.94264 -1.45894
f 97/2486/607 1072/2475/607 1080/2483/607 98/2487/607 

vn -3.4105e-16 -1 1.6523e-14
f 1072/2475/608 97/2486/608 96/2469/608 1070/2468/608 

v 15543.3 1663 854.621
vt 4.99347 -1.58893
vn -3.74723e-16 -1 2.58184e-15
vt 4.94878 -1.4602
f 1083/2488/609 99/2489/609 98/2486/609 1080/2475/609 

vt 4.95459 -1.45819
vn -4.8903e-16 1.08287e-14 -1
v 15543.3 1643 854.621
vt 4.99929 -1.58691
f 100/2490/610 99/2489/610 1083/2488/610 1084/2491/610 

vn -0.835086 -7.92498e-15 0.55012
vt 4.97857 -1.5915
vt 4.99196 -1.5949
f 1080/2475/611 1082/2492/611 1084/2493/611 1083/2488/611 

v 15568 1643 892.121
vt 5.01849 -1.58829
vn 7.42719e-17 -1 -1.36273e-15
vt 5.0051 -1.58489
v 16311.1 1643 1042.12
vt 5.13709 -1.78915
v 16889.9 1643 1042.12
vt 5.1955 -1.95739
v 17038.1 1643 817.121
vt 5.14506 -2.02318
v 17682.7 1643 817.121
vt 5.2101 -2.21054
v 17658.4 1643 854.108
vt 5.2184 -2.19973
v 17633.3 1643 892.121
vt 5.22692 -2.18861
v 17063.7 1643 892.121
vt 5.16944 -2.02306
v 16915.5 1643 1117.12
vt 5.21988 -1.95726
v 16285.5 1643 1117.12
vt 5.1563 -1.77414
v 16137.3 1643 892.121
vt 5.07594 -1.75376
f 1085/2494/612 1084/2495/612 1082/2485/612 1081/2484/612 1086/2496/612 1087/2497/612 1088/2498/612 1089/2499/612 1090/2500/612 1091/2501/612 1092/2502/612 1093/2503/612 1094/2504/612 1095/2505/612 

vt 4.26998 -1.84817
vn -3.99682e-16 -1 4.9999e-15
vt 4.22384 -1.71529
vt 4.21189 -1.71604
vt 4.25659 -1.84477
f 1085/2506/613 101/2507/613 100/2508/613 1084/2509/613 

vt 4.22966 -1.71327
vn 1.10541e-15 -9.02389e-16 -1
v 15568 1623 892.121
vt 4.27579 -1.84615
f 102/2510/614 101/2507/614 1085/2506/614 1096/2511/614 

vt 4.98943 -1.59838
vn 1.01449e-15 -1.46756e-32 -1
vt 4.98361 -1.6004
vt 5.04106 -1.76588
v 16137.3 1603 892.121
vt 5.05269 -1.76184
v 15568 1603 892.121
vt 4.99524 -1.59636
f 1096/2512/615 1085/2513/615 1095/2514/615 1097/2515/615 1098/2516/615 

v 16334.9 1563 1192.12
vt 5.18914 -1.75707
vn 0.835086 1.54358e-16 -0.55012
v 16384.3 1563 1267.12
vt 5.21593 -1.76387
vt 5.22198 -1.74001
vt 5.1684 -1.72642
v 16285.5 1523 1117.12
vt 5.16538 -1.73835
v 16236.1 1523 1042.12
vt 5.13859 -1.73156
v 16236.1 1563 1042.12
vt 5.13557 -1.74349
v 16186.7 1563 967.121
vt 5.10878 -1.7367
v 16186.7 1603 967.121
vt 5.10576 -1.74863
vt 5.07897 -1.74183
v 16285.5 1603 1117.12
vt 5.15933 -1.76221
v 16334.9 1603 1192.12
vt 5.18611 -1.769
f 1099/2517/616 1100/2518/616 942/2519/616 941/2520/616 1101/2521/616 1102/2522/616 1103/2523/616 1104/2524/616 1105/2525/616 1097/2526/616 1095/2505/616 1094/2504/616 1106/2527/616 1107/2528/616 

vt 2.10923 5.08781
vn 1.33077e-16 -1 3.85019e-15
v 16866.1 1563 1192.12
v 16816.7 1563 1267.12
vt 2.12963 5.10644
f 1099/2529/617 1108/887/617 1109/870/617 1100/2530/617 

vt 4.359 -2.06705
vn -8.15433e-16 -3.85019e-15 -1
v 16866.1 1603 1192.12
vt 4.41261 -2.22145
vt 4.42423 -2.21741
vt 4.37063 -2.06301
f 1107/2531/618 1110/2532/618 1108/2533/618 1099/2534/618 

vn 2.67903e-16 -1 -1.9251e-15
vt 2.12085 5.09184
vt 2.10044 5.07321
v 16915.5 1603 1117.12
f 1110/886/619 1107/2535/619 1106/2536/619 1111/875/619 

vn -8.82381e-31 1.9251e-15 -1
vt 5.23151 -1.95323
vt 5.16793 -1.77011
f 1094/2504/620 1093/2503/620 1111/2537/620 1106/2538/620 

v 16915.5 1523 1117.12
vt 5.24918 -1.97973
vn -0.835086 1.36967e-14 -0.55012
vt 5.25895 -1.98722
vt 5.29258 -1.94336
vt 5.27304 -1.92838
vt 5.25623 -1.95031
vt 5.24646 -1.94282
vt 5.22965 -1.96475
v 17063.7 1603 892.121
vt 5.17921 -2.03054
v 17014.3 1603 967.121
vt 5.19602 -2.00861
v 17014.3 1563 967.121
vt 5.20579 -2.0161
v 16964.9 1563 1042.12
vt 5.2226 -1.99417
v 16964.9 1523 1042.12
vt 5.23237 -2.00166
f 1112/2539/621 944/2540/621 943/2541/621 1109/2542/621 1108/2543/621 1110/2544/621 1111/2545/621 1093/2503/621 1092/2502/621 1113/2546/621 1114/2547/621 1115/2548/621 1116/2549/621 1117/2550/621 

vn -2.62627e-15 -1.84166e-14 -1
vt 4.37545 -2.25044
v 17485.1 1523 1117.12
vt 4.43293 -2.416
v 17485.1 1503 1117.12
vt 4.43874 -2.41398
f 945/2063/622 944/2062/622 1112/2551/622 1118/2552/622 1119/2553/622 

vn 8.5082e-16 -1 -1.57239e-15
vt 4.35863 -2.27238
v 17534.5 1523 1042.12
vt 4.41611 -2.43793
v 17509.8 1523 1079.62
vt 4.42452 -2.42697
f 1118/2552/623 1112/2551/623 1117/2554/623 1120/2555/623 1121/2556/623 

vn 1.44006e-15 -1.07427e-14 -1
vt 4.347 -2.27641
v 17534.5 1563 1042.12
vt 4.40448 -2.44197
v 17534.5 1543 1042.12
vt 4.4103 -2.43995
f 1120/2555/624 1117/2554/624 1116/2557/624 1122/2558/624 1123/2559/624 

vt 2.45566 4.95235
vn 4.29445e-16 -1 1.67195e-15
v 17583.9 1563 967.121
vt 2.46472 4.92624
v 17559.2 1563 1004.62
vt 2.46019 4.93929
f 1122/2560/625 1116/880/625 1115/881/625 1124/2561/625 1125/2562/625 

vt 4.49667 -2.42606
vn 7.47171e-16 -1.14084e-14 -1
vt 4.43919 -2.2605
vt 4.42756 -2.26453
v 17583.9 1603 967.121
vt 4.48505 -2.43009
v 17583.9 1583 967.121
vt 4.49086 -2.42807
f 1124/2563/626 1115/2564/626 1114/2565/626 1126/2566/626 1127/2567/626 

vt 2.47635 4.93028
vn 6.96361e-16 -1 -3.4662e-15
v 17633.3 1603 892.121
vt 2.48541 4.90417
v 17608.9 1603 929.108
vt 2.48094 4.91704
f 1126/2568/627 1114/882/627 1113/883/627 1128/2569/627 1129/2570/627 

vt 5.23855 -2.18458
vn -1.54862e-15 -8.42399e-15 -1
vt 5.18107 -2.01902
v 17633.3 1623 892.121
vt 5.23273 -2.18659
f 1128/2571/628 1113/2572/628 1092/2502/628 1091/2501/628 1130/2573/628 

vt 1.97263 4.78758
vn -4.74046e-16 2.70717e-15 -1
vt 1.96681 4.78556
f 1130/2574/629 1091/2575/629 184/259/629 183/258/629 

vt 1.95829 4.77445
vn 1.03561e-15 -1 3.10415e-15
vt 2.00293 4.64586
vt 2.01265 4.65258
f 1090/2576/630 186/2577/630 185/2578/630 184/259/630 1091/2575/630 

v 17658.4 1663 854.108
vt 5.22328 -2.20347
vn 6.52756e-16 2.46118e-31 -1
vt 5.26792 -2.33206
vt 5.27374 -2.33004
vt 5.22909 -2.20145
f 1131/2579/631 187/2580/631 186/2581/631 1090/2582/631 

v 17682.7 1663 817.121
vt 5.21499 -2.21429
vn 5.84279e-16 -1 7.10498e-15
vt 5.25821 -2.33878
f 1132/2583/632 188/2584/632 187/2580/632 1131/2579/632 

v 17682.7 1683 817.121
vt 0.913791 7.81668
vn -2.0227e-15 -7.10498e-15 -1
vt 0.870569 7.94117
vt 0.864756 7.93915
vt 0.907978 7.81466
f 1133/2585/633 189/2586/633 188/2587/633 1132/2588/633 

vt 5.20917 -2.21631
vn -8.01337e-16 1 3.11838e-15
vt 5.2524 -2.3408
vt 5.25272 -2.34078
vt 5.26451 -2.34003
v 17707.8 1683 779.108
vt 5.22275 -2.21975
f 1133/2589/634 189/2590/634 190/2591/634 191/2592/634 1134/2593/634 

v 18111 1783 817.121
vt 2.264 3.79826
vn -0.963524 -4.66579e-15 -0.267621
v 18111.3 1783 816.094
vt 2.2641 3.79795
vt 2.29317 3.80804
vt 2.29306 3.80835
v 18111 1763 817.121
vt 2.26981 3.80027
f 1135/2594/635 1136/2595/635 190/2596/635 189/2597/635 1137/2598/635 

vn -0.963524 4.67882e-15 -0.267621
v 18131.8 1783 742.121
vt 2.27185 3.77563
vt 2.28929 3.78169
vt 2.29511 3.7837
vt 2.29123 3.79486
vt 2.29704 3.79688
f 1136/2595/636 1138/2599/636 194/2600/636 193/2601/636 192/2602/636 191/2603/636 190/2596/636 

v 18132.1 1803 741.094
vt 3.07002 1.45793
vn 0.963524 -6.64625e-15 0.267621
v 18131.8 1803 742.121
vt 3.07013 1.45762
vt 3.07594 1.45964
vt 3.09338 1.46569
vt 3.09327 1.466
f 1139/2604/637 1140/2605/637 1138/2606/637 194/2607/637 195/2608/637 

vt 0.83531 7.93581
vn 1.81445e-16 -1 5.03967e-17
vt 0.83504 7.93562
v 17734 1723 742.121
vt 0.875192 7.81997
f 195/2609/638 194/2610/638 1141/2611/638

vt 3.0775 1.47673
vn 4.35468e-15 6.46738e-15 1
vt 3.11766 1.36108
v 17734 1703 742.121
vt 3.12347 1.36309
vt 3.08332 1.47874
f 194/2612/639 1141/2613/639 1142/2614/639 193/2615/639 

vt 3.11766 1.36106
vn 0.00257947 6.4684e-15 0.999997
v 17732.1 1723 742.126
vt 3.11785 1.36053
v 17732.1 1703 742.126
vt 3.12366 1.36256
f 1141/2616/640 1143/2617/640 1144/2618/640 1142/2614/640 

vt 5.19348 -2.23301
vn 0 1 -1.51683e-11
f 1141/2619/641 1055/2447/641 1143/2447/641

f 1055/2447/534 202/2449/534 1141/2619/534

vt 5.17453 -2.38953
f 1141/2619/534 202/2449/534 200/2620/534

vt 5.17426 -2.38972
f 200/2620/534 202/2449/534 201/2621/534

vt 3.07615 1.384
v 18194.3 1863 517.121
vt 3.07625 1.38369
v 18194.3 1843 517.121
vt 3.08207 1.38571
vt 3.11695 1.39782
vt 3.11684 1.39813
f 1052/2622/159 1145/2623/159 1146/2624/159 200/2625/159 201/2626/159 

v 18173.8 1843 591.094
vt 2.19189 3.94965
vt 2.19964 3.92733
vt 2.23452 3.93945
vt 2.22677 3.96176
f 1147/2627/305 1146/2628/305 200/2629/305 199/2630/305 

vt 5.19423 -2.37591
vt 5.19396 -2.37609
f 198/2631/534 200/2620/534 199/2632/534

vt 5.21366 -2.36247
f 197/2633/534 200/2620/534 198/2631/534

vt 5.21393 -2.36228
f 196/2634/534 200/2620/534 197/2633/534

vt 5.23336 -2.34884
f 195/2635/534 200/2620/534 196/2634/534

f 1141/2619/534 200/2620/534 195/2635/534

vt 2.21923 3.90844
vn -0.963524 2.64618e-15 -0.267621
v 18152.7 1803 667.121
vt 2.22698 3.88612
vt 2.25023 3.89419
vt 2.24248 3.91651
f 1139/2636/642 1148/2637/642 196/2638/642 195/2639/642 

v 18153 1823 666.094
vt 3.07206 1.43329
vn 0.963524 4.00954e-16 0.267621
v 18152.7 1823 667.121
vt 3.07217 1.43298
vt 3.07798 1.435
vt 3.10124 1.44307
vt 3.10113 1.44338
f 1149/2640/643 1150/2641/643 1148/2642/643 196/2643/643 197/2644/643 

vt 2.20556 3.92904
vn -0.963524 -2.0142e-16 -0.267621
v 18173.5 1823 592.121
vt 2.21331 3.90673
vt 2.24237 3.91682
vt 2.23463 3.93914
f 1149/2645/644 1151/2646/644 198/2647/644 197/2648/644 

vt 3.0741 1.40864
v 18173.5 1843 592.121
vt 3.07421 1.40833
vt 3.08002 1.41035
vt 3.10909 1.42044
vt 3.10898 1.42075
f 1147/2649/306 1152/2650/306 1151/2651/306 198/2652/306 199/2653/306 

v 17707.8 1703 779.108
vt 3.13687 1.35921
vn -5.67111e-16 1 -6.41082e-15
vt 3.09511 1.47949
f 1153/2654/645 192/2655/645 193/2615/645 1142/2614/645 1144/2618/645 

vn -1.39566e-15 3.28927e-31 1
vt 3.14268 1.36123
vt 3.10092 1.48151
f 192/2655/646 1153/2654/646 1134/2656/646 191/2657/646 

v 18090.5 1763 891.094
vt 2.26206 3.82259
vn -0.963524 6.23019e-15 -0.267621
vt 2.29888 3.81037
vt 2.295 3.82152
vt 2.30082 3.82354
vt 2.29694 3.8347
f 1154/2658/647 1137/2598/647 189/2597/647 188/2659/647 187/2660/647 186/2661/647 185/2662/647 

vt 3.06594 1.50722
vn 0.963524 -9.66021e-16 0.267621
v 18090.2 1763 892.121
vt 3.06604 1.50691
v 18090.2 1743 892.121
vt 3.07186 1.50893
vt 3.10092 1.51902
vt 3.10082 1.51933
f 1154/2663/648 1155/2664/648 1156/2665/648 184/2666/648 185/2667/648 

v 18069.6 1743 966.094
vt 2.26024 3.84661
vn -0.963524 7.24858e-15 -0.267621
vt 2.26798 3.8243
vt 2.29705 3.83439
vt 2.30286 3.83641
vt 2.29899 3.84757
vt 2.3048 3.84958
vt 2.30093 3.86074
f 1157/2668/649 1156/2669/649 184/2670/649 183/2671/649 182/2672/649 181/2673/649 180/2674/649 

v 17608.9 1623 929.108
vt 1.96733 4.80284
vn 6.22318e-16 -1 4.19505e-15
vt 1.95904 4.79202
vt 2.00514 4.65923
f 1158/2675/650 1130/2676/650 183/2677/650 182/257/650 

vt 5.24302 -2.19745
vn 0.835086 -8.84868e-14 0.55012
vt 5.2372 -2.19947
f 1129/2678/651 1128/2571/651 1130/2573/651 1158/2679/651 

vt 1.97314 4.80486
f 1158/2675/3 182/257/3 181/256/3 1129/2680/3 

vt 2.6214 4.88143
vn 5.98385e-16 -1 -1.14805e-14
vt 2.62114 4.89324
vt 2.62113 4.89356
f 181/2681/652 180/2682/652 179/2683/652 1126/2568/652 1129/2570/652 

vt 3.06389 1.53186
vn 0.963524 -2.88901e-15 0.267621
v 18069.3 1743 967.121
vt 3.064 1.53155
v 18069.3 1723 967.121
vt 3.06981 1.53357
vt 3.1047 1.54568
vt 3.10459 1.54599
f 1157/2684/653 1159/2685/653 1160/2686/653 179/2687/653 180/2688/653 

v 18058.9 1723 1004.62
vt 1.97788 4.67863
vn -0.963524 2.09374e-15 -0.267621
vt 1.98181 4.66732
f 1161/2689/654 1160/2690/654 179/254/654 178/253/654 177/252/654 

vt 1.9677 4.82053
vn -3.2717e-15 -7.70238e-15 -1
vt 1.97351 4.82255
f 1126/2691/655 179/254/655 178/253/655 1127/2692/655 

v 17559.2 1583 1004.62
vt 4.49539 -2.44113
vn 4.25012e-18 -1 7.70238e-15
vt 4.34608 -2.39136
vt 4.34635 -2.40333
f 1162/2693/656 1127/2567/656 178/2694/656 177/2695/656 

vt 4.5012 -2.43911
vn 0.835086 2.18078e-14 0.55012
f 1125/2696/657 1124/2563/657 1127/2567/657 1162/2693/657 

vt 4.40096 -2.45668
vt 4.45139 -2.60193
vt 4.45721 -2.59992
vt 4.40677 -2.45466
f 1162/2697/3 177/2698/3 176/2699/3 1125/2700/3 

v 18048.8 1723 1041.09
vt 1.97406 4.68964
vn -0.963524 3.54559e-17 -0.267621
v 18048.8 1703 1041.09
vt 1.97987 4.69165
f 1163/2701/658 1161/2689/658 177/252/658 176/251/658 175/250/658 1164/2702/658 

vn 6.18186e-16 -1 8.55207e-15
vt 4.46678 -2.59329
vt 4.46705 -2.5931
vt 4.41518 -2.4437
f 176/2699/659 175/2703/659 174/2704/659 1122/2705/659 1125/2700/659 

v 18048.5 1703 1042.12
vt 1.97977 4.69196
vn -0.963524 -5.52135e-16 -0.267621
f 1165/2706/660 1164/2702/660 175/250/660 174/249/660 

vt 3.06767 1.55853
vn 0.963524 1.93218e-15 0.267621
vt 3.06185 1.55651
v 18048.5 1723 1042.12
vt 3.06196 1.5562
vt 3.06777 1.55822
f 1164/2707/661 1163/2708/661 1166/2709/661 1165/2710/661 

v 18038.1 1703 1079.62
vt 1.97584 4.70328
vn -0.963524 -6.40728e-16 -0.267621
f 1167/2711/662 1165/2706/662 174/249/662 173/248/662 172/247/662 

vn -1.12357e-15 -1.18739e-14 -1
vt 4.47287 -2.59109
vt 4.42099 -2.44168
f 1122/2705/663 174/2704/663 173/2712/663 1123/2713/663 

v 17509.8 1543 1079.62
vt 4.4294 -2.43071
vn 6.90577e-16 -1 1.18739e-14
vt 4.48272 -2.58427
f 1168/2714/664 1123/2713/664 173/2712/664 172/2715/664 

vn 0.835086 -9.04541e-14 0.55012
f 1121/2556/665 1120/2555/665 1123/2713/665 1168/2714/665 

vt 4.48853 -2.58226
vt 4.43522 -2.42869
f 1168/2714/3 172/2715/3 171/2716/3 1121/2717/3 

v 18028 1703 1116.09
vt 1.97202 4.71428
vn -0.963524 -1.51785e-15 -0.267621
v 18028 1683 1116.09
vt 1.97783 4.7163
f 1169/2718/666 1167/2711/666 172/247/666 171/246/666 170/245/666 1170/2719/666 

vt 2.01438 4.72594
vn 1.00877e-15 -1 5.01521e-15
vt 2.02396 4.73257
vt 1.96947 4.89047
vt 1.96107 4.8795
f 171/2720/667 170/2721/667 169/244/667 1118/2722/667 1121/2723/667 

v 18027.7 1683 1117.12
vt 1.97772 4.71661
vn -0.963524 -1.69051e-15 -0.267621
f 1171/2724/668 1170/2719/668 170/245/668 169/244/668 

vt 3.06562 1.58317
vn 0.963524 -9.16294e-21 0.267621
vt 3.05981 1.58115
v 18027.7 1703 1117.12
vt 3.05992 1.58084
vt 3.06573 1.58286
f 1170/2725/669 1169/2726/669 1172/2727/669 1171/2728/669 

v 18017.3 1683 1154.62
vt 1.9738 4.72792
vn -0.963524 1.47992e-15 -0.267621
f 1173/2729/670 1171/2724/670 169/244/670 168/243/670 167/242/670 

vn 4.52369e-15 1.55781e-15 -1
vt 1.97529 4.89249
f 1118/2722/671 169/244/671 168/243/671 1119/2730/671 

v 17460.4 1503 1154.62
vt 4.44715 -2.40302
vn 9.17384e-16 -1 2.35467e-15
vt 4.4935 -2.5717
vt 4.50335 -2.56489
f 1174/2731/672 1119/2553/672 168/2732/672 167/2733/672 

vn 0.835086 7.90621e-15 0.55012
vt 4.44944 -2.41571
vt 4.45784 -2.40475
f 946/2064/673 945/2063/673 1119/2734/673 1174/2735/673 

vn -6.22253e-15 1.55856e-30 -1
f 1174/2731/674 167/2733/674 166/2065/674 946/2064/674 

v 18007.1 1683 1191.09
vt 1.96998 4.73892
vn -0.963524 5.40697e-15 -0.267621
v 18007.1 1663 1191.09
vt 1.97579 4.74094
f 1175/2736/675 1173/2729/675 167/242/675 166/241/675 165/240/675 1176/2737/675 

v 18006.8 1663 1192.12
vt 1.97568 4.74125
vn -0.963524 5.58128e-15 -0.267621
f 1177/2738/676 1176/2737/676 165/240/676 164/239/676 

vt 3.06358 1.60781
vt 3.05777 1.60579
v 18006.8 1683 1192.12
vt 3.05788 1.60549
vt 3.06369 1.6075
f 1176/2739/159 1175/2740/159 1178/2741/159 1177/2742/159 

v 17996.4 1663 1229.9
vt 1.97173 4.75265
vn -0.963524 2.89769e-15 -0.267621
f 1179/2743/677 1177/2738/677 164/239/677 163/238/677 

vt 5.19848 -2.21458
vn 1.07961e-16 -1 -4.14195e-16
v 17012.6 1683 742.121
vt 5.10905 -2.02735
v 17732.1 1683 742.121
vt 5.18166 -2.23651
vt 5.18996 -2.2257
f 1133/2744/678 1076/2479/678 1075/2478/678 1180/2745/678 1181/2746/678 1134/2747/678 

vn -9.31024e-16 2.74834e-14 -1
vt 5.20429 -2.21256
f 1089/2499/679 1088/2498/679 1076/2479/679 1133/2744/679 1132/2748/679 

vt 5.19364 -1.96892
vn -0.835086 6.3611e-17 -0.55012
vt 5.1432 -2.03471
f 1087/2749/680 1077/2480/680 1076/2479/680 1088/2750/680 

vn 6.81476e-16 9.02389e-15 -1
f 1078/2481/681 1077/2480/681 1087/2497/681 1086/2496/681 

vn 0.835086 9.59109e-16 -0.55012
vt 5.0537 -1.7807
vt 5.13406 -1.80108
f 1086/2496/682 1081/2484/682 1079/2751/682 1078/2752/682 

vn 0.835086 -8.19892e-14 0.55012
f 1090/2500/683 1089/2499/683 1132/2583/683 1131/2579/683 

vn -0.835086 -4.97628e-18 -0.55012
vt 5.11609 -1.99793
vt 5.09928 -2.01986
f 1180/2745/684 1075/2478/684 1059/2753/684 1058/2754/684 

vt 5.14972 -1.95407
f 1074/2477/227 1060/2755/227 1059/2753/227 1075/2478/227 

vn -3.95094e-31 1.44382e-15 -1
vt 5.09461 -1.81223
vt 5.14786 -1.9656
f 1074/2477/685 1073/2476/685 1061/2756/685 1060/2757/685 

vn 0.835086 2.86595e-17 -0.55012
vt 5.02286 -1.79975
vt 5.10322 -1.82012
f 1067/2464/686 1062/2758/686 1061/2759/686 1073/2476/686 

vn -1.18396e-15 -1.60285e-15 -1
vt 5.09742 -2.03139
vt 5.17004 -2.24055
f 1181/2746/687 1180/2745/687 1058/2760/687 1055/2761/687 

vn -3.3393e-16 -4.81274e-15 -1
vt 4.35381 -2.08494
vt 4.39745 -2.21062
f 943/2061/688 942/2060/688 1100/2762/688 1109/2763/688 

vt 4.32563 -1.87712
vn 9.21758e-16 -1.20319e-14 -1
v 15716.2 1523 1117.12
vt 4.31982 -1.87914
vt 4.37727 -2.04462
vt 4.38889 -2.04058
vt 4.33144 -1.8751
f 948/2764/689 1182/2765/689 1101/2766/689 941/2767/689 940/2768/689 

vt 5.03244 -1.45491
vn 2.65957e-15 8.91519e-31 -1
vt 5.08723 -1.6127
f 113/2769/690 1182/2770/690 948/2080/690 114/2079/690 

vn 5.38912e-16 -1 -6.02764e-15
vt 5.02049 -1.45566
v 15691.5 1523 1079.62
vt 5.07383 -1.60931
f 1182/2770/691 113/2769/691 112/2771/691 1183/2772/691 

vt 4.26907 -1.71655
vn -5.46293e-16 -1.06331e-31 -1
v 15691.5 1543 1079.62
vt 4.32241 -1.87019
vt 4.32822 -1.86818
vt 4.27488 -1.71453
f 111/2773/692 1184/2774/692 1183/2775/692 112/2776/692 

vn 4.17151e-16 -1 -1.17459e-14
vt 4.25712 -1.71731
v 15666.8 1543 1042.12
vt 4.30902 -1.8668
f 1184/2774/693 111/2773/693 110/2777/693 1185/2778/693 

vt 4.2513 -1.71932
vn 1.12294e-15 1.17468e-14 -1
v 15666.8 1563 1042.12
vt 4.3032 -1.86882
f 109/2779/694 1186/2780/694 1185/2778/694 110/2777/694 

vn 2.12472e-16 -1 -1.06204e-15
vt 4.23935 -1.72008
v 15642.1 1563 1004.62
vt 4.28981 -1.86542
f 1186/2780/695 109/2779/695 108/2781/695 1187/2782/695 

vt 4.25025 -1.7163
vn -8.66269e-16 -6.79823e-31 -1
vt 4.24444 -1.71831
v 15642.1 1583 1004.62
vt 4.2949 -1.86365
vt 4.30071 -1.86164
f 108/2783/696 107/2784/696 1188/2785/696 1187/2786/696 

vn 2.9288e-16 -1 3.71305e-15
vt 4.23249 -1.71907
v 15617.4 1583 967.121
vt 4.2815 -1.86026
f 1188/2785/697 107/2784/697 106/2787/697 1189/2788/697 

vt 4.22667 -1.72109
vn 1.189e-15 -3.71305e-15 -1
v 15617.4 1603 967.121
vt 4.27569 -1.86228
f 105/2789/698 1190/2790/698 1189/2788/698 106/2787/698 

vn -1.44057e-16 -1 -9.55803e-15
vt 4.21472 -1.72185
v 15592.7 1603 929.621
vt 4.2623 -1.85888
f 1190/2790/699 105/2789/699 104/2791/699 1191/2792/699 

vt 4.24742 -1.71049
vn 1.07191e-15 3.97051e-14 -1
vt 4.24161 -1.71251
v 15592.7 1623 929.621
vt 4.28918 -1.84955
vt 4.295 -1.84753
f 104/2793/700 103/2794/700 1192/2795/700 1191/2796/700 

vn -5.42875e-16 -1 -2.63344e-15
f 1192/2795/701 103/2794/701 102/2510/701 1096/2511/701 

vn -0.835086 -3.99738e-15 0.55012
vt 4.27428 -1.85211
vt 4.28767 -1.85551
f 1096/2511/702 1098/2797/702 1191/2798/702 1192/2795/702 

vn -2.53622e-16 -1 -3.68312e-15
vt 5.07948 -1.76863
vt 5.02203 -1.60316
vt 5.00863 -1.59976
f 1098/2516/703 1097/2515/703 1105/2799/703 1190/2800/703 1191/2801/703 

vt 5.02784 -1.60114
vt 5.0911 -1.76459
v 15617.4 1563 967.121
vt 5.03365 -1.59912
f 1189/2802/3 1190/2800/3 1105/2799/3 1104/2803/3 1193/2804/3 

vt 5.04705 -1.60252
vn -5.49515e-16 -1 -2.04437e-15
vt 5.11789 -1.77139
vt 5.06044 -1.60591
f 1187/2805/704 1193/2804/704 1104/2803/704 1103/2806/704 1186/2807/704 

vn -0.835086 -3.48168e-28 0.55012
vt 5.04856 -1.59655
vt 5.03517 -1.59316
f 1187/2805/705 1188/2808/705 1189/2809/705 1193/2804/705 

vt 4.2814 -1.87639
vn -5.7065e-15 -4.8729e-14 -1
vt 4.33885 -2.04186
vt 4.35048 -2.03782
v 15666.8 1523 1042.12
vt 4.29303 -1.87235
vt 4.28722 -1.87437
f 1186/2810/706 1103/2811/706 1102/2812/706 1194/2813/706 1185/2814/706 

vn 6.1982e-16 -1 -4.68607e-15
vt 4.30642 -1.87575
f 1182/2765/707 1183/2815/707 1194/2813/707 1102/2812/707 1101/2766/707 

vt 1.77162 5.46033
vn -0.835086 9.7876e-14 0.55012
vt 1.76581 5.45831
vt 1.77034 5.44526
vt 1.77616 5.44728
f 1183/2816/708 1184/2817/708 1185/2818/708 1194/2819/708 

f 988/2227/534 1064/2458/534 1065/2459/534

f 988/2227/534 989/2228/534 1064/2458/534

f 1064/2458/534 989/2228/534 992/2235/534

f 1064/2458/534 992/2235/534 1056/2450/534

vt 4.29937 -2.00787
vn -4.94607e-16 5.51095e-16 -1
vt 4.40248 -2.30485
v 17111.4 1683 592.121
vt 4.4141 -2.30081
v 16089.7 1683 592.121
vt 4.311 -2.00383
f 1064/2820/709 1056/2821/709 1195/2822/709 1196/2823/709 

vn 0.835086 9.19572e-18 0.55012
vt 4.41154 -2.33096
v 17062 1683 667.121
vt 4.42317 -2.32692
f 1056/2821/710 1057/2824/710 1197/2825/710 1195/2822/710 

v 16139.1 1683 667.121
vt 4.33778 -2.01063
vn 6.25788e-16 3.60956e-15 1
vt 4.43092 -2.27888
vt 4.44254 -2.27485
vt 4.34941 -2.00659
f 1198/2826/711 1197/2827/711 1057/2828/711 1063/2829/711 

vn -1.69026e-16 -1 -2.39118e-15
f 1198/2826/712 1196/2823/712 1195/2822/712 1197/2827/712 

vt 4.29031 -1.98177
vn -0.835086 9.95977e-16 0.55012
vt 4.30193 -1.97773
f 1063/2830/713 1064/2820/713 1196/2823/713 1198/2831/713 

vn 1 1.27056e-12 -6.16031e-13
vt 1.99112 4.65693
vt 1.98022 4.65314
f 991/2442/714 1053/2444/714 1054/2832/714 992/2833/714 

vn 1 -5.77529e-14 9.36876e-14
vt 1.97151 4.64071
vt 1.96075 4.63697
f 997/2424/715 1049/2425/715 995/2834/715 994/2835/715 

vt 1.96383 4.6253
vn 1 -5.77529e-14 9.24047e-14
vt 1.96964 4.62732
f 1002/2836/716 1045/2405/716 1000/2406/716 999/2837/716 

vt 5.04271 -2.29127
vt 5.05361 -2.28748
f 1007/2838/716 1041/2839/716 1005/2255/716 1004/2254/716 

vt 4.39828 -2.50198
vt 4.38753 -2.50571
f 1027/2311/274 1028/2317/274 1026/2840/274 1025/2841/274 

vt 2.62695 2.77162
vt 2.62317 2.78252
f 982/2208/294 981/2211/294 993/2842/294 983/2843/294 

vt 2.18956 3.84379
vn -0.963524 -1.51738e-13 0.267621
f 965/2844/717 960/2152/717 959/2155/717

v 14923.4 1943 217.121
vt 1.73352 7.20254
vn -0.963524 -1.62304e-13 0.267621
vt 1.73272 7.20198
vt 1.73366 7.20234
f 1199/2845/718 958/2846/718 957/2847/718

v 15620.4 1943 217.121
vt 1.66318 7.40515
vn -2.42106e-17 1 -7.80684e-17
v 15617.1 1943 179.621
vt 1.65261 7.4004
v 14913 1943 179.621
vt 1.72367 7.19573
f 1200/2848/719 1201/2849/719 1202/2850/719 958/2846/719 1199/2845/719 

v 14944.2 1923 292.121
vt 1.75322 7.21616
vn -0.963524 -1.14562e-13 0.267621
vt 1.7529 7.21595
vt 1.75327 7.21609
f 1203/2851/720 956/2852/720 954/2853/720

v 15627.1 1923 292.121
vt 1.68431 7.41465
vn 9.64721e-18 1 -4.1507e-16
v 15623.7 1923 254.621
vt 1.67374 7.4099
v 14933.8 1923 254.621
vt 1.74337 7.20935
f 1204/2854/721 1205/2855/721 1206/2856/721 956/2852/721 1203/2851/721 

vn -1.7385e-30 -3.52533e-15 -1
vt 4.5599 -2.51436
f 937/2053/722 772/2070/722 773/2857/722 938/2054/722 

v 17312.2 1463 1379.62
vt 3.56947 0.338346
vn -4.93145e-16 -1 3.52533e-15
vt 3.56106 0.327381
vt 3.62016 0.157176
vt 3.62856 0.168141
f 1207/2858/723 938/2859/723 773/2860/723 774/2861/723 

vt 4.51115 -2.35519
vn 0.835086 -7.91824e-15 0.55012
vt 4.50534 -2.35721
f 781/2862/724 785/2055/724 938/2054/724 1207/2863/724 

f 781/1596/3 1207/2858/3 774/2861/3 775/1595/3 

vn -0.835086 1.59322e-14 0.55012
vt 4.3507 -1.92213
vt 4.3641 -1.92553
f 935/2050/725 784/2864/725 783/2865/725 934/2047/725 

vn 0.963524 -5.29122e-15 -0.267621
f 62/178/726 60/601/726 53/99/726 47/81/726 

v 17971.8 360 1267.12
vt 3.96277 0.240296
v 17922.4 360 1342.12
vt 3.95371 0.266401
vt 3.91626 0.224149
f 1208/2866/227 1209/2867/227 314/444/227 318/451/227 320/2868/227 

vt 0.421779 10.6269
vn -0.963524 4.09527e-14 0.267621
v 14943.9 80 290.924
vt 0.398525 10.6188
vt 0.398741 10.6185
vt 0.404464 10.6205
vt 0.421904 10.6266
f 452/2869/727 1210/2870/727 504/2871/727 506/2872/727 451/2873/727 

v 14923.4 60.7968 217.121
vt 0.396724 10.6432
vn -0.963524 9.73543e-14 0.267621
vt 0.410036 10.6228
vt 0.43329 10.6309
vt 0.429487 10.6419
vt 0.423732 10.6399
vt 0.419804 10.6512
vt 0.413933 10.6491
f 1211/2874/728 1210/2875/728 452/2876/728 453/2877/728 454/2878/728 455/2879/728 456/2880/728 

vt 0.425355 10.6541
vn -0.963524 1.00617e-13 0.267621
v 14922.5 60 214.059
vt 0.407915 10.6481
vt 0.408467 10.6472
vt 0.425676 10.6532
f 457/2881/729 1212/2882/729 1211/2883/729 456/2884/729 

vt 0.406566 10.6719
vn -0.963524 2.42884e-13 0.267621
vt 0.419542 10.6521
vt 0.417821 10.6758
f 480/2885/730 1212/2886/730 457/711/730 458/710/730 459/699/730 460/702/730 461/2887/730 

vn -0.963524 1.62304e-13 0.267621
v 14923.4 60 217.121
vt 4.74559 -1.47283
f 1212/2184/731 1213/2183/731 1211/2888/731

v 15617.1 60 179.621
vt 4.80472 -1.6785
vn -2.42106e-17 -1 -7.80684e-17
v 15620.4 60 217.121
vt 4.81595 -1.67568
v 14913 60 179.621
f 1214/2889/732 1215/2890/732 1213/2183/732 1212/2184/732 1216/2179/732 

vn -0.963524 1.14562e-13 0.267621
v 14944.2 80 292.121
vt 4.7695 -1.47146
f 1210/2195/733 1217/2194/733 504/2891/733

v 15623.7 80 254.621
vt 4.82719 -1.67286
vn 9.64721e-18 -1 -4.1507e-16
v 15627.1 80 292.121
vt 4.83842 -1.67004
v 14933.8 80 254.621
f 1218/2892/734 1219/2893/734 1217/2194/734 1210/2195/734 1220/2190/734 

vt 2.75681 4.01399
vn -0.963524 5.61009e-13 0.267621
v 14880.6 20.7 63.0186
vt 2.76242 4.01594
vt 2.76168 4.01707
vt 2.75638 4.01523
f 467/2894/735 1221/2895/735 472/2896/735 466/2897/735 

vn -0.963524 -1.15843e-11 0.267621
v 14881.7 20.7 67.1211
vt 2.76199 4.01718
f 1221/2895/736 1222/2898/736 472/2896/736

vn 6.09604e-15 1 8.98495e-15
v 17001.1 440 2901.44
vt 0.720843 12.7173
f 276/378/737 1223/2899/737 273/376/737

