# Alias OBJ Model File
# Exported from SketchUp, (c) 2000-2012 Trimble Navigation Limited
# File units = centimeters

mtllib opera hol.mtl

g Mesh1 Group1 Model

usemtl mramor
v 6340.74 0 -5690.41
vt 4.8465 9.07719
vn 0.911418 0 0.411481
v 6623.01 0 -6315.65
vt 4.93336 9.26957
v 6623.01 810 -6315.65
vt 4.7062 9.37213
v 6340.74 810 -5690.41
vt 4.61935 9.17975
f 1/1/1 2/2/1 3/3/1 4/4/1 

vt 4.95516 9.36055
vn 0.99892 0 0.0464625
v 6632.33 0 -6516.02
vt 4.95803 9.4222
v 6632.33 810 -6516.02
vt 4.70907 9.43378
f 2/5/2 5/6/2 6/7/2 3/3/2 

vt 4.9579 9.44796
vn 0.99838 0 -0.0569044
v 6587.57 0 -7301.37
vt 4.94412 9.68961
v 6587.57 810 -7301.37
vt 4.6953 9.67543
f 5/8/3 7/9/3 8/10/3 6/7/3 

vn 0.581039 0 -0.813876
v 6480.49 0 -7377.82
vt 4.94182 9.73003
v 6480.49 810 -7377.82
vt 4.69299 9.71584
f 7/9/4 9/11/4 10/12/4 8/10/4 

vt 0.119606 7.42885
v 6373.41 0 -7454.26
vt 0.160087 7.42885
v 6373.41 810 -7454.26
vt 0.160087 7.67808
vt 0.119606 7.67808
f 9/13/4 11/14/4 12/15/4 10/16/4 

vn -0.270441 0 -0.962736
v 5616.1 0 -7241.52
vt 0.402127 7.42885
v 5616.1 810 -7241.52
vt 0.402127 7.67808
f 11/14/5 13/17/5 14/18/5 12/15/5 

vn -0.36838 0 -0.929675
v 5429.62 0 -7167.63
vt 0.463846 7.42885
v 5429.62 810 -7167.63
vt 0.463846 7.67808
f 13/17/6 15/19/6 16/20/6 14/18/6 

vt 4.16823 9.81581
vn -0.685191 0 -0.728364
v 4929.96 0 -6697.59
vt 4.01449 9.67118
v 4929.96 810 -6697.59
vt 4.18526 9.48965
vt 4.339 9.63428
f 15/21/7 17/22/7 18/23/7 16/24/7 

v 4738.36 0 -6219.99
vt 3.895 9.43549
vn -0.928104 -9.70421e-16 -0.372322
v 4738.36 805.9 -6219.99
vt 4.12514 9.34316
v 4740.48 810 -6225.27
vt 4.12696 9.34432
vt 3.95395 9.58244
f 19/25/8 20/26/8 21/27/8 18/23/8 17/28/8 

v 4716.9 0 -6111.31
vt 0.330275 7.42885
vn -0.981057 -1.31627e-15 -0.193719
v 4716.9 730.921 -6111.31
vt 0.330275 7.65375
vt 0.29619 7.67682
vt 0.29619 7.42885
f 22/29/9 23/30/9 20/31/9 19/32/9 

v 4689.51 0 -5993.29
vt 0.367554 7.42885
vn -0.974106 -8.27784e-16 -0.226092
v 4689.51 647.76 -5993.29
vt 0.367554 7.62816
f 24/33/10 25/34/10 23/30/10 22/29/10 

v 4527.48 0 -5851.16
vt 0.433871 7.42885
vn -0.659443 2.84842e-16 -0.751755
v 4527.48 492.865 -5851.16
vt 0.433871 7.5805
f 26/35/11 27/36/11 25/34/11 24/33/11 

v 3802.89 0 -5843.98
vt 0.656835 7.42885
vn -0.00991445 -9.68925e-16 -0.999951
v 3802.89 464.491 -5843.98
vt 0.656835 7.57177
v 4119.3 317.228 -5847.11
vt 0.559473 7.52646
f 28/37/12 29/38/12 30/39/12 27/36/12 26/35/12 

v 3638.08 0 -5982.86
vt 4.1783 7.42885
vn 0.644408 2.86242e-16 -0.764682
v 3638.08 627.89 -5982.86
vt 4.1783 7.62205
vt 4.11198 7.57177
vt 4.11198 7.42885
f 31/40/13 32/41/13 29/42/13 28/43/13 

v 3608.35 0 -6100.32
vt 4.21558 7.42885
vn 0.969431 8.36427e-16 -0.245362
v 3608.35 714.369 -6100.32
vt 4.21558 7.64866
f 33/44/14 34/45/14 32/41/14 31/40/14 

v 3584.74 0 -6208.55
vt 4.24966 7.42885
vn 0.977023 7.02308e-16 -0.213133
v 3584.74 792.272 -6208.55
vt 4.24966 7.67263
f 35/46/15 36/47/15 34/45/15 33/44/15 

vt 4.00078 9.43654
vn 0.920539 2.86475e-16 -0.390651
v 3383.71 0 -6682.26
vt 3.93892 9.58229
v 3383.71 810 -6682.26
vt 3.70949 9.48493
v 3575.53 810 -6230.25
vt 3.76852 9.34585
v 3584.74 810 -6208.55
vt 3.77135 9.33917
vt 3.77637 9.3413
f 35/48/16 37/49/16 38/50/16 39/51/16 40/52/16 36/53/16 

v 2874.83 810 -7142.3
vt 3.55291 9.62648
vn 0.670614 0 -0.741806
vt 3.87663 9.66981
v 2874.83 0 -7142.3
vt 3.72005 9.81136
f 41/54/17 38/50/17 37/55/17 42/56/17 

v 3333.65 810 -6646.63
vt 3.69409 9.47397
vn 9.95769e-17 1 -3.51299e-16
v 3526.31 810 -6192.63
vt 3.75337 9.33428
v 2686.92 810 -7212.48
vt 3.4951 9.64808
v 1925.53 810 -7410.16
vt 3.26082 9.7089
v 1819.99 810 -7331.61
vt 3.22835 9.68473
v 1855.82 810 -7283.48
vt 3.23937 9.66992
v 1938.29 810 -7344.86
vt 3.26475 9.68881
v 2668.84 810 -7155.19
vt 3.48953 9.63045
v 2843.1 810 -7090.11
vt 3.54315 9.61042
f 43/57/18 44/58/18 39/51/18 38/50/18 41/54/18 45/59/18 46/60/18 47/61/18 48/62/18 49/63/18 50/64/18 51/65/18 

v 3527.31 210 -6190.28
vt 3.58373 9.26143
vn -0.920539 -2.25179e-15 0.390651
v 3527.31 808.077 -6190.28
vt 3.75313 9.33332
v 3333.65 210 -6646.63
vt 3.52414 9.40185
f 52/66/19 53/67/19 44/58/19 43/57/19 54/68/19 

v 3549.94 210 -6086.56
vt 3.59649 9.23136
vn -0.977023 -1.47047e-15 0.213133
v 3549.94 733.423 -6086.56
vt 3.74475 9.29428
f 55/69/20 56/70/20 53/67/20 52/66/20 

v 3584.65 210 -5949.43
vt 3.6135 9.1913
vn -0.969431 3.57091e-15 0.245362
v 3584.65 632.454 -5949.43
vt 3.73315 9.24208
f 57/71/21 58/72/21 56/70/21 55/69/21 

v 3781.24 210 -5783.76
vt 2.41123 7.49347
vn -0.644408 5.19678e-16 0.764682
v 3781.24 437.55 -5783.76
vt 2.41123 7.56348
vt 2.33212 7.62345
vt 2.33212 7.49347
f 59/73/22 60/74/22 58/75/22 57/76/22 

v 4550.33 210 -5791.38
vt 4.89599 7.49347
vn 0.00991445 -1.08059e-14 0.999951
v 4550.33 466.322 -5791.38
vt 4.89599 7.57234
v 4118.57 280.546 -5787.1
vt 4.76313 7.51517
vt 4.65933 7.56348
vt 4.65933 7.49347
f 61/77/23 62/78/23 63/79/23 60/80/23 59/81/23 

v 4743.59 210 -5960.92
vt 4.97509 7.49347
vn 0.659443 -1.06483e-14 0.751755
v 4743.59 651.082 -5960.92
vt 4.97509 7.62918
f 64/82/24 65/83/24 62/78/24 61/77/24 

v 4775.57 210 -6098.71
vt 4.79398 7.49347
vn 0.974106 -3.92964e-15 0.226092
v 4775.57 748.177 -6098.71
vt 4.79398 7.65906
vt 4.75046 7.62918
vt 4.75046 7.49347
f 66/84/25 67/85/25 65/86/25 64/87/25 

v 4796.14 810 -6202.86
vt 4.82665 7.67808
vn 0.981057 -1.1113e-15 0.193719
v 4793.27 810 -6188.32
vt 4.82209 7.67808
v 4796.14 210 -6202.86
vt 4.82665 7.49347
f 68/88/26 69/89/26 67/85/26 66/84/26 70/90/26 

vn 0 1 -0
vt 4.1432 9.33295
vt 4.14409 9.33742
v 4980.71 810 -6662.96
vt 4.20088 9.47899
f 18/23/27 21/27/27 69/91/27 68/92/27 71/93/27 

vn 0.928104 0 0.372322
vt 4.31543 9.26869
v 4980.71 210 -6662.96
vt 4.37222 9.41026
f 68/92/28 70/94/28 72/95/28 71/93/28 

v 6361.96 210 -7388.72
vt 4.62588 9.7023
v 5635.31 210 -7184.6
vt 4.40229 9.6395
v 5462.38 210 -7116.08
vt 4.34908 9.61841
vt 4.13776 9.30538
vt 4.12792 9.26298
v 4578.26 210 -5248.61
vt 4.07705 9.04381
v 4583.26 210 -5248.66
vt 4.07858 9.04382
v 4751.72 210 -5128.39
vt 4.13042 9.00682
v 4833.11 210 -5070.29
vt 4.15546 8.98894
v 6445.63 210 -7328.98
vt 4.65162 9.68392
f 73/96/27 74/97/27 75/98/27 72/93/27 70/92/27 66/99/27 64/100/27 76/101/27 77/102/27 78/103/27 79/104/27 80/105/27 

v 5635.31 810 -7184.6
vt 5.09471 7.67808
vn 0.270441 0 0.962736
vt 5.09471 7.49347
vt 5.32695 7.49347
v 6361.96 810 -7388.72
vt 5.32695 7.67808
f 81/106/29 74/107/29 73/108/29 82/109/29 

v 5462.38 810 -7116.08
vt 5.03748 7.67808
vn 0.36838 0 0.929675
vt 5.03748 7.49347
f 83/110/30 75/111/30 74/107/30 81/106/30 

vn 0.685191 0 0.728364
vt 4.32738 9.34453
vt 4.47558 9.48395
f 71/93/31 72/112/31 75/113/31 83/98/31 

f 18/23/27 71/93/27 83/98/27 16/24/27 

v 6445.63 810 -7328.98
vt 4.66235 9.69895
vt 4.6294 9.72247
vt 4.39638 9.65701
f 16/24/27 83/98/27 81/97/27 82/96/27 84/105/27 10/114/27 12/115/27 14/116/27 

vn -0.581039 0 0.813876
vt 5.35858 7.49347
vt 5.35858 7.67808
f 82/109/32 73/108/32 80/117/32 84/118/32 

vt 2.9722 7.67808
vt 2.9722 7.49347
v 6529.3 210 -7269.25
vt 3.00384 7.49347
v 6529.3 810 -7269.25
vt 3.00384 7.67808
f 84/119/32 80/120/32 85/121/32 86/122/32 

v 4873.8 210 -5041.23
vt 4.16798 8.98
v 4914.5 210 -5012.18
vt 4.1805 8.97106
v 5087.23 210 -4888.86
vt 4.23365 8.93312
v 5718.52 210 -5283.63
vt 4.4279 9.05459
v 5824.47 210 -5349.89
vt 4.4605 9.07497
v 5916.29 210 -5403.16
vt 4.48875 9.09136
v 6291.5 210 -5727.17
vt 4.6042 9.19106
v 6563.61 210 -6329.89
vt 4.68792 9.37651
v 6572.25 210 -6515.7
vt 4.69058 9.43368
vt 4.67737 9.66554
f 79/104/27 87/123/27 88/124/27 89/125/27 90/126/27 91/127/27 92/128/27 93/129/27 94/130/27 95/131/27 85/132/27 80/105/27 

vn -7.51653e-16 1 -1.3498e-15
v 4798.25 210 -5021.45
vt 4.14474 8.97391
v 4854.36 210 -4981.39
vt 4.162 8.96159
f 79/104/33 96/133/33 97/134/33 87/123/33 

vn 1.37929e-15 1 5.68343e-16
v 4792.14 210 -5098.95
vt 4.14286 8.99776
v 4741.36 210 -5062.06
vt 4.12723 8.98641
f 79/104/34 98/135/34 99/136/34 96/133/34 

v 4564.3 210 -5188.47
vt 4.07275 9.0253
vn -4.30733e-17 1 -3.96304e-16
f 100/137/35 99/136/35 98/135/35 79/104/35 78/103/35 77/102/35 76/101/35 

v 3779.22 210 -5180.68
vt 3.83119 9.02291
vn -3.99417e-17 1 4.87091e-18
v 3628.85 210 -5068.77
vt 3.78492 8.98847
v 3628.98 210 -5068.6
vt 3.78496 8.98842
v 3548.63 210 -5009.06
vt 3.76024 8.9701
v 3852.89 210 -4600.27
vt 3.85386 8.84432
v 3901.44 210 -4635.54
vt 3.86879 8.85517
v 4174.16 210 -4833.68
vt 3.95271 8.91614
v 4448.28 210 -4634.51
vt 4.03705 8.85486
v 4496.83 210 -4599.25
vt 4.05199 8.844
f 101/138/36 102/139/36 103/140/36 104/141/36 105/142/36 106/143/36 107/144/36 108/145/36 109/146/36 96/133/36 99/136/36 100/137/36 

v 3628.85 510 -5068.77
vt 3.72981 9.06252
vn 0.597062 -4.05952e-18 0.802195
v 3603.77 510 -5050.1
vt 3.72209 9.05678
v 3603.77 210 -5050.1
vt 3.7772 8.98273
v 3779.22 510 -5180.68
vt 3.77607 9.09696
f 110/147/37 111/148/37 112/149/37 102/139/37 101/138/37 113/150/37 

v 3759.07 510 -5240.49
vt 3.82499 9.04131
vn -7.34093e-16 1 -2.08615e-16
v 3552.92 510 -5087.05
vt 3.76156 8.9941
f 114/151/38 115/152/38 111/149/38 110/139/38 113/138/38 

vt 1.43035 7.58577
vn 0.597062 3.3258e-18 0.802195
v 3552.92 410 -5087.05
vt 1.43035 7.55501
v 3552.92 210 -5087.05
vt 1.43035 7.49347
v 3759.07 210 -5240.49
vt 1.50943 7.49347
vt 1.50943 7.58577
f 115/153/39 116/154/39 117/155/39 118/156/39 114/157/39 

vn -0.587785 -5.6848e-17 0.809017
vt 3.74347 8.9692
f 115/152/40 116/158/40 111/149/40

vt 3.70644 9.06815
vn 0.597062 3.34455e-30 0.802195
v 3472.7 510 -5027.34
vt 3.68176 9.04977
v 3472.7 410 -5027.34
vt 3.70013 9.02509
vt 3.72481 9.04346
f 115/159/41 119/160/41 120/161/41 116/162/41 

vt 3.73687 8.97573
vn -7.18377e-16 1 -9.65189e-16
v 3492.27 510 -4967.11
vt 3.7429 8.95719
f 119/163/42 121/164/42 111/149/42 115/152/42 

v 3318.05 510 -4837.44
vt 3.68929 8.9173
vn -2.40959e-16 1 -1.26074e-15
v 3432.69 510 -4997.57
vt 3.72456 8.96656
v 3266.75 510 -4874.06
vt 3.6735 8.92856
f 122/165/43 121/164/43 119/163/43 123/166/43 124/167/43 

v 3318.05 210 -4837.44
vn 0.597062 -1.84794e-17 0.802195
v 3492.27 210 -4967.11
vt 3.68778 9.03124
vt 3.63418 8.99134
f 125/165/44 126/164/44 121/168/44 122/169/44 

v 3203.69 210 -3736.12
vt 3.6541 8.57843
vn 6.45938e-17 1 -5.02063e-17
v 3261.46 210 -3557.8
vt 3.67188 8.52356
v 3886.44 210 -3104.41
vt 3.86418 8.38405
v 3891.25 210 -3104.29
vt 3.86566 8.38402
v 4461.16 210 -3090.58
vt 4.04102 8.3798
v 4753.19 210 -3301.69
vt 4.13087 8.44476
v 5097.84 210 -3550.86
vt 4.23692 8.52142
v 5166.44 210 -3757.26
vt 4.25803 8.58493
v 5188.5 210 -3823.63
vt 4.26481 8.60535
v 5210.28 210 -3889.16
vt 4.27151 8.62552
v 5279.16 210 -4096.4
vt 4.29271 8.68928
v 5032.19 210 -4854.44
vt 4.21672 8.92252
v 4545.66 210 -4564.38
vt 4.06702 8.83328
v 4545.37 210 -4563.98
vt 4.06693 8.83315
v 4814.2 210 -4368.66
vt 4.14964 8.77306
v 4709.39 210 -4046.1
vt 4.11739 8.6738
v 4690.85 210 -3989.03
vt 4.11169 8.65625
v 4672.31 210 -3931.97
vt 4.10598 8.63869
v 4569.72 210 -3616.25
vt 4.07442 8.54154
v 4235.42 210 -3616.25
vt 3.97156 8.54154
v 4115.42 210 -3616.25
vt 3.93463 8.54154
v 3778.59 210 -3616.25
vt 3.83099 8.54154
v 3676.24 210 -3931.26
vt 3.7995 8.63847
v 3657.69 210 -3988.33
vt 3.7938 8.65603
v 3534.12 210 -4368.66
vt 3.75577 8.77306
v 3084.28 210 -4104.7
vt 3.61736 8.69184
v 3151.53 210 -3897.11
vt 3.63805 8.62796
v 3172.87 210 -3831.25
vt 3.64462 8.6077
v 3142.19 210 -3926.43
vt 3.63518 8.63698
v 3188.54 210 -3783.77
vt 3.64944 8.59309
v 3203.99 210 -3736.22
vt 3.65419 8.57846
f 127/170/45 128/171/45 129/172/45 130/173/45 131/174/45 132/175/45 133/176/45 134/177/45 135/178/45 136/179/45 137/180/45 138/181/45 97/134/45 96/133/45 109/146/45 139/182/45 140/183/45 141/184/45 142/185/45 143/186/45 144/187/45 145/188/45 146/189/45 147/190/45 148/191/45 149/192/45 150/193/45 151/194/45 105/142/45 104/141/45 126/164/45 125/165/45 152/195/45 153/196/45 154/197/45 155/198/45 156/199/45 157/200/45 

vn 5.33441e-15 1 -1.93282e-15
v 3188.28 210 -3783.68
vt 3.64936 8.59306
v 3194.28 210 -3765.16
vt 3.65121 8.58736
v 3131.7 210 -3765.16
vt 3.63195 8.58736
v 3115.85 210 -3812.58
vt 3.62707 8.60195
v 3210.45 210 -3520.6
vt 3.65618 8.51211
v 3214.41 210 -3517.75
vt 3.6574 8.51123
f 157/200/46 156/199/46 158/201/46 159/202/46 160/203/46 161/204/46 162/205/46 163/206/46 128/171/46 127/170/46 

v 3142.19 0 -3926.43
vt 3.52162 7.42885
vn -0.95107 0 0.308976
v 3203.99 0 -3736.22
vt 3.58316 7.42885
vt 3.58316 7.49347
vt 3.56778 7.49347
vt 3.52162 7.49347
f 164/207/47 165/208/47 157/209/47 156/210/47 155/211/47 

v 3172.87 0 -3831.25
v 3203.69 0 -3736.12
f 166/197/27 167/170/27 165/200/27 164/198/27 

vt 3.75969 8.55201
vn 0.951318 7.8078e-16 -0.308212
vt 3.74192 8.60688
vt 3.80339 8.62679
vt 3.7939 8.65606
vt 3.73243 8.63615
vt 3.73718 8.62151
vt 3.73902 8.61581
v 3194.28 510 -3765.16
v 3261.46 510 -3557.8
f 128/212/48 127/213/48 167/214/48 166/215/48 154/216/48 158/217/48 159/218/48 168/202/48 169/171/48 

vt 3.63409 8.63986
vn -0.31117 0 -0.950354
vt 3.634 8.63983
f 165/219/49 167/220/49 127/170/49 157/200/49 

vt 3.49085 7.42885
vn 0.95178 0 -0.30678
vt 3.49085 7.49347
f 166/221/50 164/207/50 155/211/50 154/222/50 

vn 1.18979e-12 1 -3.89642e-13
f 154/197/51 158/201/51 156/199/51 155/198/51 

vn -3.98754e-15 1 -1.84932e-15
f 161/204/52 160/203/52 159/202/52 158/201/52 154/197/52 

v 3115.85 0 -3812.58
vt 3.47825 8.5522
vn -0.948408 0 0.317053
v 3147.56 0 -3717.74
vt 3.488 8.52302
v 3147.56 510 -3717.74
vt 3.63683 8.57277
v 3131.7 510 -3765.16
v 3131.7 460 -3765.16
vt 3.61736 8.58248
v 3131.7 410 -3765.16
vt 3.60277 8.57761
vt 3.54441 8.5581
vt 3.53953 8.57269
f 170/223/53 171/224/53 172/225/53 173/203/53 174/226/53 175/227/53 160/228/53 161/229/53 

v 3214.41 0 -3517.75
v 3210.45 0 -3520.6
f 176/206/27 171/225/27 170/204/27 177/205/27 

vn -0.948408 -9.52178e-18 0.317053
vt 3.50857 8.46148
vt 3.56986 8.48197
v 3214.41 510 -3517.75
f 171/224/54 176/230/54 163/231/54 178/206/54 172/225/54 

vt 3.69516 8.56367
vn 0.584358 0 -0.811496
vt 3.69394 8.56455
f 176/232/55 177/233/55 162/205/55 163/206/55 

vt 3.71765 8.53203
vn 0.951318 0 -0.308212
vt 3.68854 8.62187
f 177/234/56 170/235/56 161/204/56 162/205/56 

v 2471.43 210 -2880.62
vt 3.42879 8.3152
vn -9.847e-17 1 -1.00737e-16
v 2525.42 210 -2929.76
vt 3.4454 8.33032
v 2523.59 210 -2929.64
vt 3.44484 8.33028
v 2549.94 210 -2952.07
vt 3.45295 8.33718
v 2679.64 210 -3062.49
vt 3.49286 8.37116
v 3055.82 210 -3382.73
vt 3.6086 8.46969
v 3211.87 210 -3515.58
vt 3.65662 8.51057
v 2497.73 210 -3612.51
vt 3.43688 8.54039
v 475.659 210 -2957.4
vt 2.81471 8.33882
v 507.346 210 -2859.59
vt 2.82446 8.30873
v 1212.76 210 -2591.15
vt 3.04151 8.22613
v 1392.52 210 -2543.29
vt 3.09682 8.2114
v 2049.26 210 -2620.74
vt 3.29889 8.23523
f 179/236/57 180/237/57 181/238/57 182/239/57 183/240/57 184/241/57 185/242/57 162/205/57 161/204/57 186/243/57 187/244/57 188/245/57 189/246/57 190/247/57 191/248/57 

vt 1.79517 7.49347
vn -0.673081 6.73958e-15 -0.739569
v 2471.43 569.427 -2880.62
vt 1.79517 7.60406
v 2549.94 492.438 -2952.07
vt 1.76251 7.58037
vt 1.76251 7.49347
vt 1.77271 7.49347
f 179/249/58 192/250/58 193/251/58 182/252/58 180/253/58 

v 2049.26 810 -2620.74
vt 1.94771 7.67808
vn -0.524229 1.95326e-15 -0.851578
v 2206.65 810 -2717.62
vt 1.89084 7.67808
vt 1.94771 7.49347
f 194/254/59 195/255/59 192/250/59 179/249/59 191/256/59 

vn -0.117118 0 -0.993118
vt 2.15118 7.49347
v 1392.52 810 -2543.29
vt 2.15118 7.67808
f 194/254/60 191/256/60 190/257/60 196/258/60 

vn 0.257286 0 -0.966335
vt 2.20842 7.49347
v 1212.76 810 -2591.15
vt 2.20842 7.67808
f 196/258/61 190/257/61 189/259/61 197/260/61 

vt 2.60316 7.67808
vn 0.355666 0 -0.934613
vt 2.60316 7.49347
vt 2.83539 7.49347
v 507.346 810 -2859.59
vt 2.83539 7.67808
f 197/261/62 189/262/62 188/263/62 198/264/62 

vt 2.86703 7.49347
v 475.659 810 -2957.4
vt 2.86703 7.67808
f 198/264/56 188/263/56 187/265/56 199/266/56 

v 443.972 210 -3055.2
vt 2.89866 7.49347
v 443.972 810 -3055.2
vt 2.89866 7.67808
f 199/266/56 187/265/56 200/267/56 201/268/56 

vn 3.49018e-17 1 -2.67597e-16
v 3100.44 210 -3860.15
vt 3.62233 8.61659
v 3085.03 210 -3907.71
vt 3.61759 8.63122
v 3021.25 210 -4104.56
vt 3.59797 8.69179
v 3022.84 210 -4109.54
vt 3.59846 8.69333
v 2314.9 210 -4165.32
vt 3.38063 8.71049
v 2152.72 210 -4178.1
vt 3.33073 8.71442
v 2047.23 210 -4189.93
vt 3.29827 8.71806
v 1552.87 210 -4152.88
vt 3.14616 8.70666
v 975.482 210 -3830.49
vt 2.9685 8.60746
v 857.945 210 -3686.31
vt 2.93233 8.5631
vt 2.80496 8.36891
f 187/244/63 186/243/63 161/204/63 202/269/63 203/270/63 204/271/63 205/272/63 206/273/63 207/274/63 208/275/63 209/276/63 210/277/63 211/278/63 200/279/63 

vn 1.10952e-14 1 7.50455e-15
f 154/197/64 153/196/64 202/269/64 161/204/64 

vn -2.51335e-15 1 -1.4652e-15
f 203/270/65 202/269/65 153/196/65 152/195/65 205/272/65 204/271/65 

vt 1.24628 7.49347
vn -0.951318 -1.73642e-18 0.308212
vt 1.26166 7.49347
v 3100.44 410 -3860.15
vt 1.26166 7.55501
v 3100.44 510 -3860.15
vt 1.26166 7.58577
v 3085.03 510 -3907.71
vt 1.24628 7.58577
f 203/280/66 202/281/66 212/282/66 213/283/66 214/284/66 

v 3151.53 510 -3897.11
vt 3.58395 8.70275
vn 0.586111 -4.69938e-18 0.810231
vt 3.58626 8.66645
f 215/285/67 212/286/67 202/269/67 153/196/67 

vn 0.586111 5.63926e-17 0.810231
vt 3.64037 8.59166
f 213/269/68 212/287/68 215/196/68

vn -0.949873 1.78562e-17 0.312636
vt 3.59311 8.60697
vt 3.60273 8.57774
vt 3.61734 8.58255
f 173/203/69 213/269/69 212/288/69 175/289/69 174/290/69 

f 168/202/27 215/196/27 213/269/27 173/203/27 

vt 3.68345 8.60404
vn 0.817421 -0.511553 -0.264832
f 175/291/70 215/196/70 168/202/70

vn 0.814187 -0.515061 -0.267977
vt 3.67403 8.63334
f 215/196/71 175/291/71 212/292/71

vt 3.65121 8.49505
vn 0 0 -1
vt 3.63195 8.52582
f 168/293/72 159/202/72 160/203/72 175/294/72 

vt 3.63195 8.61813
vt 3.63195 8.60275
f 173/203/72 168/202/72 175/295/72 174/296/72 

f 169/171/27 168/202/27 173/203/27 172/225/27 178/206/27 

vn 0.648227 -1.60157e-18 0.761447
vt 3.71724 8.44095
vt 3.73172 8.45327
f 178/206/73 163/297/73 128/298/73 169/171/73 

v 3261.45 210 -2438.76
vt 3.67187 8.17924
vn -4.96572e-15 1 2.97878e-15
v 3384.15 210 -2435.63
vt 3.70963 8.17828
v 3505.31 210 -2432.54
vt 3.74691 8.17733
v 3566.72 210 -2430.98
vt 3.7658 8.17684
v 3536.53 210 -2587.49
vt 3.75651 8.225
v 2882.7 210 -3075.6
vt 3.55534 8.37519
v 2907.96 210 -2997.36
vt 3.56311 8.35112
v 3086.89 210 -2443.22
vt 3.61817 8.18061
f 216/299/74 217/300/74 218/301/74 219/302/74 220/303/74 128/171/74 163/206/74 185/242/74 184/241/74 183/240/74 221/304/74 222/305/74 223/306/74 

v 3410.67 210 -2298.13
vt 3.71779 8.13597
vn -3.3864e-14 1 3.59337e-14
f 224/307/75 217/300/75 216/299/75

vn -4.50453e-16 1 5.22553e-16
v 3594.25 210 -2288.25
vt 3.77428 8.13293
v 3858.1 210 -2229.03
vt 3.85546 8.11471
v 4084.44 210 -2400.78
vt 3.9251 8.16755
v 4237.12 210 -2398.94
vt 3.97208 8.16699
v 4459.26 210 -2221.8
vt 4.04043 8.11248
v 4721.38 210 -2260.54
vt 4.12108 8.1244
v 4676.82 210 -2402.67
vt 4.10737 8.16813
f 130/173/76 129/172/76 128/171/76 220/303/76 219/302/76 225/308/76 226/309/76 227/310/76 228/311/76 229/312/76 230/313/76 231/314/76 131/174/76 

v 3891.25 0 -3104.29
vt 3.86722 8.44861
vn 0.0240596 -5.94841e-21 -0.999711
v 3886.44 0 -3104.41
vt 3.86573 8.44865
f 232/315/77 233/316/77 129/172/77 130/173/77 

v 3836.73 0 -3143.55
vt 3.84888 8.3961
v 3261.46 0 -3557.8
f 234/317/27 235/171/27 233/172/27 232/173/27 

vt 2.26131 7.42885
vn 0.58721 5.93132e-17 -0.809434
vt 2.49889 7.42885
vt 2.49889 7.49347
vt 2.26131 7.49347
f 233/318/78 235/319/78 128/320/78 129/321/78 

vt 3.87136 8.56546
vn 0.981896 5.19092e-15 -0.189418
vt 3.82772 8.57526
v 3594.25 319.607 -2288.25
vt 3.86398 8.53256
f 225/322/79 219/323/79 236/324/79

v 3594.25 1020.71 -2288.25
vt 1.61863 7.74292
vn 0.0765344 -5.23766e-18 -0.997067
vt 1.61863 7.52719
vt 1.61863 7.49347
v 3594.25 0 -2288.25
vt 1.61863 7.42885
v 3532.23 0 -2293.01
vt 1.63777 7.42885
v 3532.23 1020.71 -2293.01
vt 1.63777 7.74292
f 237/325/80 236/326/80 225/327/80 238/328/80 239/329/80 240/330/80 

v 3508.83 0 -2049.63
vt 1.54064 7.42885
vn 0.941485 5.99076e-18 0.337056
v 3508.83 1020.71 -2049.63
vt 1.54064 7.74292
f 241/331/81 238/328/81 225/327/81 236/326/81 237/325/81 242/332/81 

v 3804.74 0 -7.89677
vt 3.83893 7.42885
vn 0 -1 -0
v 3491.77 0 -635.956
vt 3.62301 7.42885
v 3390.01 0 -802.138
vt 3.56328 7.43407
v 3272.69 0 -1478.03
vt 3.36105 7.37362
v 3406.25 0 -1975
vt 3.24251 7.26864
v 3453.4 0 -2072.84
vt 3.22204 7.24223
vt 3.17222 7.19031
vt 3.18205 7.17388
vt 3.23604 7.23015
v 3462.74 0 -1954.01
vt 3.25605 7.25597
v 3334.07 0 -1475.25
vt 3.37024 7.3571
v 3447.16 0 -823.694
vt 3.56519 7.41537
v 3544.3 0 -665.059
vt 3.62221 7.41039
v 3842.1 0 -67.4516
vt 3.82765 7.41039
v 3835.88 0 -7.52216
vt 3.8433 7.42033
f 243/333/82 244/334/82 245/335/82 246/336/82 247/337/82 248/338/82 239/339/82 238/340/82 241/341/82 249/342/82 250/343/82 251/344/82 252/345/82 253/346/82 254/347/82 

vn -0.895029 0 0.446008
v 3804.74 1020.71 -7.89677
vt 3.83893 7.74292
v 3491.77 1020.71 -635.956
vt 3.62301 7.74292
f 244/334/83 243/333/83 255/348/83 256/349/83 

vn -0.0120307 0 0.999928
vt 3.84851 7.42885
v 3835.88 1020.71 -7.52216
vt 3.84851 7.74292
f 243/333/84 254/350/84 257/351/84 255/348/84 

v 3842.1 1650.71 -67.4516
vt 3.9699 7.43721
vn 0.99465 8.54404e-17 0.103303
v 3842.1 1020.71 -67.4516
vt 4.1627 7.41718
vt 4.16079 7.39874
vt 4.47317 7.3663
v 3842.1 5.25861 -67.4516
vt 4.47348 7.38491
v 3863.87 23.6452 -276.993
vt 4.47455 7.44997
v 3863.87 210 -276.993
vt 4.41752 7.45589
v 3863.87 1020.71 -276.993
vt 4.1694 7.48166
v 3863.87 1650.71 -276.993
vt 3.97659 7.50168
v 3863.87 2001.38 -276.993
vt 3.86927 7.51283
v 3863.87 2040.71 -276.993
vt 3.85723 7.51408
v 3848.32 2040.71 -127.36
vt 3.85245 7.46804
v 3848.32 1650.71 -127.36
vt 3.97181 7.45564
f 258/352/85 259/353/85 257/354/85 254/355/85 260/356/85 261/357/85 262/358/85 263/359/85 264/360/85 265/361/85 266/362/85 267/363/85 268/364/85 

v 3544.3 1020.71 -665.059
vt 3.75891 7.63348
vn -0.895029 -2.10745e-16 0.446008
vt 3.85054 7.44961
vt 4.02404 7.53606
v 3544.3 1650.71 -665.059
vt 3.93241 7.71994
f 269/365/86 259/366/86 258/367/86 270/368/86 

vt 3.74274 7.62453
vn -5.13885e-16 1 1.83571e-17
vt 3.83904 7.43128
vt 3.84862 7.43117
v 3447.16 1020.71 -823.694
vt 3.72902 7.6823
v 3334.07 1020.71 -1475.25
vt 3.69422 7.88277
v 3462.74 1020.71 -1954.01
vt 3.73381 8.03008
vt 3.74799 8.05951
vt 3.75519 8.13439
v 3453.4 1020.71 -2072.84
vt 3.73094 8.06665
v 3406.25 1020.71 -1975
vt 3.71643 8.03654
v 3272.69 1020.71 -1478.03
vt 3.67533 7.88363
v 3390.01 1020.71 -802.138
vt 3.71143 7.67566
f 256/369/87 255/370/87 257/371/87 259/366/87 269/365/87 271/372/87 272/373/87 273/374/87 242/375/87 237/308/87 240/376/87 274/377/87 275/378/87 276/379/87 277/380/87 

vt 4.02674 7.7975
vn 0.852805 0 -0.52223
vt 3.99685 7.84631
f 252/381/88 251/382/88 271/372/88 269/365/88 

vt 4.03846 7.73601
vn 0.985268 0 -0.171019
vt 4.00366 7.93649
f 251/383/89 250/384/89 272/373/89 271/372/89 

vt 3.37298 7.42885
vn 0.965729 0 0.259551
vt 3.52552 7.42885
vt 3.52552 7.74292
vt 3.37298 7.74292
f 250/385/90 249/386/90 273/387/90 272/388/90 

vt 1.50798 7.42885
vn 0.900831 0 0.434169
vt 1.50798 7.74292
f 249/389/91 241/331/91 242/332/91 273/390/91 

vt 3.57337 8.14367
vn -0.900831 -1.67469e-16 -0.434169
vt 3.55919 8.11425
v 3462.74 1650.71 -1954.01
v 3508.83 1650.71 -2049.63
f 242/391/92 273/392/92 278/374/92 279/375/92 

vt 3.54661 8.0804
vn -0.965729 -1.89943e-16 -0.259551
vt 3.50702 7.93309
v 3334.07 1650.71 -1475.25
f 273/393/93 272/394/93 280/373/93 278/374/93 

vn -0.985268 -2.15818e-16 0.171019
v 3447.16 1650.71 -823.694
vt 3.92001 7.71545
vt 3.88521 7.91593
f 272/373/94 271/372/94 281/395/94 280/396/94 

vt 3.5637 7.58106
vn -0.852805 -2.0572e-16 0.52223
vt 3.59359 7.53225
f 271/397/95 269/398/95 270/365/95 281/372/95 

vn -2.99467e-16 1 3.74475e-18
v 3794.31 1650.71 -297.892
vt 3.83583 7.52051
v 3596.84 1650.71 -694.161
vt 3.77507 7.64244
v 3504.32 1650.71 -845.251
vt 3.7466 7.68893
v 3395.45 1650.71 -1472.46
vt 3.7131 7.88192
v 3519.23 1650.71 -1933.01
vt 3.75119 8.02362
v 3564.25 1650.71 -2026.43
vt 3.76504 8.05237
v 3632.87 1650.71 -2218.09
vt 3.78616 8.11134
v 3771.73 1650.71 -2186.92
vt 3.82888 8.10175
v 3478.66 1650.71 -1568.93
vt 3.73871 7.9116
v 3475.68 1650.71 -1321.42
vt 3.73779 7.83544
v 3495.97 1650.71 -1254.95
vt 3.74403 7.81499
v 3558.77 1650.71 -1254.72
vt 3.76336 7.81492
v 3535.79 1650.71 -1330.02
vt 3.75629 7.83809
v 3538.5 1650.71 -1555.08
vt 3.75712 7.90734
v 3858.1 1650.71 -2229.03
v 3594.25 1650.71 -2288.25
f 268/363/96 282/399/96 283/400/96 284/401/96 285/402/96 286/403/96 287/404/96 288/405/96 289/406/96 290/407/96 291/408/96 292/409/96 293/410/96 294/411/96 295/412/96 296/309/96 297/308/96 279/375/96 278/374/96 280/373/96 281/372/96 270/365/96 258/366/96 

vt 2.98856 8.05676
vn -0.953317 -1.85391e-18 0.301971
v 3794.31 2040.71 -297.892
vt 2.93352 8.05676
vt 2.93352 7.93676
vt 2.98856 7.93676
f 267/413/97 298/414/97 282/415/97 268/416/97 

v 3679.8 2040.71 -858.078
vt 3.8006 7.69288
vn -2.00991e-15 1 7.02059e-16
v 3558.77 2040.71 -1254.72
v 3495.97 2040.71 -1254.95
v 3622.51 2040.71 -840.263
vt 3.78297 7.68739
v 3781.92 2040.71 -336.993
vt 3.83202 7.53254
v 3857.2 2040.71 -276.993
vt 3.85518 7.51408
v 3857.18 2040.71 -276.792
vt 3.85518 7.51402
v 3857.12 2040.71 -276.993
vt 3.85516 7.51408
v 3863.87 2040.71 -276.993
v 3863.87 2040.71 -276.993
f 299/417/98 300/410/98 301/409/98 302/418/98 303/419/98 298/399/98 267/363/98 266/362/98 304/420/98 305/421/98 306/422/98 307/362/98 308/362/98 

v 3679.8 0 -858.078
vt 4.40117 7.87614
vn 0.956461 0 -0.291859
v 3535.79 0 -1330.02
vt 4.35686 8.02135
vt 3.87106 7.87311
vt 3.87813 7.84994
f 309/423/99 310/424/99 294/425/99 293/426/99 300/410/99 299/417/99 

vt 4.26416 7.83198
vn 0.999928 0 0.0120307
v 3538.5 0 -1555.08
vt 4.265 7.90123
f 310/427/100 311/428/100 295/412/100 294/411/100 

vt 4.21604 7.68971
vn 0.903549 0 0.428486
v 3858.1 0 -2229.03
vt 4.31438 7.89707
vt 4.256 7.92476
f 311/429/101 312/430/101 226/431/101 296/309/101 295/412/101 

vt 3.89452 8.06323
vn 0.604485 0 0.796616
v 4084.44 0 -2400.78
vt 3.96416 8.11608
f 312/432/102 313/433/102 227/310/102 226/309/102 

vt 4.48538 8.10936
vn 0.99465 5.88025e-16 0.103303
v 3863.87 0 -276.993
vt 4.48179 7.44922
vt 4.54965 8.10269
f 227/434/103 261/357/103 314/435/103 313/436/103 

vt 3.90733 6.69033
vn 0.00105038 -0.996181 -0.0873024
vt 3.95431 6.68976
v 4407.85 22.1974 -253.928
vt 4.02274 7.35084
v 4423.25 5.25861 -60.4595
vt 4.02891 7.41046
v 4428.03 0 -0.397673
vt 4.03082 7.42897
v 4237.12 0 -2.69458
vt 3.97208 7.42968
v 4084.44 0 -4.53161
vt 3.9251 7.43025
vt 3.85009 7.41261
vt 3.85523 7.34775
f 227/437/104 228/438/104 315/439/104 316/440/104 317/441/104 318/442/104 319/443/104 254/371/104 260/444/104 261/445/104 

v 4237.12 0 -2398.94
vn -0.996847 -6.75007e-16 0.0793422
v 4407.85 0 -253.928
vt 4.02461 7.50698
vt 4.03142 7.50753
vt 4.03649 8.17211
f 320/311/105 321/446/105 315/447/105 228/448/105 

v 4423.25 0 -60.4595
vt 4.02935 7.44745
f 317/441/27 322/449/27 321/446/27 320/311/27 318/442/27 

vn -0.996847 -7.09294e-17 0.0793422
vt 4.03096 7.44758
f 317/441/106 316/450/106 322/449/106

vt 3.20575 7.43568
vn -0.996847 1.85795e-16 0.0793422
vt 3.26547 7.43047
vt 3.28401 7.42885
v 4428.03 998.564 -0.397673
vt 3.28401 7.7361
v 4423.25 998.564 -60.4595
vt 3.26547 7.7361
v 4423.25 1650.71 -60.4595
vt 3.26547 7.93676
v 4420.09 1650.71 -100.213
vt 3.2532 7.93676
v 4420.09 2040.71 -100.213
vt 3.2532 8.05676
v 4407.85 2040.71 -253.928
vt 3.20575 8.05676
f 315/451/107 316/452/107 317/453/107 323/454/107 324/455/107 325/456/107 326/457/107 327/458/107 328/459/107 

vt 2.75779 7.43047
vn -0.996847 -4.9598e-14 0.0793422
vt 2.69808 7.43568
vt 2.69808 7.42885
vt 2.75779 7.42885
f 316/460/108 315/461/108 321/462/108 322/463/108 

v 4759.85 0 -1315.29
vt 3.65083 7.99344
vn -0.949162 1.14532e-15 -0.314787
vt 3.54252 7.66687
vt 3.54901 7.66472
vt 4.13851 7.46921
v 4738.33 2040.71 -1250.4
vt 4.2402 7.77582
v 4738.33 1650.71 -1250.4
vt 4.1263 7.81359
v 4759.85 1650.71 -1315.29
vt 4.13292 7.83356
f 329/464/109 321/465/109 315/466/109 328/467/109 330/468/109 331/469/109 332/470/109 

v 4525.55 2040.71 -418.213
vt 4.06083 7.55753
vn 2.83356e-15 1 1.02207e-15
v 4801.46 2040.71 -1250.17
vt 4.14573 7.81352
vt 4.02838 7.45969
f 333/471/110 334/472/110 330/469/110 328/446/110 327/473/110 

v 4819.73 2040.71 -1305.25
vt 4.15135 7.83047
vn -3.56856e-16 1 -3.79737e-17
v 4642.92 2040.71 -667.216
vt 4.09694 7.63415
v 4743.79 2040.71 -815.422
vt 4.12798 7.67975
v 4882.7 2040.71 -1436.67
vt 4.17072 7.8709
v 4781.22 2040.71 -1902.64
vt 4.1395 8.01428
v 4740.84 2040.71 -1997.89
vt 4.12707 8.04359
v 4679.46 2040.71 -2193.69
vt 4.10818 8.10383
v 4546.21 2040.71 -2174
vt 4.06719 8.09777
v 4822.71 2040.71 -1552.76
vt 4.15226 7.90662
f 335/474/111 334/472/111 333/471/111 336/475/111 337/476/111 338/477/111 339/478/111 340/479/111 341/480/111 342/481/111 343/482/111 

v 4819.73 1650.71 -1305.25
vn -0.949162 1.35585e-18 -0.314787
v 4801.46 1650.71 -1250.17
vt 4.25963 7.77574
vt 4.26525 7.79269
f 344/474/112 345/472/112 334/483/112 335/484/112 

v 4822.71 1650.71 -1552.76
v 4546.21 1650.71 -2174
v 4679.46 1650.71 -2193.69
v 4740.84 1650.71 -1997.89
v 4781.22 1650.71 -1902.64
v 4882.7 1650.71 -1436.67
v 4743.79 1650.71 -815.422
v 4642.92 1650.71 -667.216
v 4525.55 1650.71 -418.213
v 4695.18 1650.71 -637.361
vt 4.11302 7.62496
v 4799.84 1650.71 -791.14
vt 4.14523 7.67228
v 4944.15 1650.71 -1436.5
vt 4.18963 7.87085
v 4838.66 1650.71 -1920.89
vt 4.15717 8.0199
v 4797.22 1650.71 -2018.63
vt 4.14442 8.04997
v 4721.38 1650.71 -2260.54
v 4459.26 1650.71 -2221.8
v 4762.56 1650.71 -1540.36
vt 4.13375 7.90281
f 332/470/27 331/469/27 345/472/27 344/474/27 346/482/27 347/481/27 348/480/27 349/479/27 350/478/27 351/477/27 352/476/27 353/475/27 354/471/27 326/473/27 325/449/27 355/485/27 356/486/27 357/487/27 358/488/27 359/489/27 360/313/27 361/312/27 362/490/27 

vn 0.00365995 1.18759e-21 -0.999993
vt 4.12586 7.69359
vt 4.14529 7.69352
f 345/472/113 331/469/113 330/491/113 334/492/113 

vt 4.03227 7.90807
vn -0.999928 0 -0.0120307
vt 4.03135 7.83191
f 346/493/114 344/494/114 335/474/114 343/482/114 

vn -0.913596 0 0.406623
vt 4.26189 7.95542
vt 4.17682 8.14657
f 347/481/115 346/482/115 343/495/115 342/496/115 

vn -0.14621 0 -0.989254
vt 4.08473 7.97906
vt 4.12573 7.98512
f 348/480/116 347/481/116 342/497/116 341/498/116 

vn 0.954207 0 -0.299147
vt 3.99368 8.06794
vt 4.01257 8.00769
f 349/479/117 348/480/117 341/499/117 340/500/117 

vt 4.24998 8.06112
vn 0.920674 0 -0.390332
vt 4.23755 8.09043
f 350/501/118 349/502/118 340/479/118 339/478/118 

vn 0.977097 0 -0.212794
vt 4.02225 7.98874
vt 4.05347 7.84537
f 351/477/119 350/478/119 339/503/119 338/504/119 

vn 0.9759 0 0.218218
vt 4.05361 7.89709
vt 4.01087 7.70594
f 352/476/120 351/477/120 338/505/120 337/506/120 

vt 4.19615 7.56663
vn 0.826695 0 0.56265
vt 4.22718 7.61223
f 353/507/121 352/508/121 337/476/121 336/475/121 

vn 0.904549 0 0.426369
vt 3.9884 7.68531
vt 3.95228 7.6087
f 354/471/122 353/475/122 336/509/122 333/510/122 

vn 0.949162 9.26432e-19 0.314787
vt 3.94693 7.59531
vt 3.91448 7.49746
f 354/471/123 333/511/123 327/512/123 326/473/123 

v 4695.18 998.564 -637.361
vt 3.46171 7.7361
vt 3.46171 7.93676
f 324/455/122 363/513/122 355/514/122 325/456/122 

v 4461.08 998.564 -0
vt 4.04099 7.42885
v 4747.44 998.564 -607.507
vt 4.1291 7.61578
v 4855.89 998.564 -766.859
vt 4.16247 7.66481
v 5005.59 998.564 -1436.33
vt 4.20853 7.8708
v 4896.09 998.564 -1939.15
vt 4.17484 8.02551
v 4853.6 998.564 -2039.36
vt 4.16177 8.05635
v 4783.39 998.564 -2263.3
vt 4.14016 8.12525
v 4721.38 998.564 -2260.54
v 4797.22 998.564 -2018.63
v 4838.66 998.564 -1920.89
v 4944.15 998.564 -1436.5
v 4799.84 998.564 -791.14
f 363/485/27 324/449/27 323/441/27 364/515/27 365/516/27 366/517/27 367/518/27 368/519/27 369/520/27 370/521/27 371/313/27 372/489/27 373/488/27 374/487/27 375/486/27 

vt 4.02713 7.12175
v 4461.08 0 -0
vt 4.0373 7.12162
f 317/522/84 376/523/84 364/515/84 323/441/84 

vt 4.31892 7.29785
v 4747.44 0 -607.507
vt 4.40703 7.48477
f 376/524/122 377/525/122 365/516/122 364/515/122 

vt 4.3831 7.4429
v 4855.89 0 -766.859
vt 4.41648 7.49193
f 377/526/121 378/527/121 366/517/121 365/516/121 

vt 4.46232 7.59776
v 5005.59 0 -1436.33
vt 4.50838 7.80375
f 378/528/120 379/529/120 367/518/120 366/517/120 

vt 4.50875 7.93618
v 4896.09 0 -1939.15
vt 4.47505 8.09089
f 379/530/119 380/531/119 368/519/119 367/518/119 

vt 4.45772 8.14544
v 4853.6 0 -2039.36
vt 4.44464 8.17628
f 380/532/118 381/533/118 369/520/118 368/519/118 

vt 4.45495 8.14826
vn 0.954207 -2.68956e-16 -0.299147
v 4783.39 0 -2263.3
vt 4.43335 8.21717
v 4783.39 210 -2263.3
vt 4.37169 8.19784
v 4783.39 315.456 -2263.3
vt 4.34073 8.18813
v 4783.39 318.812 -2263.3
vt 4.33974 8.18782
f 381/534/124 382/535/124 383/536/124 384/537/124 385/538/124 370/521/124 369/520/124 

v 4843.16 102.67 -2537.5
vt 4.19082 8.20259
vn 0.977055 -5.38352e-16 0.212988
v 4813.01 210 -2399.19
vt 4.14928 8.16706
vt 4.2033 8.11149
v 4843.16 0 -2537.5
vt 4.22169 8.19586
f 386/539/125 387/540/125 383/521/125 382/541/125 388/542/125 

vt 3.66225 7.52591
vn 0.977055 3.63107e-15 0.212988
vt 3.66225 7.49347
vt 3.70505 7.49347
f 384/543/126 383/544/126 387/545/126

v 4671.22 210 -1999.42
vt 4.10565 8.04406
vn 1.5453e-14 1 -2.52469e-15
v 4829.62 210 -2115.85
vt 4.15439 8.07988
v 4797.38 210 -2399.59
vt 4.14447 8.16719
f 389/546/127 390/547/127 383/521/127 387/540/127 391/548/127 

v 5186.54 210 -2389.67
vt 4.26421 8.16413
vn 5.46483e-16 1 1.05502e-15
v 5368.54 210 -2923.63
vt 4.32021 8.32843
v 5402.4 210 -3022.99
vt 4.33063 8.359
v 5434.35 210 -3046.46
vt 4.34046 8.36622
v 5709.61 210 -3022.03
vt 4.42515 8.35871
v 5146.96 210 -3508.4
vt 4.25203 8.50836
f 392/549/128 393/550/128 394/551/128 395/552/128 396/553/128 397/554/128 391/548/128 387/540/128 

v 5451.62 253.443 -2984.69
vt 4.34993 8.3458
vn -0.561618 0.804947 -0.191429
v 5685.02 421.213 -2963.98
vt 4.43781 8.33395
v 5764.78 493.262 -2895.03
vt 4.46925 8.31039
v 5846.14 567.906 -2819.85
vt 4.50143 8.28482
v 6132.1 810 -2640.82
vt 4.6126 8.22183
v 6151.98 810 -2699.16
vt 4.61871 8.23978
v 5882.74 582.054 -2867.73
vt 4.51404 8.29909
v 5804.77 510.523 -2939.77
vt 4.48321 8.32359
v 5709.61 424.564 -3022.03
vt 4.4457 8.35171
v 5434.35 226.703 -3046.46
vt 4.34206 8.36568
f 398/555/129 399/556/129 400/557/129 401/558/129 402/559/129 403/560/129 404/561/129 405/562/129 406/563/129 407/564/129 394/551/129 393/550/129 

v 5685.02 0 -2963.98
vt 3.33415 7.42885
vn -0.0884176 1.3648e-15 0.996083
vt 3.33415 7.55846
vt 3.26205 7.50683
v 5451.62 0 -2984.69
vt 3.26205 7.42885
f 408/565/130 399/566/130 398/567/130 409/568/130 

v 5764.78 0 -2895.03
vt 3.36659 7.42885
vn -0.653966 -7.1822e-16 0.756524
vt 3.36659 7.58062
f 410/569/131 400/570/131 399/566/131 408/565/131 

v 5846.14 0 -2819.85
vt 3.40067 7.42885
vn -0.678653 -1.57638e-15 0.734459
vt 3.40067 7.60359
f 411/571/132 401/572/132 400/570/132 410/569/132 

v 6282.31 810 -2546.77
vt 4.729 7.67808
vn -0.530652 1.17513e-16 0.84759
vt 4.67447 7.67808
vt 4.57066 7.60359
vt 4.57066 7.42885
v 6282.31 0 -2546.77
vt 4.729 7.42885
f 412/573/133 402/574/133 401/575/133 411/576/133 413/577/133 

vt 4.56127 8.25936
vn -2.19006e-15 1 -6.97119e-15
vt 4.55515 8.24141
vt 4.60137 8.21247
v 6962.97 810 -2461.28
vt 4.8108 8.18617
v 7157.18 810 -2511.42
vt 4.87056 8.2016
v 7894.47 810 -2785.63
vt 5.09742 8.28597
v 7935.97 810 -2910.48
vt 5.11019 8.32439
v 7879.03 810 -2929.41
vt 5.09267 8.33021
v 7846.6 810 -2831.85
vt 5.08269 8.30019
v 7139.18 810 -2568.74
vt 4.86502 8.21923
v 6959.07 810 -2522.24
vt 4.8096 8.20493
v 6302.93 810 -2604.66
vt 4.60771 8.23028
f 403/578/134 402/579/134 412/580/134 414/581/134 415/582/134 416/583/134 417/584/134 418/585/134 419/586/134 420/587/134 421/588/134 422/589/134 

vn -0.124623 0 0.992204
v 6962.97 0 -2461.28
vt 4.94008 7.42885
vt 4.94008 7.67808
f 413/577/135 423/590/135 414/591/135 412/573/135 

vn 0.249972 0 0.968253
v 7157.18 0 -2511.42
vt 5.0018 7.42885
vt 5.0018 7.67808
f 423/590/136 424/592/136 415/593/136 414/591/136 

vn 0.34859 0 0.937275
v 7894.47 0 -2785.63
vt 5.24384 7.42885
vt 5.24384 7.67808
f 424/592/137 425/594/137 416/595/137 415/593/137 

vn 0.94896 0 0.315396
v 7935.97 0 -2910.48
vt 5.28432 7.42885
vt 5.28432 7.67808
f 425/594/138 426/596/138 417/597/138 416/595/138 

vt -0.113681 7.42885
v 7977.46 0 -3035.33
vt -0.0731995 7.42885
v 7977.46 810 -3035.33
vt -0.0731995 7.67808
vt -0.113681 7.67808
f 426/598/138 427/599/138 428/600/138 417/601/138 

vn 0.840288 0 -0.54214
v 7551 0 -3696.33
vt 0.16884 7.42885
v 7551 810 -3696.33
vt 0.16884 7.67808
f 427/599/139 429/602/139 430/603/139 428/600/139 

vn 0.779833 0 -0.625987
v 7425.43 0 -3852.75
vt 0.230559 7.42885
v 7425.43 810 -3852.75
vt 0.230559 7.67808
f 429/602/140 431/604/140 432/605/140 430/603/140 

vn 0.494101 0 -0.869405
v 6829.02 0 -4191.71
vt 0.441637 7.42885
v 6829.02 810 -4191.71
vt 0.441637 7.67808
f 431/604/141 433/606/141 434/607/141 432/605/141 

v 6316.16 0 -4234.05
vt 0.599976 7.42885
vn 0.0822853 -3.78147e-16 -0.996609
v 6316.16 559.526 -4234.05
vt 0.599976 7.60101
v 6665.33 810 -4205.22
vt 0.492174 7.67808
f 435/608/142 436/609/142 437/610/142 434/607/142 433/606/142 

v 6205.99 0 -4222.53
vt 0.63406 7.42885
vn -0.103991 -1.06191e-16 -0.994578
v 6205.99 485.396 -4222.53
vt 0.63406 7.5782
f 438/611/143 439/612/143 436/609/143 435/608/143 

v 6101.4 0 -4215.09
vt 0.666323 7.42885
vn -0.0710066 -1.80687e-16 -0.997476
v 6101.4 414.195 -4215.09
vt 0.666323 7.5563
f 440/613/144 441/614/144 439/612/144 438/611/144 

v 5900.54 0 -4337.04
vt 0.738625 7.42885
vn 0.518995 -1.98587e-16 -0.854777
v 5900.54 245.053 -4337.04
vt 0.738625 7.50425
f 442/615/145 443/616/145 441/614/145 440/613/145 

v 5676.07 0 -5026.03
vt 0.961588 7.42885
vn 0.950809 -1.48648e-15 -0.309777
v 5676.07 480.023 -5026.03
vt 0.961588 7.57655
v 5870.02 201.472 -4430.74
vt 0.768945 7.49084
f 444/617/146 445/618/146 446/619/146 443/616/146 442/615/146 

v 5766.54 0 -5242.9
vt 5.02047 7.42885
vn 0.922918 -9.50943e-16 0.384997
v 5766.54 649.862 -5242.9
vt 5.02047 7.62881
vt 4.94817 7.57655
vt 4.94817 7.42885
f 447/620/147 448/621/147 445/622/147 444/623/147 

v 5951.25 795.628 -5354.08
vt 5.08681 7.67366
vn 0.515713 -5.16512e-17 0.856761
v 5951.25 0 -5354.08
vt 5.08681 7.42885
f 449/624/148 448/621/148 447/620/148 450/625/148 

vt 4.44267 9.04205
vt 4.49951 9.07626
v 5855.44 0 -5298.49
vt 4.47002 9.05916
f 447/626/27 450/627/27 451/628/27

vt 4.6624 8.88763
vn 0.653573 0 0.756863
vt 4.78224 8.99111
v 5966.42 810 -5367.18
vt 4.50417 9.08029
v 5951.25 810 -5354.08
vt 4.5024 9.07291
f 450/629/149 1/630/149 4/4/149 452/631/149 453/627/149 449/632/149 

v 5915.59 810 -5402.76
vt 4.48853 9.09124
v 6572.25 810 -6515.7
v 6563.61 810 -6329.89
v 6291.5 810 -5727.17
v 5916.29 810 -5403.16
f 454/633/27 452/631/27 4/4/27 3/3/27 6/7/27 8/10/27 86/132/27 455/131/27 456/130/27 457/129/27 458/128/27 

f 86/132/27 8/10/27 10/114/27 84/105/27 

vn -0.99838 0 0.0569044
vt 4.49305 9.65504
vt 4.50627 9.42318
f 86/132/150 85/634/150 95/635/150 455/131/150 

vn -0.99892 0 -0.0464625
vt 4.50617 9.44226
vt 4.50351 9.38509
f 455/131/151 95/636/151 94/637/151 456/130/151 

vn -0.911418 0 -0.411481
vt 4.51966 9.45248
vt 4.43594 9.26702
f 456/130/152 94/638/152 93/639/152 457/129/152 

vn -0.653573 0 -0.756863
vt 4.48354 9.33079
vt 4.36809 9.23109
f 457/129/153 93/640/153 92/641/153 458/128/153 

vt 4.36785 9.23465
vn -0.501851 -4.39916e-16 -0.864954
v 5824.47 739.294 -5349.89
vt 4.44958 9.09379
vt 4.3961 9.25105
f 91/642/154 459/643/154 454/633/154 458/128/154 92/644/154 

v 5718.52 654.183 -5283.63
vt 0.314512 7.63014
vn -0.530212 1.95939e-15 -0.847865
vt 0.276063 7.65633
vt 0.276063 7.49347
vt 0.314512 7.49347
f 460/645/155 459/646/155 91/647/155 90/648/155 

v 5612.13 210 -5028.59
vt 0.39954 7.49347
vn -0.922918 2.25098e-15 -0.384997
v 5612.13 454.451 -5028.59
vt 0.39954 7.56868
f 461/649/156 462/650/156 460/645/156 90/648/156 

vn -0.950809 6.18341e-15 0.309777
v 5782.33 210 -4506.18
vt 0.568599 7.49347
f 461/649/157 463/651/157 462/650/157

v 5084.61 210 -4887.22
vt 4.23285 8.93261
v 5340.83 210 -4100.79
vt 4.31169 8.69063
v 5343.92 210 -4101.01
vt 4.31263 8.6907
v 6086.6 210 -4153.88
vt 4.54115 8.70697
v 5850.39 210 -4297.3
vt 4.46847 8.7511
vt 4.44753 8.81537
vt 4.39516 8.97611
f 464/652/27 465/653/27 466/654/27 467/655/27 468/656/27 463/657/27 461/658/27 90/126/27 89/125/27 

f 465/653/27 464/652/27 138/181/27 137/180/27 

v 5084.61 510 -4887.22
vt 3.07967 7.58577
vn 0.530212 0 0.847865
v 5032.19 510 -4854.44
vt 3.06065 7.58577
vt 3.06065 7.49347
vt 3.07967 7.49347
f 469/659/158 470/660/158 138/661/158 464/662/158 

v 4914.5 510 -5012.18
v 4873.8 510 -5041.23
v 4854.36 510 -4981.39
v 5087.23 510 -4888.86
f 471/124/27 472/123/27 473/134/27 470/181/27 469/652/27 474/125/27 

vt 2.33373 7.49347
vt 2.34912 7.49347
v 4873.8 410 -5041.23
vt 2.34912 7.55501
vt 2.34912 7.58577
vt 2.33373 7.58577
f 88/663/4 87/664/4 475/665/4 472/666/4 471/667/4 

vn 1.05935e-15 1 -1.05545e-15
f 97/134/159 138/181/159 464/652/159 89/125/159 88/124/159 87/123/159 

vt 2.99342 7.58577
vn -0.581039 -1.84607e-18 0.813876
vt 2.99342 7.49347
f 473/668/160 97/669/160 138/661/160 470/660/160 

vn -0.951057 2.47491e-18 -0.309017
vt 4.24979 8.93306
vt 4.22651 8.96098
f 97/134/161 473/670/161 475/671/161 87/123/161 

vt 0.72971 7.58577
vn -0.951057 2.41303e-17 -0.309017
vt 0.72971 7.55501
vt 0.74907 7.58577
f 472/672/162 475/673/162 473/674/162

vt 4.18574 9.00513
vn 0.577184 3.40467e-30 -0.816614
v 4792.14 410 -5098.95
vt 4.16062 9.02289
v 4792.14 510 -5098.95
f 475/675/163 476/676/163 477/135/163 472/123/163 

vt 3.00342 6.47465
vn -0.494737 -0.515056 0.699966
vt 2.9669 6.43876
vt 2.99767 6.43876
f 473/677/164 476/678/164 475/679/164

vt 4.11141 8.95371
vn -0.499276 -0.511505 0.699347
v 4741.36 510 -5062.06
f 476/680/165 473/134/165 478/136/165

f 478/136/27 473/134/27 472/123/27 477/135/27 

v 4564.3 510 -5188.47
v 4751.17 510 -5127.62
vt 4.13025 9.00658
v 4578.26 510 -5248.61
f 479/137/27 478/136/27 477/135/27 480/681/27 481/101/27 

vt 4.01912 8.95018
vn -0.581039 1.84607e-18 0.813876
vt 4.0736 8.91128
f 100/682/166 99/683/166 478/136/166 479/137/166 

vn 0.587785 5.84814e-18 0.809017
vt 4.10668 9.04755
vt 4.07298 9.06109
f 98/135/167 476/684/167 478/685/167 99/136/167 

v 4833.11 0 -5070.29
vt 4.24543 9.11751
vn 0.573316 -4.03585e-16 -0.819335
v 4751.17 0 -5127.62
vt 4.22022 9.13515
vt 4.1605 9.02297
vt 4.19578 9.07339
vt 4.20838 9.06457
f 482/686/168 483/687/168 480/681/168 477/135/168 476/688/168 98/689/168 79/690/168 

v 4751.72 0 -5128.39
f 484/103/27 483/681/27 482/104/27

v 4578.26 0 -5248.61
v 4583.26 0 -5248.66
f 485/101/27 483/681/27 484/103/27 486/102/27 

vn 0.573316 8.46508e-19 -0.819335
vt 4.16701 9.17238
vt 4.12997 9.11944
f 483/687/169 485/691/169 76/692/169 481/101/169 480/681/169 

vn 0.00991445 0 0.999951
vt 4.07794 9.10844
vt 4.07641 9.10842
f 485/101/170 486/102/170 77/693/170 76/694/170 

vt 4.16796 9.05941
vt 4.11613 9.09641
f 486/102/32 484/103/32 78/695/32 77/696/32 

vt 4.09288 8.95423
vt 4.11792 8.93635
f 484/697/32 482/698/32 79/104/32 78/103/32 

vn -0.974106 0 -0.226092
vt 3.98713 9.06468
vt 3.98284 9.04617
f 479/137/171 481/101/171 76/699/171 100/700/171 

vn -5.8971e-17 1 -6.82047e-16
v 3764.07 210 -5240.54
vt 3.82653 9.04132
f 100/137/172 76/101/172 487/701/172 118/151/172 101/138/172 

vt 3.83181 9.20847
vn -5.46696e-17 1 1.69093e-17
vt 3.77132 9.25944
vt 4.06845 9.21082
f 59/702/173 57/703/173 487/701/173 76/101/173 64/100/173 61/704/173 

v 3512.81 210 -5057.19
vt 3.74922 8.98491
vn 5.63491e-18 1 -7.04221e-18
v 3512.91 210 -5057.27
vt 3.74925 8.98494
vt 3.76064 9.30164
vt 3.75368 9.33355
v 2843.1 210 -7090.11
v 2668.84 210 -7155.19
v 1938.29 210 -7344.86
v 1855.82 210 -7283.48
f 488/705/174 489/706/174 117/152/174 118/151/174 487/701/174 57/703/174 55/707/174 52/708/174 54/57/174 490/65/174 491/64/174 492/63/174 493/62/174 

vn -3.49314e-16 1 -1.94146e-15
v 3472.7 210 -5027.34
f 488/705/175 494/163/175 126/164/175 104/141/175 112/149/175 117/152/175 489/706/175 

vt 4.4491 7.49347
vn 0.597062 3.85792e-16 0.802195
v 3432.69 210 -4997.57
vt 4.43375 7.49347
v 3432.69 0 -4997.57
vt 4.43375 7.42885
v 3512.81 0 -5057.19
vt 4.46448 7.42885
vt 4.46448 7.49347
f 494/709/176 495/710/176 496/711/176 497/712/176 488/713/176 

v 3432.56 210 -4997.74
vt 3.72452 8.96662
vn -3.34683e-14 1 -4.49676e-14
f 498/714/177 495/166/177 494/163/177 488/705/177 

vn 0.803476 0 -0.595337
v 3432.56 0 -4997.74
vt 3.67261 8.92815
vt 3.67265 8.9281
f 496/166/178 499/714/178 498/715/178 495/716/178 

f 496/166/27 497/705/27 499/714/27

vt 3.76299 8.9147
vn 0.595335 0 0.803478
vt 3.78768 8.93299
f 499/717/179 497/718/179 488/705/179 498/714/179 

vt 3.78779 8.93308
vn 0.597062 0 0.802195
v 3512.91 0 -5057.27
vt 3.78783 8.9331
f 497/719/180 500/720/180 489/706/180 488/705/180 

v 3548.5 0 -5009.24
vt 3.7602 8.97015
f 501/721/27 500/706/27 497/705/27

v 3266.75 210 -4874.06
v 1773.34 210 -7222.09
vt 3.214 9.65103
v 1745.34 210 -6467.85
vt 3.20538 9.41896
v 1757.67 210 -6282.24
vt 3.20917 9.36185
v 2041.68 210 -5685.03
vt 3.29656 9.17809
v 2423.24 210 -5368.53
vt 3.41396 9.08071
v 2516.1 210 -5317.09
vt 3.44254 9.06488
v 2655.71 210 -5233.59
vt 3.48549 9.03919
v 3265.16 210 -4869.07
vt 3.67302 8.92703
f 502/167/27 495/166/27 498/714/27 488/705/27 493/62/27 503/722/27 504/723/27 505/724/27 506/725/27 507/726/27 508/727/27 509/728/27 510/729/27 

vn -2.40363e-15 1 -2.36985e-15
f 125/165/181 126/164/181 494/163/181 495/166/181 502/167/181 

vn 0.951057 4.88609e-18 -0.309017
vt 3.67835 8.95671
vt 3.65511 8.92867
f 494/163/182 120/730/182 121/731/182 126/164/182 

vn 0.597062 8.2842e-17 0.802195
vt 3.66945 9.04061
vt 3.61839 9.00261
f 495/166/183 494/163/183 120/161/183 119/160/183 123/732/183 124/733/183 502/167/183 

vn 0.951057 0 -0.309017
vt 3.76614 8.98523
f 119/163/184 121/164/184 120/734/184

vt 3.65837 8.98011
vn 0.511977 -0.514496 0.687876
vt 3.62734 8.9612
f 116/735/185 111/736/185 121/731/185 120/730/185 

vn -0.587785 1.07865e-15 0.809017
vt 3.83146 9.05741
vt 3.79773 9.04388
f 112/149/186 111/737/186 116/738/186 117/152/186 

vn -4.57791e-16 1 -7.42413e-16
f 118/151/187 117/152/187 112/149/187 102/139/187 101/138/187 

vt 2.14157 7.49347
vn 0.597062 3.68545e-16 0.802195
vt 2.13195 7.49347
vt 2.1108 7.49347
v 3548.63 0 -5009.06
vt 2.1108 7.42885
v 3628.85 0 -5068.77
vt 2.14157 7.42885
f 102/739/188 112/740/188 104/741/188 511/742/188 512/743/188 

f 102/139/27 112/149/27 104/141/27 103/140/27 

v 3628.98 0 -5068.6
vt 2.08003 7.42885
vn -0.595337 0 -0.803476
vt 2.08003 7.49347
f 513/744/189 511/742/189 104/741/189 103/745/189 

f 512/139/27 511/141/27 513/140/27

f 511/141/27 512/139/27 501/721/27

vt 2.07997 7.42885
vn -0.803476 0 0.595337
vt 2.07997 7.49347
f 512/746/190 513/744/190 103/745/190 102/747/190 

vt 1.52884 7.58577
vn -0.947691 -8.05037e-20 0.31919
vt 1.52884 7.49347
f 113/748/191 114/157/191 118/156/191 101/749/191 

vt 3.74291 8.99243
vn -0.580948 -1.68961e-18 0.81394
vt 3.72713 9.00369
f 122/750/192 124/751/192 502/167/192 125/165/192 

v 3318.05 0 -4837.44
vt 2.63462 7.42885
vn -0.580948 3.8496e-18 0.81394
vt 2.63462 7.49347
vt 2.61523 7.49347
v 3266.75 0 -4874.06
vt 2.61523 7.42885
f 514/752/193 125/753/193 502/754/193 515/755/193 

vn -1.14626e-15 1 -3.65695e-16
f 125/165/194 502/167/194 510/729/194 205/272/194 152/195/194 

vt 3.61195 8.9482
vn -0.952692 0 -0.303939
v 3265.16 0 -4869.07
vt 3.61146 8.94667
f 515/756/195 516/757/195 510/729/195 502/167/195 

f 514/165/27 515/167/27 516/729/27

v 2746.43 210 -5019.81
vt 3.51341 8.97341
v 2579.43 210 -4496.35
vt 3.46202 8.81234
v 2512.66 210 -4287.06
vt 3.44148 8.74795
v 2495.03 210 -4276.21
vt 3.43605 8.74461
f 206/273/27 205/272/27 510/729/27 509/728/27 517/758/27 518/759/27 519/760/27 520/761/27 

vt 3.83151 7.49347
vn 0.920539 8.39686e-15 -0.390651
v 2655.71 628.857 -5233.59
vt 3.83151 7.62235
v 2746.43 454.19 -5019.81
vt 3.76005 7.5686
vt 3.76005 7.49347
f 509/762/196 521/763/196 522/764/196 517/765/196 

vt 3.88156 7.49347
vn 0.513297 5.31287e-15 -0.858211
v 2516.1 746.202 -5317.09
vt 3.88156 7.65845
f 508/766/197 523/767/197 521/763/197 509/762/197 

v 2423.24 810 -5368.53
vt 4.20525 7.67808
vn 0.484602 1.40502e-15 -0.874734
v 2437.66 810 -5360.54
vt 4.20018 7.67808
vt 4.17259 7.65845
vt 4.17259 7.49347
vt 4.20525 7.49347
f 524/768/198 525/769/198 523/770/198 508/771/198 507/772/198 

v 1993.18 810 -5647.31
vt 3.28164 9.16648
vn 3.57212e-15 1 -2.00356e-16
v 2386.25 810 -5321.26
vt 3.40258 9.06616
vt 3.4184 9.07825
v 2041.68 810 -5685.03
v 1757.67 810 -6282.24
v 1745.34 810 -6467.85
v 1773.34 810 -7222.09
v 1714.45 810 -7253.06
vt 3.19588 9.66056
v 1685.27 810 -6466.97
vt 3.1869 9.41869
v 1698.56 810 -6266.82
vt 3.19099 9.3571
f 526/773/199 527/774/199 525/775/199 524/726/199 528/725/199 529/724/199 530/723/199 531/722/199 48/62/199 47/61/199 532/776/199 533/777/199 534/778/199 

v 1993.18 0 -5647.31
vt 1.36252 7.42885
vn -0.638438 3.0007e-16 0.769674
v 2389.25 0 -5318.77
vt 1.52086 7.42885
v 2389.25 807.049 -5318.77
vt 1.52086 7.67717
vt 1.51966 7.67808
vt 1.36252 7.67808
f 535/779/200 536/780/200 537/781/200 527/782/200 526/783/200 

v 2486.15 0 -5265.08
vt 1.55494 7.42885
vn -0.484602 1.56291e-15 0.874734
v 2486.15 728.24 -5265.08
vt 1.55494 7.65293
f 538/784/201 539/785/201 537/781/201 536/780/201 

v 2608.12 0 -5192.14
vt 2.53703 7.42885
vn -0.513297 -3.65535e-17 0.858211
v 2608.12 625.726 -5192.14
vt 2.53703 7.62138
vt 2.4933 7.65293
vt 2.4933 7.42885
f 540/786/202 541/787/202 539/788/202 538/789/202 

v 2682.51 0 -5016.85
vt 2.59562 7.42885
vn -0.920539 -9.98865e-16 0.390651
v 2682.51 482.506 -5016.85
vt 2.59562 7.57732
f 542/790/203 543/791/203 541/787/203 540/786/203 

v 2462.26 0 -4326.5
vt 1.32531 7.42885
vn -0.952692 -2.36775e-15 -0.303939
v 2462.26 222.533 -4326.5
vt 1.32531 7.49732
v 2483.04 190.844 -4391.63
vt 1.30428 7.48757
vt 1.10235 7.57732
vt 1.10235 7.42885
f 544/792/204 545/793/204 546/794/204 543/795/204 542/796/204 

v 2300.1 369.865 -4226.67
vt 1.3839 7.54266
vn -0.524229 4.59516e-15 -0.851578
v 2300.1 0 -4226.67
vt 1.3839 7.42885
f 547/797/205 545/793/205 544/792/205 548/798/205 

v 2158.43 0 -4237.83
vt 2.15376 7.42885
vn 0.078546 8.58296e-15 -0.99691
v 2158.43 474.512 -4237.83
vt 2.15376 7.57486
vt 2.11003 7.54266
vt 2.11003 7.42885
f 549/799/206 550/800/206 547/801/206 548/802/206 

v 2048.34 0 -4250.19
vt 2.18785 7.42885
vn 0.111508 7.43768e-15 -0.993764
v 2048.34 554.923 -4250.19
vt 2.18785 7.5996
f 551/803/207 552/804/207 550/800/207 549/799/207 

v 1535.18 810 -4211.72
vt 3.14072 8.72477
vn -0.0747481 1.15591e-15 -0.997202
v 1719.75 810 -4225.55
vt 3.1975 8.72902
vt 3.29274 8.81487
vt 3.27998 8.98513
v 1535.18 0 -4211.72
vt 3.12209 8.9733
f 553/805/208 554/806/208 552/807/208 551/808/208 555/809/208 

v 1552.87 810 -4152.88
v 1738.71 810 -4166.81
vt 3.20334 8.71095
v 936.221 810 -3877.28
vt 2.95642 8.62186
v 809.478 810 -3721.81
vt 2.91742 8.57403
v 378.03 810 -3064.06
vt 2.78467 8.37164
v 418.58 810 -2938.9
vt 2.79715 8.33313
v 857.945 810 -3686.31
v 975.482 810 -3830.49
f 556/276/27 557/810/27 554/806/27 553/805/27 558/811/27 559/812/27 560/813/27 561/814/27 199/244/27 201/279/27 562/278/27 563/277/27 

vt 3.31207 8.53396
vn 0.0747481 -1.86546e-15 0.997202
v 2047.23 570.511 -4189.93
vt 3.30378 8.64458
vt 3.15996 8.52256
f 208/815/209 564/816/209 557/810/209 556/276/209 209/817/209 

vt 3.18325 7.49347
vn -0.111508 -7.05061e-15 0.993764
v 2152.72 493.453 -4178.1
vt 3.18325 7.58068
vt 3.15058 7.60439
vt 3.15058 7.49347
f 207/818/210 565/819/210 564/820/210 208/821/210 

vt 3.2333 7.49347
vn -0.078546 -2.74142e-15 0.99691
v 2314.9 373.668 -4165.32
vt 3.2333 7.54383
f 206/822/211 566/823/211 565/819/211 207/818/211 

vt 3.94678 7.49347
vn 0.524229 4.44328e-15 0.851578
vt 4.01187 7.49347
vt 3.94678 7.54383
f 206/824/212 520/825/212 566/826/212

vt 3.18813 7.67808
vn 0.487513 0 0.873116
vt 3.18813 7.49347
vt 3.39161 7.49347
vt 3.39161 7.67808
f 563/827/213 210/828/213 209/829/213 556/830/213 

vt 3.1309 7.67808
vn 0.775078 0 0.631865
vt 3.1309 7.49347
f 562/831/214 211/832/214 210/828/214 563/827/214 

vn 0.836165 0 0.548478
f 201/268/215 200/267/215 211/832/215 562/831/215 

vt 3.01921 8.94237
vn -0.487513 0 -0.873116
v 936.221 0 -3877.28
vt 2.83492 8.83947
f 555/833/216 567/834/216 558/811/216 553/805/216 

vt 2.76325 8.77934
vn -0.775078 0 -0.631865
v 809.478 0 -3721.81
vt 2.72425 8.73151
f 567/835/217 568/836/217 559/812/217 558/811/217 

vt 2.16946 7.42885
vn -0.836165 0 -0.548478
v 378.03 0 -3064.06
vt 2.4115 7.42885
vt 2.4115 7.67808
vt 2.16946 7.67808
f 568/837/218 569/838/218 560/839/218 559/840/218 

vn -0.951318 0 0.308212
v 418.58 0 -2938.9
vt 2.45198 7.42885
vt 2.45198 7.67808
f 569/838/219 570/841/219 561/842/219 560/839/219 

v 459.13 0 -2813.74
vt 2.49246 7.42885
v 459.13 810 -2813.74
vt 2.49246 7.67808
f 570/841/219 571/843/219 572/844/219 561/842/219 

vn -0.355666 0 0.934613
v 1194.32 0 -2533.96
vt 2.7345 7.42885
v 1194.32 810 -2533.96
vt 2.7345 7.67808
f 571/843/220 573/845/220 574/846/220 572/844/220 

vt 3.12027 7.42885
vn -0.257286 0 0.966335
v 1388.16 0 -2482.36
vt 3.18199 7.42885
v 1388.16 810 -2482.36
vt 3.18199 7.67808
vt 3.12027 7.67808
f 573/847/221 575/848/221 576/849/221 574/850/221 

vn 0.117118 0 0.993118
v 2069.44 0 -2562.7
vt 3.39307 7.42885
v 2069.44 810 -2562.7
vt 3.39307 7.67808
f 575/848/222 577/851/222 578/852/222 576/849/222 

v 2507.66 0 -2832.47
vt 3.55141 7.42885
vn 0.524229 -3.03818e-16 0.851578
v 2507.66 553.749 -2832.47
vt 3.55141 7.59924
v 2225.62 810 -2658.85
vt 3.4495 7.67808
f 579/853/223 580/854/223 581/855/223 578/852/223 577/851/223 

v 2589.59 0 -2907.03
vt 3.58549 7.42885
vn 0.673081 -3.65174e-16 0.739569
v 2589.59 473.409 -2907.03
vt 3.58549 7.57452
f 582/856/224 583/857/224 580/854/224 579/853/224 

v 2703.37 0 -3003.9
vt 3.55798 7.42885
vn 0.648227 1.56801e-16 0.761447
v 2703.37 210 -3003.9
vt 3.55798 7.49347
v 2703.37 363.465 -3003.9
vt 3.55798 7.54069
vt 3.512 7.57452
vt 3.512 7.42885
f 584/858/225 585/859/225 586/860/225 583/861/225 582/862/225 

v 2884.39 0 -3015.58
vt 3.56002 8.29224
vn 0.0644267 2.56799e-15 0.997922
v 2884.39 210 -3015.58
vt 3.55586 8.35672
vt 3.50016 8.35313
vt 3.50432 8.28865
f 587/863/226 588/864/226 585/865/226 584/866/226 

v 3277.15 -2.88765e-13 -2712.09
vt 2.95602 7.42885
vn -0.611439 -1.20763e-14 0.791292
vt 2.81246 7.49347
vt 2.80329 7.49347
vt 2.80329 7.42885
f 589/867/227 222/868/227 588/869/227 587/870/227 

vn 0.592859 0.782223 -0.191429
vt 3.6982 8.27028
f 222/305/228 589/871/228 221/304/228

vn 1.24402e-15 1 -1.92763e-14
v 2623.75 210 -2936.11
vt 3.47566 8.33227
f 180/237/229 590/872/229 585/865/229 588/864/229 222/305/229 221/304/229 183/240/229 182/239/229 

vn 0.0644267 -1.24372e-17 0.997922
vt 3.61379 7.49347
v 2884.39 223.411 -3015.58
vt 3.61379 7.49759
f 586/860/230 585/859/230 588/873/230 591/874/230 

vt 2.80329 7.49759
vn -0.611439 -1.12368e-16 0.791292
f 591/875/231 588/869/231 222/868/231

vt 1.42971 7.49347
vn -0.0644267 2.15487e-14 -0.997922
v 2679.64 367.114 -3062.49
vt 1.42971 7.54181
vt 1.3671 7.49347
f 183/876/232 592/877/232 221/878/232

vt 1.48212 7.49347
vn -0.648227 8.98684e-15 -0.761447
vt 1.48212 7.58037
f 182/879/233 193/880/233 592/877/233 183/876/233 

vn 1.90198e-13 1 1.99279e-13
f 181/238/234 180/237/234 182/239/234

vt 2.18935 7.67717
vn -0.638438 -4.26138e-13 0.769674
v 2389.25 810 -5318.77
vt 2.18935 7.67808
vt 2.18815 7.67808
f 537/881/235 593/882/235 527/883/235

v 1698.56 0 -6266.82
vt 1.15144 7.42885
vn -0.90308 0 0.429472
vt 1.15144 7.67808
f 594/884/236 535/779/236 526/783/236 534/885/236 

v 1685.27 0 -6466.97
vt 1.08972 7.42885
vn -0.997802 0 0.0662599
vt 1.08972 7.67808
f 595/886/237 594/884/237 534/885/237 533/887/237 

v 1714.45 0 -7253.06
vt 0.418609 7.42885
vn -0.999312 0 -0.0370974
vt 0.660648 7.42885
vt 0.660648 7.67808
vt 0.418609 7.67808
f 596/888/238 595/889/238 533/890/238 532/891/238 

v 1819.99 0 -7331.61
vt 0.378127 7.42885
vn -0.597062 0 -0.802195
vt 0.378127 7.67808
f 597/892/239 596/888/239 532/891/239 47/893/239 

v 1925.53 0 -7410.16
vt 3.11202 9.90883
vt 3.07954 9.88466
f 598/894/239 597/895/239 47/61/239 46/60/239 

v 2686.92 0 -7212.48
vt 3.55773 9.88931
vn 0.251299 0 -0.967909
vt 3.32346 9.95013
f 599/896/240 598/897/240 46/60/240 45/59/240 

vt 3.64011 9.85996
vn 0.349874 0 -0.936797
vt 3.5823 9.88156
f 42/898/241 599/899/241 45/59/241 41/54/241 

vn 0.638438 0 -0.769674
vt 4.35779 7.49347
vt 4.35779 7.67808
f 524/768/242 507/772/242 506/900/242 528/901/242 

vn 0.90308 0 -0.429472
vt 4.56127 7.49347
vt 4.56127 7.67808
f 528/901/243 506/900/243 505/902/243 529/903/243 

vn 0.997802 0 -0.0662599
vt 4.6185 7.49347
vt 4.6185 7.67808
f 529/903/244 505/902/244 504/904/244 530/905/244 

vn 0.999312 0 0.0370974
vt 4.85074 7.49347
vt 4.85074 7.67808
f 530/905/245 504/904/245 503/906/245 531/907/245 

vt 4.43285 7.67808
vn 0.597062 -3.26877e-18 0.802195
vt 4.43285 7.49347
vt 4.46448 7.67808
f 531/908/246 503/909/246 493/713/246 48/910/246 

vt 3.3496 9.52182
vt 3.37498 9.54071
f 48/62/180 493/911/180 492/912/180 49/63/180 

vn -0.251299 0 0.967909
vt 3.21835 9.51012
vt 3.44314 9.45176
f 49/63/247 492/913/247 491/914/247 50/64/247 

vn -0.349874 0 0.936797
vt 3.42494 9.4575
vt 3.47856 9.43748
f 50/64/248 491/915/248 490/916/248 51/65/248 

vn -0.670614 0 0.741806
vt 3.41934 9.47347
vt 3.57028 9.33702
f 51/65/249 490/917/249 54/918/249 43/57/249 

vn 0.952692 1.57321e-15 0.303939
vt 3.59099 7.49347
f 517/765/250 522/764/250 518/919/250

v 3022.84 510 -4109.54
vt 3.59121 8.6013
vn 0.078546 1.10749e-19 -0.99691
v 3084.28 510 -4104.7
vt 3.61011 8.59981
f 600/920/251 601/921/251 152/195/251 205/272/251 

v 3021.25 510 -4104.56
f 214/270/27 213/269/27 215/196/27 601/195/27 600/272/27 602/271/27 

vt 3.51021 7.58577
vn 0.951318 -2.68391e-18 -0.308212
vt 3.51021 7.49347
vt 3.57736 7.49347
vt 3.57736 7.58577
f 215/922/252 153/923/252 152/924/252 601/925/252 

vt 1.181 7.58577
vn -0.952692 3.11486e-19 -0.303939
vt 1.181 7.49347
vt 1.18261 7.49347
vt 1.18261 7.58577
f 600/926/253 205/927/253 204/928/253 602/929/253 

f 602/929/219 204/928/219 203/280/219 214/284/219 

vn 0.587785 -2.85097e-17 0.809017
vt 4.16094 8.97287
f 477/135/254 478/136/254 476/930/254

vt 2.26747 7.58577
vt 2.26747 7.49347
vt 2.26843 7.49347
vt 2.26843 7.58577
f 469/931/158 464/932/158 89/933/158 474/934/158 

f 474/934/4 89/933/4 88/663/4 471/667/4 

vn 1.02914e-16 1 -4.31335e-16
v 5261.21 210 -3852.16
vt 4.28719 8.61413
f 466/654/255 465/653/255 137/180/255 136/179/255 603/935/255 

v 5343.92 510 -4101.01
vt 0.93862 7.58577
vn -0.0710066 0 -0.997476
vt 0.93862 7.49347
vt 0.939572 7.49347
v 5340.83 510 -4100.79
vt 0.939572 7.58577
f 604/936/256 466/937/256 465/938/256 605/939/256 

vt 0.85793 7.49347
vn 0.94896 -3.39701e-18 0.315396
v 5261.21 510 -3852.16
vt 0.85793 7.58577
v 5261.21 410 -3852.16
vt 0.85793 7.55501
f 603/940/257 466/937/257 604/936/257 606/941/257 607/942/257 

vn 4.94393e-17 1 -2.71869e-17
v 5245.44 210 -3804.71
vt 4.28233 8.59953
v 7879.03 210 -2929.41
v 7911.45 210 -3026.97
vt 5.10265 8.36023
v 7502.26 210 -3661.19
vt 4.97674 8.55537
v 7385.82 210 -3806.25
vt 4.94091 8.60001
v 6810.89 210 -4133
vt 4.76401 8.70054
v 6316.82 210 -4173.79
vt 4.61199 8.7131
v 6211.24 210 -4162.75
vt 4.5795 8.7097
f 466/654/258 603/935/258 608/943/258 609/585/258 610/944/258 611/945/258 612/946/258 613/947/258 614/948/258 615/949/258 467/655/258 

vn -5.14579e-16 1 2.46696e-15
f 608/943/259 603/935/259 136/179/259 135/178/259 

vt 3.28133 7.49347
vn -0.587785 8.71945e-18 0.809017
vt 3.28133 7.55501
v 5210.28 510 -3889.16
vt 3.26196 7.58577
vt 3.26196 7.49347
f 603/950/260 607/951/260 616/952/260 136/953/260 

vt 3.28133 7.58577
vn -0.587785 0 0.809017
f 606/954/261 616/952/261 607/951/261

v 5166.44 510 -3757.26
v 5229.67 510 -3757.26
vt 4.27748 8.58493
f 616/179/27 617/177/27 618/955/27 606/935/27 

v 5229.67 410 -3757.26
vt 4.22591 8.60207
vn -0.813727 -0.514496 -0.27045
vt 4.23561 8.63127
f 619/956/262 617/177/262 616/179/262 607/957/262 

vt 1.05922 7.58577
vt 1.05922 7.55501
vt 1.07868 7.58577
f 618/958/72 619/959/72 617/960/72

vt 0.978533 7.49347
vn 0.94896 -2.69997e-18 0.315396
v 5229.67 210 -3757.26
vt 1.05922 7.49347
v 5146.96 510 -3508.4
vt 0.978533 7.58577
f 397/961/263 620/962/263 619/959/263 618/958/263 621/963/263 

vn 1.02637e-15 1 6.84854e-16
f 397/554/264 620/955/264 134/177/264 133/176/264 

vn -1.53843e-18 1 5.23586e-17
v 5804.77 210 -2939.77
vt 4.45443 8.3334
v 5882.74 210 -2867.73
vt 4.47842 8.31123
v 6302.93 210 -2604.66
v 6959.07 210 -2522.24
v 7139.18 210 -2568.74
v 7846.6 210 -2831.85
f 397/554/265 396/553/265 622/964/265 623/965/265 624/589/265 625/588/265 626/587/265 627/586/265 609/585/265 608/943/265 620/955/265 

vt 1.94738 7.49347
vn 0.653966 -4.74998e-17 -0.756524
vt 1.94738 7.55949
vt 1.90868 7.58594
vt 1.90868 7.49347
f 396/966/266 406/967/266 405/968/266 622/969/266 

vt 4.34 8.36111
vn 0.0884176 6.84387e-15 -0.996083
vt 4.41932 8.29295
f 407/970/267 406/971/267 396/553/267 395/552/267 

vt 0.778075 7.49347
vn -0.592224 2.19396e-13 -0.805774
vt 0.765878 7.49861
vt 0.765878 7.49347
f 394/972/268 407/973/268 395/974/268

vt 1.63505 7.49347
vn 0.678653 1.62683e-14 -0.734459
vt 1.63505 7.58594
vt 1.60239 7.60795
vt 1.60239 7.49347
f 622/975/269 405/976/269 404/977/269 623/978/269 

vn 0.530652 6.03828e-15 -0.84759
vt 1.50465 7.67808
vt 1.44985 7.67808
vt 1.44985 7.49347
f 623/978/270 404/977/270 403/979/270 422/980/270 624/981/270 

vt 0.391183 7.67808
vn 0.124623 0 -0.992204
vt 0.391183 7.49347
vt 0.59466 7.49347
vt 0.59466 7.67808
f 421/982/271 625/983/271 624/984/271 422/985/271 

vt 0.333948 7.67808
vn -0.249972 0 -0.968253
vt 0.333948 7.49347
f 420/986/272 626/987/272 625/983/272 421/982/272 

vt 0.101712 7.67808
vn -0.34859 0 -0.937275
vt 0.101712 7.49347
f 419/988/273 627/989/273 626/987/273 420/986/273 

vt 0.070078 7.67808
vn -0.94896 0 -0.315396
vt 0.070078 7.49347
f 418/990/274 609/991/274 627/989/274 419/988/274 

v 7911.45 810 -3026.97
vt 0.0384444 7.67808
vt 0.0384444 7.49347
f 628/992/274 610/993/274 609/991/274 418/990/274 

v 7502.26 810 -3661.19
vt 5.14825 7.67808
vn -0.840288 0 0.54214
vt 5.14825 7.49347
vt 5.38049 7.49347
vt 5.38049 7.67808
f 629/994/275 611/995/275 610/996/275 628/997/275 

v 7385.82 810 -3806.25
vt 5.09101 7.67808
vn -0.779833 0 0.625987
vt 5.09101 7.49347
f 630/998/276 612/999/276 611/995/276 629/994/276 

v 6810.89 810 -4133
vt 4.88754 7.67808
vn -0.494101 0 0.869405
vt 4.88754 7.49347
f 631/1000/277 613/1001/277 612/999/277 630/998/277 

vn -0.0822853 -1.33268e-15 0.996609
v 6645.37 810 -4146.67
vt 4.83644 7.67808
v 6316.82 574.314 -4173.79
vt 4.735 7.60556
vt 4.735 7.49347
f 631/1000/278 632/1002/278 633/1003/278 614/1004/278 613/1001/278 

vt 4.76959 8.71861
vt 4.71922 8.72277
vt 4.71308 8.70475
vt 5.12296 8.3628
vt 4.99174 8.56618
vt 4.9531 8.61431
f 434/1005/27 437/1006/27 632/1007/27 631/947/27 630/946/27 629/945/27 628/944/27 418/585/27 417/584/27 428/1008/27 430/1009/27 432/1010/27 

vn 0.103991 -5.21658e-15 0.994578
v 6211.24 503.276 -4162.75
vt 4.70234 7.58371
vt 4.70234 7.49347
f 614/1004/279 633/1003/279 634/1011/279 615/1012/279 

vn 0.0710066 -4.40287e-15 0.997476
v 6086.6 418.422 -4153.88
vt 4.66389 7.5576
vt 4.66389 7.49347
f 615/1012/280 634/1011/280 635/1013/280 467/1014/280 

vn -0.518995 -3.21969e-14 0.854777
v 5850.39 219.509 -4297.3
vt 4.57886 7.49639
vt 4.57886 7.49347
f 467/1014/281 635/1013/281 636/1015/281 468/1016/281 

vn 1.21541e-15 1 -5.84921e-16
f 608/943/282 135/178/282 134/177/282 620/955/282 

vt 4.25803 8.49262
vt 4.27748 8.52339
f 134/177/72 617/1017/72 619/1018/72 620/955/72 

vt 4.34562 8.55582
v 5097.84 510 -3550.86
vt 4.32452 8.49231
f 617/1019/274 134/177/274 133/176/274 637/1020/274 

vt 4.29728 8.59126
vn -0.653966 -1.9863e-18 0.756524
vt 4.3124 8.57819
f 637/1021/283 133/176/283 397/554/283 621/1022/283 

vn -1.73093e-14 1 -2.14833e-15
v 4789.37 210 -2572.42
vt 4.142 8.22037
v 4751.94 210 -2400.75
vt 4.13049 8.16754
f 133/176/284 638/1023/284 639/1024/284 391/548/284 397/554/284 

vn 3.37638e-15 1 6.1449e-15
f 131/174/285 231/314/285 639/1024/285 638/1023/285 133/176/285 132/175/285 

vn 3.207e-14 1 -5.17042e-14
f 230/313/286 639/1024/286 231/314/286

vt 4.05627 8.56293
vn -0.977055 1.01595e-14 -0.212988
v 4721.38 318.812 -2260.54
vt 4.06117 8.52981
vt 4.09995 8.56939
f 230/1025/287 640/1026/287 639/1027/287

vn -0.14621 -1.03391e-15 -0.989254
vt 3.97562 8.55101
vt 4.09175 8.32291
f 230/1025/288 229/1028/288 361/312/288 360/313/288 371/1029/288 640/1026/288 

v 4459.26 0 -2221.8
vt 2.60171 7.42885
v 4762.56 0 -1540.36
vt 2.83121 7.42885
vt 2.83121 7.93676
vt 2.60171 7.93676
vt 2.60171 7.49347
f 641/1030/115 642/1031/115 362/1032/115 361/1033/115 229/1034/115 

vt 3.62588 7.90892
vt 3.62505 7.83967
f 642/1035/114 329/1036/114 332/470/114 362/490/114 

vt 2.51429 7.42885
vn -0.623477 0 0.781842
vt 2.51429 7.49347
f 320/1037/289 641/1030/289 229/1034/289 228/1038/289 

vt 2.81946 7.7361
vt 2.89747 7.7361
vt 2.89747 7.93676
vt 2.81946 7.93676
f 372/1039/117 371/1040/117 360/1041/117 359/1042/117 

vt 4.34191 8.09822
vt 4.32916 8.12829
f 373/1043/118 372/1044/118 359/489/118 358/488/118 

vt 3.72242 7.7361
vt 3.87496 7.7361
vt 3.87496 7.93676
vt 3.72242 7.93676
f 374/1045/119 373/1046/119 358/1047/119 357/1048/119 

vt 3.51894 7.7361
vt 3.51894 7.93676
f 375/1049/120 374/1045/120 357/1048/120 356/1050/120 

f 363/513/121 375/1049/121 356/1050/121 355/514/121 

vt 4.11064 8.3257
vn -0.0445686 -4.11446e-15 -0.999006
vt 4.08006 8.53261
f 370/1051/290 385/1052/290 640/1026/290 371/1029/290 

v 4753.19 0 -3301.69
vt 4.16873 8.39239
vn 0.585874 0 0.810402
v 5097.84 0 -3550.86
vt 4.27478 8.46906
f 643/1053/291 644/1054/291 133/176/291 132/175/291 

v 4754.12 0 -3300.41
vt 4.13116 8.44436
f 644/176/27 643/175/27 645/1055/27

f 621/554/27 618/955/27 617/177/27 637/176/27 

vt 1.08999 7.55501
vt 1.08999 7.58577
f 618/958/138 619/959/138 607/1056/138 606/1057/138 

v 5279.16 510 -4096.4
f 646/180/27 616/179/27 606/935/27 604/654/27 605/653/27 

vn -0.94896 2.4574e-18 -0.315396
vt 4.35911 8.5964
vt 4.3803 8.66017
f 137/180/292 136/179/292 616/1058/292 646/1059/292 

vt 0.958596 7.58577
vt 0.958596 7.49347
f 646/1060/256 605/939/256 465/938/256 137/1061/256 

vt 4.56385 7.42885
vn 0.592224 5.75727e-16 0.805774
vt 4.56385 7.50683
vt 4.53213 7.49347
v 4994 14.1443 -2648.35
vt 4.38911 7.4332
vt 4.33151 7.46044
vt 4.33151 7.42885
f 409/1062/293 398/1063/293 393/1064/293 647/1065/293 386/1066/293 388/1067/293 

v 4084.44 0 -64.536
vt 3.9251 7.44871
f 648/1068/27 253/366/27 254/371/27 319/443/27 

f 253/366/27 648/1068/27 313/310/27 314/362/27 

vt 4.47509 7.38474
vn 0.99465 2.39461e-14 0.103303
f 253/1069/294 314/435/294 261/357/294 260/356/294 

vn -6.56391e-15 1.61418e-16 -1
v 3857.2 0 -276.993
vt 4.482 7.45125
v 3857.2 210 -276.993
vt 4.41773 7.45793
f 314/435/295 649/1070/295 650/1071/295 262/358/295 261/357/295 

v 3857.12 0 -276.993
vt 3.85516 6.88617
vn 0 0 1
vt 3.85518 6.88617
vt 3.85518 6.95078
v 3857.2 1020.71 -276.993
vt 3.85518 7.20023
v 3857.2 1650.71 -276.993
vt 3.85518 7.39408
v 3857.2 2001.38 -276.993
vt 3.85518 7.50198
f 651/1072/296 649/1073/296 650/1074/296 652/1075/296 653/1076/296 654/1077/296 304/420/296 306/422/296 

v 3857.18 0 -276.792
f 655/421/27 649/420/27 651/422/27

vt 3.23083 7.58088
vn -0.994325 -9.71806e-23 -0.10639
vt 3.23083 7.58082
vt 3.84315 7.51537
vt 3.73586 7.52685
vt 3.54312 7.54747
vt 3.29508 7.57401
f 649/1078/297 655/1079/297 305/421/297 304/420/297 654/1080/297 653/1081/297 652/1082/297 650/1083/297 

vt 4.45575 7.69728
vt 4.45573 7.69734
f 655/1084/99 651/1085/99 306/422/99 305/421/99 

vt 3.85723 7.50198
f 304/420/296 654/1077/296 265/1086/296 266/362/296 

vt 3.85723 7.39408
f 264/1087/296 265/1086/296 654/1077/296 653/1076/296 

vt 4.45583 7.70369
vn 0.953317 -1.57026e-19 -0.301971
vt 4.3992 7.88249
vt 3.86877 7.51773
vt 3.97163 7.55032
vt 4.15643 7.60885
vt 4.39423 7.68418
vt 4.4489 7.70149
f 314/1088/298 309/1089/298 299/417/298 266/362/298 265/1090/298 264/1091/298 263/1092/298 262/1093/298 261/1094/298 

vt 3.54334 7.54951
vn 0 5.05535e-17 -1
vt 3.73608 7.52889
f 263/1095/299 652/1082/299 653/1081/299 264/1096/299 

vt 3.2953 7.57605
vn 0 1.69298e-16 -1
f 262/1097/300 650/1083/300 652/1082/300 263/1095/300 

vn 0.99465 2.5591e-15 0.103303
f 254/355/301 253/1069/301 260/356/301

vt 3.95255 8.54724
vn 0.219012 2.65351e-18 -0.975722
vt 3.81673 8.32207
f 226/1098/302 225/322/302 236/324/302 237/1099/302 297/308/302 296/309/302 

vn -0.941485 -1.80927e-16 -0.337056
vt 3.93049 7.99417
vt 3.95678 8.06759
f 237/308/303 242/375/303 279/1100/303 297/1101/303 

vt 2.70441 7.93676
vn 0.00365995 0 -0.999993
vt 2.72373 7.93676
vt 2.72373 8.05676
vt 2.70441 8.05676
f 293/1102/304 292/1103/304 301/1104/304 300/1105/304 

vn 0.956461 -1.52763e-19 -0.291859
vt 2.74511 7.93676
v 3475.68 2040.71 -1321.42
vt 2.74511 8.05676
f 292/1103/305 291/1106/305 656/1107/305 301/1104/305 

vt 3.85778 7.834
vt 3.8587 7.91016
v 3478.66 2040.71 -1568.93
f 291/1108/100 290/1109/100 657/407/100 656/408/100 

vt 3.56317 7.93676
vt 3.77362 7.93676
v 3771.73 2040.71 -2186.92
vt 3.77362 8.05676
vt 3.56317 8.05676
f 290/1110/101 289/1111/101 658/1112/101 657/1113/101 

vt 3.85517 8.21884
vn 0.219012 0 -0.975722
vt 3.81244 8.22843
v 3632.87 2040.71 -2218.09
f 289/1114/306 288/1115/306 659/405/306 658/406/306 

vt 1.64903 7.93676
vn -0.941485 0 -0.337056
vt 1.71167 7.93676
v 3564.25 2040.71 -2026.43
vt 1.71167 8.05676
vt 1.64903 8.05676
f 288/1116/307 287/1117/307 660/1118/307 659/1119/307 

vt 1.781 7.93676
vn -0.900831 0 -0.434169
vt 1.81291 7.93676
v 3519.23 2040.71 -1933.01
vt 1.81291 8.05676
vt 1.781 8.05676
f 287/1120/308 286/1121/308 661/1122/308 660/1123/308 

vn -0.965729 0 -0.259551
vt 1.95965 7.93676
v 3395.45 2040.71 -1472.46
vt 1.95965 8.05676
f 286/1121/309 285/1124/309 662/1125/309 661/1122/309 

vt 3.59487 7.8614
vn -0.985268 0 0.171019
vt 3.62837 7.66841
v 3504.32 2040.71 -845.251
f 285/1126/310 284/1127/310 663/401/310 662/402/310 

vt 3.64427 7.62626
vn -0.852805 0 0.52223
vt 3.67274 7.57977
v 3596.84 2040.71 -694.161
f 284/1128/311 283/1129/311 664/400/311 663/401/311 

vt 2.79729 7.93676
vn -0.895029 8.15042e-32 0.446008
v 3778.06 2040.71 -330.498
vt 2.92231 8.05676
vt 2.79729 8.05676
f 283/1130/312 282/415/312 298/414/312 665/1131/312 664/1132/312 

v 3776.08 2040.71 -336.993
vt 3.83022 7.53254
vt 3.83083 7.53054
f 666/1133/27 665/1134/27 298/399/27 303/419/27 

vn 1.60262e-16 1 -2.94543e-17
f 302/418/313 301/409/313 656/408/313 657/407/313 658/406/313 659/405/313 660/404/313 661/403/313 662/402/313 663/401/313 664/400/313 665/1134/313 666/1133/313 303/419/313 

vt 1.70973 7.42885
vt 1.70973 7.74292
f 239/329/307 248/1135/307 274/1136/307 240/330/307 

vt 1.77604 7.42885
vt 1.80946 7.42885
vt 1.80946 7.74292
vt 1.77604 7.74292
f 248/1137/308 247/1138/308 275/1139/308 274/1140/308 

vt 1.96779 7.42885
vt 1.96779 7.74292
f 247/1138/309 246/1141/309 276/1142/309 275/1139/309 

vt 2.79152 7.42885
vt 3.0026 7.42885
vt 3.0026 7.74292
vt 2.79152 7.74292
f 246/1143/310 245/1144/310 277/1145/310 276/1146/310 

vt 3.06256 7.42885
vt 3.06256 7.74292
f 245/1144/311 244/1147/311 256/1148/311 277/1145/311 

f 163/206/27 162/205/27 185/242/27

v 4496.83 0 -4599.25
vt 2.9722 7.42885
v 4545.66 0 -4564.38
vt 2.99066 7.42885
vt 2.99066 7.49347
v 4496.83 25 -4599.25
vt 2.9722 7.43654
f 667/1149/32 668/1150/32 139/1151/32 109/120/32 669/1152/32 

v 4545.37 0 -4563.98
f 668/182/27 667/146/27 670/183/27

vt 4.10491 8.88543
vn 0.587785 4.942e-18 -0.809017
vt 4.08997 8.89628
vt 4.08545 8.89006
f 670/1153/314 667/1154/314 669/1155/314 109/146/314 140/183/314 

v 4448.28 170 -4634.51
vt 2.95374 7.48116
vn -0.587785 9.23414e-18 0.809017
v 4448.28 25 -4634.51
vt 2.95374 7.43654
vt 2.95374 7.49347
f 671/1156/315 672/1157/315 669/1152/315 109/120/315 108/1158/315 

v 4174.16 25 -4833.68
vt 3.98617 8.96219
vn 0.587785 -4.4477e-17 -0.809017
vt 4.04429 8.86481
vt 4.07051 8.90091
f 673/1159/316 107/144/316 108/145/316 671/1160/316 672/1161/316 

vt 4.4779 7.49347
vn 0.587785 0 0.809017
v 3901.44 25 -4635.54
vt 4.4779 7.43654
vt 4.58162 7.43654
vt 4.58162 7.49347
f 106/1162/317 674/1163/317 673/1164/317 107/1165/317 

vn -0.802195 -1.78627e-18 0.597062
vt 3.82313 8.82118
v 3919.35 25 -4611.47
vt 3.82864 8.81378
v 3919.35 190 -4611.47
vt 3.86937 8.84409
v 3919.35 210 -4611.47
vt 3.87431 8.84776
f 106/143/318 674/1166/318 675/1167/318 676/1168/318 677/1169/318 

vn 3.51725e-33 1 -3.2964e-33
f 675/1169/319 673/144/319 674/143/319

v 3937.26 25 -4587.4
vt 3.87982 8.84036
f 673/144/319 675/1169/319 678/1170/319

vt 2.25014 7.48731
vn -0.802195 2.19268e-18 0.597062
vt 2.25014 7.43654
vt 2.25937 7.43654
v 3937.26 170 -4587.4
vt 2.25937 7.48116
v 3937.26 190 -4587.4
vt 2.25937 7.48731
f 676/1171/320 675/1172/320 678/1173/320 679/1174/320 680/1175/320 

vn -0.802195 -5.50993e-18 0.597062
v 3955.18 25 -4563.33
vt 2.2686 7.43654
v 3955.18 150 -4563.33
vt 2.2686 7.47501
v 3955.18 170 -4563.33
vt 2.2686 7.48116
f 679/1174/321 678/1173/321 681/1176/321 682/1177/321 683/1178/321 

vt 3.88533 8.83295
f 673/144/319 678/1170/319 681/1179/319

v 3973.09 25 -4539.27
vt 3.89084 8.82555
f 673/144/319 681/1179/319 684/1180/319

vn -0.802195 0 0.597062
vt 2.27783 7.43654
v 3973.09 130 -4539.27
vt 2.27783 7.46885
v 3973.09 150 -4539.27
vt 2.27783 7.47501
f 682/1177/322 681/1176/322 684/1181/322 685/1182/322 686/1183/322 

vn -0.587785 0 -0.809017
v 3924.54 25 -4504
vt 2.29629 7.43654
v 3924.54 130 -4504
vt 2.29629 7.46885
f 685/1182/323 684/1181/323 687/1184/323 688/1185/323 

vt 3.8759 8.8147
v 3951.35 25 -4325.7
vt 3.88415 8.75984
f 687/1186/319 689/1187/319 684/1180/319

v 3896.92 25 -4158.17
vt 3.8674 8.70829
f 687/1186/319 690/1188/319 689/1187/319

v 3876 25 -4468.73
vt 3.86097 8.80384
f 690/1188/319 687/1186/319 691/1189/319

vt 3.04084 7.46885
vt 3.04084 7.43654
vt 3.0593 7.43654
v 3876 130 -4468.73
vt 3.0593 7.46885
f 688/1190/323 687/1191/323 691/1192/323 692/1193/323 

vn 0.802195 0 -0.597062
v 3858.09 25 -4492.79
vt 3.06853 7.43654
v 3858.09 150 -4492.79
vt 3.06853 7.47501
v 3876 150 -4468.73
vt 3.0593 7.47501
f 692/1193/324 691/1192/324 693/1194/324 694/1195/324 695/1196/324 

vt 3.85546 8.81125
f 693/1197/319 690/1188/319 691/1189/319

v 3840.17 25 -4516.86
vt 3.84994 8.81866
f 696/1198/319 690/1188/319 693/1197/319

v 3822.26 25 -4540.93
vt 3.84443 8.82606
f 697/1199/319 690/1188/319 696/1198/319

v 3822.18 25 -3676.25
vt 3.84441 8.56001
f 697/1199/319 698/1200/319 690/1188/319

v 3804.76 25 -4564.44
vt 3.83905 8.8333
f 699/1201/319 698/1200/319 697/1199/319

v 3800.42 25 -4034.57
vt 3.83771 8.67026
f 700/1202/319 698/1200/319 699/1201/319

v 3790.39 25 -3968.25
vt 3.83463 8.64985
f 701/1203/319 698/1200/319 700/1202/319

v 3761.88 25 -3959.01
vt 3.82585 8.64701
f 702/1204/319 698/1200/319 701/1203/319

v 3733.32 25 -3949.76
vt 3.81706 8.64416
f 698/1200/319 702/1204/319 703/1205/319

v 3761.88 150 -3959.01
vt 1.19175 7.47501
vn -0.308212 -2.3195e-18 -0.951318
vt 1.19175 7.43654
vt 1.20099 7.43654
v 3733.32 170 -3949.76
vt 1.20099 7.48116
v 3761.88 170 -3959.01
vt 1.19175 7.48116
f 704/1206/325 702/1207/325 703/1208/325 705/1209/325 706/1210/325 

v 3790.39 130 -3968.25
vt 1.18253 7.46885
vn -0.308212 -1.50542e-18 -0.951318
vt 1.18253 7.43654
v 3790.39 150 -3968.25
vt 1.18253 7.47501
f 707/1211/326 701/1212/326 702/1207/326 704/1206/326 708/1213/326 

v 3771.85 130 -4025.31
vt 1.16407 7.46885
vn -0.951057 2.06711e-18 0.309017
v 3771.85 25 -4025.31
vt 1.16407 7.43654
f 709/1214/327 710/1215/327 701/1212/327 707/1211/327 

v 3753.31 0 -4082.38
vt 1.83059 7.42885
vn -0.951057 0 0.309017
v 3771.85 0 -4025.31
vt 1.84905 7.42885
vt 1.84905 7.43654
vt 1.84905 7.46885
v 3753.31 130 -4082.38
vt 1.83059 7.46885
v 3753.31 25 -4082.38
vt 1.83059 7.43654
f 711/1216/328 712/1217/328 710/1218/328 709/1219/328 713/1220/328 714/1221/328 

v 3781.92 0 -4091.65
vt 3.83202 8.68782
vt 3.82322 8.68497
vt 3.82892 8.66741
v 3800.42 0 -4034.57
f 715/1222/27 711/1223/27 712/1224/27 716/1202/27 

vt 4.15415 7.42885
vn 0.308212 0 0.951318
vt 4.1634 7.42885
v 3781.92 25 -4091.65
vt 4.1634 7.43654
vt 4.15415 7.43654
f 711/1225/329 715/1226/329 717/1227/329 714/1228/329 

vt 3.8247 8.68545
vt 3.83039 8.66789
f 715/1229/219 716/1230/219 700/1202/219 717/1222/219 

vt 1.85829 7.42885
vt 1.85829 7.43654
f 712/1217/329 716/1231/329 700/1232/329 710/1218/329 

vn 0.308212 -1.19286e-18 0.951318
v 3800.42 110 -4034.57
vt 1.85829 7.4627
v 3800.42 130 -4034.57
vt 1.85829 7.46885
f 709/1219/330 710/1218/330 700/1232/330 718/1233/330 719/1234/330 

f 700/1202/319 710/1224/319 701/1203/319

v 3781.92 110 -4091.65
vt 4.1634 7.4627
vn -0.951318 2.12464e-18 0.308212
vt 4.18186 7.43654
vt 4.18186 7.4627
f 720/1235/331 717/1227/331 700/1236/331 718/1237/331 

vt 4.15415 7.46885
vn 0.308212 -2.37767e-18 0.951318
v 3781.92 130 -4091.65
vt 4.1634 7.46885
f 713/1238/332 714/1228/332 717/1227/332 720/1235/332 721/1239/332 

v 3724.89 150 -4073.17
vt 4.14495 7.47501
vn 0.308212 3.03134e-18 0.951318
v 3724.89 25 -4073.17
vt 4.14495 7.43654
v 3753.31 150 -4082.38
vt 4.15415 7.47501
f 722/1240/333 723/1241/333 714/1228/333 713/1238/333 724/1242/333 

v 3696.23 170 -4063.88
vt 4.13568 7.48116
v 3696.23 25 -4063.88
vt 4.13568 7.43654
v 3724.89 170 -4073.17
vt 4.14495 7.48116
f 725/1243/329 726/1244/329 723/1241/329 722/1240/329 727/1245/329 

v 3667.81 190 -4054.68
vt 3.79881 8.67059
vn 0.308212 -2.79743e-18 0.951318
v 3667.81 25 -4054.68
vt 3.81445 8.62229
vt 3.8232 8.62513
vt 3.80945 8.66757
v 3696.23 190 -4063.88
vt 3.80755 8.67342
f 728/1246/334 729/1247/334 726/1248/334 725/1249/334 730/1250/334 

v 3639.2 210 -4045.41
vt 3.78811 8.67359
vn 0.308212 -2.24827e-18 0.951318
v 3639.2 25 -4045.41
vt 3.80565 8.61944
v 3667.81 210 -4054.68
vt 3.79691 8.67644
f 731/1251/335 732/1252/335 729/1247/335 728/1246/335 733/1253/335 

v 3639.2 0 -4045.41
vt 3.46922 7.42885
v 3657.69 0 -3988.33
vt 3.48769 7.42885
vt 3.48769 7.49347
vt 3.46922 7.49347
vt 3.46922 7.43654
f 734/1254/219 735/1255/219 150/1256/219 731/1257/219 732/1258/219 

vn 0.951057 4.79106e-18 -0.309017
v 3534.12 0 -4368.66
vt 3.61073 7.42885
v 3534.12 25 -4368.66
vt 3.61073 7.43654
vt 3.61073 7.49347
f 735/1255/336 736/1259/336 737/1260/336 151/1261/336 150/1256/336 

v 3804.76 210 -4564.44
vt 3.09601 7.49347
vn -0.586111 -5.44674e-17 -0.810231
vt 3.09601 7.43654
vt 3.19879 7.43654
vt 3.19879 7.49347
f 738/1262/337 699/1263/337 737/1264/337 151/1265/337 

v 3822.26 190 -4540.93
vt 3.08699 7.48731
vt 3.08699 7.43654
v 3822.26 210 -4540.93
vt 3.08699 7.49347
f 739/1266/324 697/1267/324 699/1263/324 738/1262/324 740/1268/324 

v 3840.17 170 -4516.86
vt 3.07776 7.48116
vt 3.07776 7.43654
v 3840.17 190 -4516.86
vt 3.07776 7.48731
f 741/1269/324 696/1270/324 697/1267/324 739/1266/324 742/1271/324 

vn 0.802195 -4.13245e-18 -0.597062
v 3858.09 170 -4492.79
vt 3.06853 7.48116
f 694/1195/338 693/1194/338 696/1270/338 741/1269/338 743/1272/338 

vn -1.1231e-16 1 -6.66293e-16
v 3906.63 170 -4528.06
vt 3.87039 8.8221
v 3888.72 170 -4552.13
vt 3.86488 8.82951
f 741/1198/339 743/1197/339 744/1273/339 745/1274/339 

vt 3.81447 8.68213
vn 2.64286e-16 1 -8.63457e-18
v 3753.31 170 -4082.38
v 3675.18 170 -4322.83
vt 3.79918 8.75895
v 3876 170 -4468.73
v 3604.65 170 -4345.74
vt 3.77748 8.766
vt 3.80565 8.67928
f 727/1275/340 746/1223/340 747/1276/340 748/1189/340 743/1197/340 741/1198/340 749/1277/340 725/1278/340 

vn 0.308212 -1.09924e-17 0.951318
vt 3.82132 8.69082
vt 3.81258 8.68799
f 722/1275/341 724/1223/341 746/1279/341 727/1280/341 

v 3771.85 150 -4025.31
vn -1.14834e-15 1 3.72581e-16
v 3743.39 150 -4016.09
vt 3.82016 8.66457
f 750/1224/342 724/1223/342 722/1275/342 751/1281/342 

vt 3.48765 7.46885
vt 3.50612 7.46885
vt 3.50612 7.47501
vt 3.48765 7.47501
f 709/1282/184 713/1283/184 724/1284/184 750/1285/184 

f 719/1202/27 721/1222/27 713/1223/27 709/1224/27 

vt 3.82617 8.68592
vt 3.83186 8.66836
f 718/1202/56 720/1222/56 721/1286/56 719/1287/56 

v 3828.93 110 -4043.8
vt 3.84648 8.6731
vn -2.29279e-15 1 7.43899e-16
v 3810.39 110 -4100.87
vt 3.84078 8.69066
f 752/1288/343 753/1289/343 720/1222/343 718/1202/343 

v 3828.93 90 -4043.8
v 3810.39 90 -4100.87
vt 3.83493 8.68876
vt 3.84063 8.6712
f 754/1288/184 755/1289/184 753/1290/184 752/1291/184 

v 4081.27 90 -3896.25
vt 3.92413 8.6277
vn -2.26362e-17 1 5.17525e-17
v 3982.02 90 -3896.25
vt 3.89359 8.6277
v 3951.35 90 -3990.64
vt 3.88415 8.65674
v 3863.28 90 -4054.63
vt 3.85705 8.67643
v 3896.92 90 -4158.17
v 3863.28 90 -4261.71
vt 3.85705 8.74015
v 3745.72 90 -4299.91
vt 3.82088 8.7519
v 3847.47 90 -3986.74
vt 3.85219 8.65554
v 3909.37 90 -3796.25
vt 3.87123 8.59693
v 4115.42 90 -3796.25
vt 3.93463 8.59693
v 4235.42 90 -3796.25
vt 3.97156 8.59693
v 4438.95 90 -3796.25
vt 4.03418 8.59693
v 4501.49 90 -3988.74
vt 4.05343 8.65616
v 4520.03 90 -4045.8
vt 4.05913 8.67371
v 4484.02 90 -4057.77
vt 4.04805 8.6774
v 4485.04 90 -4054.63
vt 4.04836 8.67643
v 4396.96 90 -3990.64
vt 4.02126 8.65674
v 4366.29 90 -3896.25
vt 4.01183 8.6277
v 4267.04 90 -3896.25
vt 3.98129 8.6277
v 4174.16 90 -3828.77
vt 3.95271 8.60693
f 756/1292/344 757/1293/344 758/1294/344 759/1295/344 760/1188/344 761/1296/344 762/1297/344 755/1289/344 754/1288/344 763/1298/344 764/1299/344 765/1300/344 766/1301/344 767/1302/344 768/1303/344 769/1304/344 770/1305/344 771/1306/344 772/1307/344 773/1308/344 774/1309/344 775/1310/344 

v 4081.27 30 -3896.25
v 3982.02 30 -3896.25
vt 3.89359 8.60924
vt 3.92413 8.60924
v 4081.27 60 -3896.25
vt 3.92413 8.61847
f 776/1292/72 777/1293/72 757/1311/72 756/1312/72 778/1313/72 

v 3951.35 30 -3990.64
f 779/1294/27 777/1293/27 776/1292/27

v 3951.35 60 -3990.64
vt 3.87537 8.65389
vt 3.86659 8.65104
vt 3.87603 8.62199
f 777/1293/184 779/1294/184 780/1314/184 758/1315/184 757/1316/184 

vt 3.88269 8.65627
vn 0.951057 1.28015e-17 -0.309017
v 3951.35 25 -3990.64
v 3924.06 25 -4074.63
vt 3.87576 8.68258
v 3924.06 60 -4074.63
vt 3.86551 8.67925
vt 3.87391 8.65341
f 779/1317/345 781/1294/345 782/1318/345 783/1319/345 780/1320/345 

vt 2.35707 7.43808
vn 0.587785 0 -0.809017
v 4081.27 25 -3896.25
vt 2.35707 7.43654
vt 2.40648 7.43654
vt 2.40648 7.43808
f 776/1321/346 784/1322/346 781/1323/346 779/1324/346 

v 4267.04 30 -3896.25
vt 2.29991 7.43808
v 4267.04 25 -3896.25
vt 2.29991 7.43654
vt 2.35707 7.44731
v 4267.04 60 -3896.25
vt 2.29991 7.44731
f 785/1325/72 786/1326/72 784/1322/72 776/1321/72 778/1327/72 787/1328/72 

v 4396.96 30 -3990.64
v 4396.96 25 -3990.64
vt 4.02036 8.65799
vt 3.98038 8.62894
f 788/1307/323 789/1329/323 786/1330/323 785/1309/323 

v 4425.13 60 -4077.34
vt 4.04017 8.68009
vn -0.951057 2.4023e-17 -0.309017
v 4425.13 25 -4077.34
vt 4.02993 8.68342
vt 4.02273 8.65627
v 4396.96 60 -3990.64
vt 4.03151 8.65341
f 790/1331/347 791/1332/347 789/1307/347 788/1333/347 792/1334/347 

v 4451.4 0 -4158.17
vt 4.03801 8.70829
vn -0.951057 4.42122e-18 -0.309017
v 4425.13 0 -4077.34
vt 4.03725 8.68104
vt 4.04749 8.67771
v 4451.4 60 -4158.17
vt 4.05557 8.70258
v 4451.4 30 -4158.17
vt 4.04679 8.70544
v 4451.4 25 -4158.17
vt 4.04533 8.70591
f 793/1335/348 794/1332/348 791/1336/348 790/1337/348 795/1338/348 796/1339/348 797/1340/348 

v 4396.96 0 -4325.7
vt 4.02126 8.75984
v 4430.33 0 -4371.11
vt 4.03153 8.77381
v 4367.12 0 -4417.56
vt 4.01208 8.7881
v 4396.96 0 -4325.7
v 4334.13 0 -4371.35
vt 4.00193 8.77388
v 4367.12 0 -4417.56
v 4366.29 0 -4420.1
vt 4.01183 8.78888
v 4332 0 -4372.9
vt 4.00128 8.77436
v 4334.13 0 -4371.35
v 4181.94 0 -4158.17
vt 3.9551 8.70829
f 798/1341/27 799/1342/27 800/1343/27 801/1341/27 802/1344/27 803/1343/27 804/1345/27 805/1346/27 806/1344/27 807/1347/27 794/1332/27 793/1335/27 

v 4499.78 0 -4374.61
vt 4.0529 8.77488
v 4456.18 0 -4406.29
vt 4.03948 8.78463
v 4441 0 -4293.71
vt 4.03481 8.74999
f 808/1348/27 809/1349/27 799/1342/27 798/1341/27 810/1350/27 

vt 2.33941 7.42885
vt 2.35599 7.42885
v 4456.18 25 -4406.29
vt 2.35599 7.43654
v 4499.78 25 -4374.61
vt 2.33941 7.43654
f 808/1351/346 809/1352/346 811/1353/346 812/1354/346 

vn 0.805829 0 0.592149
vt 4.03328 8.78919
v 4430.33 25 -4371.11
vt 4.02533 8.77836
f 799/1342/349 809/1349/349 811/1355/349 813/1356/349 

v 4475.64 25 -4466.31
vt 4.04547 8.8031
f 814/1357/319 813/1342/319 811/1349/319

v 4427.1 25 -4501.58
vt 4.03054 8.81395
f 815/1358/319 813/1342/319 814/1357/319

v 4396.96 25 -4325.7
f 815/1358/319 816/1341/319 813/1342/319

v 4378.56 25 -4536.85
vt 4.0156 8.8248
f 817/1359/319 816/1341/319 815/1358/319

v 4367.12 25 -4417.56
f 816/1341/319 817/1359/319 818/1343/319

v 4334.13 25 -4371.35
f 817/1359/319 819/1344/319 818/1343/319

v 4332 25 -4372.9
f 817/1359/319 820/1346/319 819/1344/319

v 4267.04 25 -4420.1
vt 3.98129 8.78888
f 817/1359/319 821/1360/319 820/1346/319

v 4395.55 25 -4560.65
vt 4.02083 8.83213
f 822/1361/319 821/1360/319 817/1359/319

v 4430.71 25 -4609.89
vt 4.03165 8.84728
f 823/1362/319 821/1360/319 822/1361/319

f 672/145/319 821/1360/319 823/1362/319

f 673/144/319 821/1360/319 672/145/319

v 4081.27 25 -4420.1
vt 3.92413 8.78888
f 673/144/319 824/1363/319 821/1360/319

v 4020.08 25 -4375.64
vt 3.9053 8.7752
f 673/144/319 825/1364/319 824/1363/319

f 673/144/319 684/1180/319 825/1364/319

f 684/1180/319 689/1187/319 825/1364/319

v 3951.35 30 -4325.7
vt 3.88325 8.76108
v 4020.08 60 -4375.64
vt 3.89897 8.78391
v 3951.35 60 -4325.7
vt 3.87782 8.76855
f 826/1365/317 689/1187/317 825/1364/317 827/1366/317 828/1367/317 

v 3896.92 30 -4158.17
vt 4.2557 7.43808
vn 0.951057 0 0.309017
vt 4.2557 7.43654
vt 4.3099 7.43654
vt 4.3099 7.43808
f 829/1368/350 690/1369/350 689/1370/350 826/1371/350 

vn 0.951057 -3.88065e-17 -0.309017
vt 3.86594 8.70781
v 3896.92 60 -4158.17
vt 3.85716 8.70496
f 783/1319/351 782/1318/351 690/1188/351 829/1372/351 830/1373/351 

v 4181.94 25 -4158.17
f 786/1309/27 789/1307/27 791/1332/27 831/1347/27 825/1364/27 689/1187/27 690/1188/27 782/1318/27 781/1294/27 784/1292/27 

v 4526.13 25 -3676.25
vt 4.06101 8.56001
f 786/1309/319 832/1374/319 789/1307/319

v 4235.42 25 -3676.25
vt 3.97156 8.56001
f 786/1309/319 833/1375/319 832/1374/319

v 4115.42 25 -3676.25
vt 3.93463 8.56001
f 786/1309/319 834/1376/319 833/1375/319

f 784/1292/319 834/1376/319 786/1309/319

f 781/1294/319 834/1376/319 784/1292/319

f 781/1294/319 698/1200/319 834/1376/319

f 690/1188/319 698/1200/319 781/1294/319

f 690/1188/319 781/1294/319 782/1318/319

v 3822.18 170 -3676.25
vt 3.80198 8.54622
vt 3.82986 8.46041
v 4115.42 170 -3676.25
vt 3.87229 8.47419
f 835/1200/296 698/1377/296 834/1378/296 836/1379/296 

vt 3.77463 8.63037
f 705/1205/328 703/1380/328 698/1377/328 835/1200/328 

v 3714.77 0 -4006.82
vt 3.76161 8.64556
v 3733.32 0 -3949.76
vt 3.76732 8.628
v 3714.77 170 -4006.82
vt 3.81136 8.66172
f 837/1381/328 838/1382/328 703/1380/328 705/1205/328 839/1383/328 

v 3686.31 0 -3997.6
vt 3.8026 8.65888
v 3704.8 0 -3940.52
vt 3.80829 8.64132
f 838/1205/27 837/1383/27 840/1384/27 841/1385/27 

vt 3.79334 8.71733
vn -0.308212 2.78795e-18 -0.951318
vt 3.78458 8.7145
v 3686.31 190 -3997.6
v 3714.77 190 -4006.82
vt 3.80946 8.66757
f 837/1386/352 840/1387/352 842/1384/352 843/1383/352 839/1388/352 

vn 0.951318 -2.71037e-19 -0.308212
vt 3.74698 8.64086
v 3704.8 190 -3940.52
vt 3.75267 8.6233
f 841/1385/353 840/1384/353 842/1389/353 844/1390/353 

vn -6.6542e-16 1 -1.00336e-16
v 3733.32 190 -3949.76
f 844/1385/354 845/1205/354 843/1383/354 842/1384/354 

vn -0.308212 0 -0.951318
vt 3.82631 8.5857
vt 3.83508 8.58855
vt 3.83319 8.5944
vt 3.81944 8.63684
f 838/1205/355 841/1385/355 844/1391/355 845/1392/355 705/1393/355 703/1394/355 

vn -0.308212 -6.66867e-18 -0.951318
v 3704.8 210 -3940.52
vt 3.81019 8.63546
v 3733.32 210 -3949.76
vt 3.81896 8.63831
f 845/1205/356 844/1385/356 846/1395/356 847/1396/356 

vt 3.80244 8.63942
vn 0.951318 -1.33373e-17 -0.308212
v 3686.31 210 -3997.6
vt 3.79675 8.65698
f 846/1397/357 844/1385/357 842/1384/357 848/1398/357 

vn 0.951318 -1.7295e-17 -0.308212
vt 3.79106 8.67455
f 842/1384/358 728/1253/358 733/1399/358 848/1398/358 

vn -2.11028e-15 1 1.31715e-15
f 842/1384/359 843/1383/359 730/1278/359 728/1253/359 

vn 0.951057 -5.07833e-17 -0.309017
vt 3.7998 8.67738
vt 3.80551 8.65982
f 839/1383/360 725/1278/360 730/1400/360 843/1401/360 

v 3743.39 170 -4016.09
vn 8.49867e-16 1 6.72957e-16
f 849/1281/361 727/1275/361 725/1278/361 839/1383/361 

vt 3.80862 8.68024
vt 3.81431 8.66267
f 751/1281/56 722/1275/56 727/1402/56 849/1403/56 

vn 0.951318 1.33373e-17 -0.308212
vt 1.21021 7.47501
vt 1.21021 7.48116
f 704/1206/362 751/1404/362 849/1405/362 706/1210/362 

vn -1.81278e-15 1 2.71929e-16
f 750/1224/363 751/1281/363 704/1204/363 708/1203/363 

vn -0.308212 -2.9601e-17 -0.951318
v 3790.39 170 -3968.25
vt 1.18253 7.48116
f 708/1213/364 704/1206/364 706/1210/364 850/1406/364 

vn 2.02824e-17 1 6.65473e-17
v 4115.42 170 -3706.25
vt 3.93463 8.56924
v 4115.42 170 -3736.25
vt 3.93463 8.57847
v 3865.78 170 -3736.25
vt 3.85782 8.57847
f 835/1200/365 836/1376/365 851/1407/365 852/1408/365 853/1409/365 850/1203/365 706/1204/365 705/1205/365 

vt 1.40207 7.48116
vt 1.4923 7.48116
v 3822.18 210 -3676.25
vt 1.4923 7.49347
v 4115.42 210 -3676.25
vt 1.40207 7.49347
v 4115.42 190 -3676.25
vt 1.40207 7.48731
f 836/1410/72 835/1411/72 854/1412/72 855/1413/72 856/1414/72 

vt 3.85611 8.56381
vt 3.82877 8.64796
vt 3.82292 8.64606
f 835/1415/184 705/1416/184 845/1417/184 847/1205/184 854/1200/184 

vt 3.81121 8.64226
f 705/1205/184 839/1383/184 843/1401/184 845/1418/184 

vn -4.79034e-16 1 4.71656e-16
f 706/1204/366 849/1281/366 839/1383/366 705/1205/366 

v 4115.42 210 -3646.25
vt 3.93463 8.55077
vn 2.93255e-17 1 -2.88625e-18
f 857/1419/367 855/1376/367 854/1200/367 847/1205/367 846/1385/367 149/192/367 148/191/367 147/190/367 

vt 3.92848 8.55077
vn 1 0 -0
v 4115.42 190 -3646.25
vt 3.92848 8.56001
f 857/1420/368 858/1419/368 856/1376/368 855/1421/368 

v 4235.42 210 -3646.25
vt 3.97156 8.55077
v 4235.42 190 -3646.25
vt 3.97156 8.55693
vt 3.93463 8.55693
f 857/1419/72 859/1422/72 860/1423/72 858/1424/72 

f 857/1419/27 147/190/27 146/189/27 859/1422/27 

v 4643.84 210 -3941.43
vt 4.09722 8.6416
v 4615.37 210 -3950.89
vt 4.08846 8.64451
v 4526.13 210 -3676.25
v 4235.42 210 -3676.25
f 861/1425/27 862/1426/27 863/1374/27 864/1375/27 859/1422/27 146/189/27 145/188/27 144/187/27 

vn 0.315396 3.78075e-18 -0.94896
v 4643.84 190 -3941.43
vt 4.09917 8.64744
v 4615.37 190 -3950.89
vt 4.09041 8.65035
f 861/1425/369 865/1427/369 866/1428/369 862/1426/369 

v 4662.76 190 -3998.37
vt 4.10305 8.65912
vt 4.10306 8.63966
v 4662.76 210 -3998.37
vt 4.10889 8.65718
f 867/1429/274 865/1425/274 861/1430/274 868/1431/274 

vn -5.56449e-15 1 -2.45582e-16
v 4633.91 190 -4007.96
vt 4.09417 8.66207
f 866/1426/370 865/1425/370 867/1429/370 869/1432/370 

vn -9.2329e-16 1 -9.36669e-16
v 4681.68 190 -4055.3
vt 4.10887 8.67664
v 4652.45 190 -4065.02
vt 4.09987 8.67963
f 867/1429/371 870/1433/371 871/1434/371 869/1432/371 

vn -0.94896 -2.24236e-17 -0.315396
v 4681.68 210 -4055.3
vt 4.11471 8.6747
f 870/1433/372 867/1429/372 868/1431/372 872/1435/372 

vn -7.5896e-16 1 2.28355e-15
f 142/185/373 872/1433/373 868/1429/373 143/186/373 

v 4743.66 210 -4345.74
vt 4.12794 8.766
vn 4.31109e-16 1 -1.36167e-16
v 4652.45 210 -4065.02
v 4528.37 210 -4540.17
vt 4.0617 8.82583
v 4510.5 210 -4515.14
vt 4.0562 8.81813
f 873/1436/374 874/1434/374 872/1433/374 142/185/374 141/184/374 140/183/374 875/1437/374 876/1438/374 

v 4743.66 170 -4345.74
vt 0.819938 7.48116
vn -0.951057 0 -0.309017
v 4652.45 170 -4065.02
vt 0.91076 7.48116
vt 0.91076 7.48731
vt 0.91076 7.49347
vt 0.819938 7.49347
f 877/1439/375 878/1440/375 871/1441/375 874/1442/375 873/1443/375 

v 4652.45 0 -4065.02
vt 2.18266 7.42885
v 4743.66 0 -4345.74
vt 2.27348 7.42885
vt 2.27348 7.48116
vt 2.18266 7.48116
f 879/1444/350 880/1445/350 877/1446/350 878/1447/350 

v 4673.13 0 -4322.83
vt 4.10624 8.75895
vn -1.01648e-19 1 9.3981e-20
v 4595.51 0 -4083.94
vt 4.08236 8.68545
v 4595.89 -1.15265e-16 -4083.82
vt 4.08247 8.68541
v 4624.75 0 -4074.23
vt 4.09135 8.68246
v 4510.5 0 -4515.14
v 4493.22 0 -4490.93
vt 4.05088 8.81068
v 4475.64 0 -4466.31
f 881/1448/376 882/1449/376 883/1450/376 884/1451/376 879/1434/376 880/1436/376 885/1438/376 886/1452/376 887/1357/376 

vt 4.08967 8.68307
vt 4.11355 8.75657
v 4673.13 25 -4322.83
v 4595.51 25 -4083.94
f 882/1453/350 881/1454/350 888/1448/350 889/1449/350 

vt 4.11076 8.76518
vt 4.04999 8.80932
f 881/1455/346 887/1456/346 814/1357/346 888/1448/346 

vt 0.740415 7.42885
vn -0.813876 -5.61241e-18 -0.581039
vt 0.749723 7.42885
vt 0.749723 7.43654
v 4475.64 130 -4466.31
vt 0.749723 7.46885
v 4475.64 150 -4466.31
vt 0.749723 7.47501
v 4493.22 150 -4490.93
vt 0.740415 7.47501
f 886/1457/377 887/1458/377 814/1459/377 890/1460/377 891/1461/377 892/1462/377 

v 4444.39 0 -4525.79
vt 4.03585 8.8214
v 4427.1 0 -4501.58
f 887/1357/27 886/1452/27 893/1463/27 894/1358/27 

vt 0.721954 7.42885
v 4444.39 150 -4525.79
vt 0.721954 7.47501
f 893/1464/32 886/1457/32 892/1462/32 895/1465/32 

vt 2.36215 7.42885
vn -0.813876 1.38066e-18 -0.581039
vt 2.37131 7.42885
vt 2.37131 7.47501
v 4493.22 170 -4490.93
vt 2.37131 7.48116
v 4510.5 170 -4515.14
vt 2.36215 7.48116
f 885/1466/378 886/1467/378 892/1468/378 896/1469/378 897/1470/378 

vn -0.813876 -3.48622e-18 -0.581039
v 4475.64 170 -4466.31
vt 4.05048 8.79952
vt 4.05589 8.8071
f 892/1452/379 891/1357/379 898/1471/379 896/1472/379 

v 4427.1 150 -4501.58
vn 5.48298e-17 1 -3.33475e-16
f 899/1358/380 891/1357/380 892/1452/380 895/1463/380 

v 4427.1 130 -4501.58
vn -0.587785 4.92184e-17 0.809017
vt 4.04909 8.80808
vt 4.03415 8.81893
f 900/1358/381 890/1357/381 891/1473/381 899/1474/381 

vn 0.587785 1.0991e-17 -0.809017
vt 0.768185 7.43654
vt 0.768185 7.46885
f 890/1460/382 814/1459/382 815/1475/382 900/1476/382 

v 4673.13 130 -4322.83
vn 0.587785 2.97134e-17 -0.809017
vt 4.12523 8.78509
vt 4.06446 8.82924
f 901/1448/383 888/1477/383 814/1478/383 890/1357/383 

v 4595.51 60 -4083.94
vt 4.10284 8.67879
vn 0.951057 -3.42228e-17 0.309017
vt 4.11308 8.67547
vt 4.13696 8.74897
v 4595.51 130 -4083.94
v 4595.51 90 -4083.94
vt 4.09406 8.68165
f 902/1479/384 889/1480/384 888/1481/384 901/1448/384 903/1449/384 904/1482/384 

v 4576.97 60 -4026.88
vt 4.28194 7.44731
vn 0.951057 2.92413e-18 0.309017
v 4576.97 25 -4026.88
vt 4.28194 7.43654
vt 4.3004 7.43654
vt 4.3004 7.44731
f 905/1483/385 906/1484/385 889/1485/385 902/1486/385 

v 4595.89 60 -4083.82
vt 4.09269 8.68201
vn -0.94896 1.04588e-17 -0.315396
v 4595.89 25 -4083.82
vt 4.07665 8.66789
vt 4.08687 8.66449
f 907/1487/386 908/1450/386 906/1488/386 905/1489/386 

vt 4.08587 8.69563
vn -0.315396 8.64735e-19 0.94896
v 4624.75 25 -4074.23
v 4624.75 150 -4074.23
vt 4.10348 8.71896
v 4595.89 150 -4083.82
vt 4.0946 8.72191
v 4595.89 90 -4083.82
vt 4.08878 8.70439
f 907/1490/387 908/1450/387 909/1451/387 910/1491/387 911/1492/387 912/1493/387 

v 4595.89 170 -4083.82
vt 4.09897 8.73505
vn -0.315396 7.19908e-21 0.94896
v 4595.51 170 -4083.94
vt 4.09885 8.73509
vt 4.09497 8.72341
vt 4.09109 8.71173
vt 4.08818 8.70297
vt 4.08478 8.69275
vt 4.0849 8.69271
vt 4.0883 8.70293
vt 4.09121 8.71169
vt 4.09703 8.72921
f 913/1494/388 914/1495/388 903/1496/388 904/1497/388 902/1498/388 889/1499/388 882/1449/388 883/1450/388 908/1500/388 907/1501/388 912/1502/388 911/1503/388 

vn 3.20947e-17 1 -2.9475e-17
v 4673.13 170 -4322.83
v 4624.75 170 -4074.23
f 898/1357/389 915/1448/389 914/1449/389 913/1450/389 916/1451/389 878/1434/389 877/1436/389 897/1438/389 896/1452/389 

vn -0.587785 5.2703e-30 0.809017
vt 4.11347 8.76891
vt 4.05271 8.81306
f 890/1357/390 901/1448/390 915/1504/390 898/1505/390 891/1473/390 

vn 1.24517e-16 1 -6.52725e-17
v 4458.35 130 -4442.1
vt 4.04015 8.79565
v 4441.07 130 -4417.88
vt 4.03483 8.7882
v 4440.78 130 -4417.48
vt 4.03474 8.78807
v 4456.18 130 -4406.29
v 4499.78 130 -4374.61
v 4602.59 130 -4299.91
vt 4.08453 8.7519
v 4561.41 130 -4173.16
vt 4.07186 8.7129
v 4538.57 130 -4102.87
vt 4.06484 8.69127
v 4567.81 130 -4093.15
vt 4.07383 8.68828
f 890/1357/391 917/1506/391 918/1507/391 919/1508/391 920/1349/391 921/1348/391 922/1509/391 923/1510/391 924/1511/391 925/1512/391 903/1449/391 901/1448/391 

vn -1.92904e-16 1 -5.04192e-16
v 4409.52 130 -4476.96
vt 4.02513 8.80638
f 917/1506/392 890/1357/392 900/1358/392 926/1513/392 

v 4360.69 130 -4511.82
vt 4.0101 8.8171
v 4378.56 130 -4536.85
f 927/1514/27 926/1513/27 900/1358/27 928/1359/27 

vn -0.581039 -5.455e-29 0.813876
v 4360.69 110 -4511.82
vt 4.00653 8.8121
v 4409.52 110 -4476.96
vt 4.02155 8.80137
f 926/1513/393 927/1514/393 929/1515/393 930/1516/393 

v 4343.69 130 -4488.01
vt 4.56883 7.46885
vn 0.813876 3.02907e-17 0.581039
v 4343.69 110 -4488.01
vt 4.56883 7.4627
vt 4.57783 7.4627
vt 4.57783 7.46885
f 931/1517/394 932/1518/394 929/1519/394 927/1520/394 

v 4174.16 90 -4611.19
vt 3.95271 8.84768
v 4343.69 90 -4488.01
vt 4.00487 8.80978
vt 4.00849 8.81476
vt 4.01211 8.81974
v 4174.16 130 -4611.19
vt 3.95994 8.85764
f 933/1521/261 934/1522/261 932/1523/261 931/1524/261 935/1525/261 

v 4441 90 -4293.71
vn -8.02231e-17 1 -1.99682e-16
v 4485.04 90 -4261.71
vt 4.04836 8.74015
v 4561.41 90 -4173.16
v 4602.59 90 -4299.91
v 4499.78 90 -4374.61
v 4456.18 90 -4406.29
v 4440.78 90 -4417.48
v 4392.23 90 -4452.74
vt 4.01981 8.79893
v 3960.37 90 -4455.86
vt 3.88693 8.79989
v 3986.99 90 -4420.1
vt 3.89512 8.78888
v 4081.27 90 -4420.1
v 4174.16 90 -4487.58
vt 3.95271 8.80965
v 4267.04 90 -4420.1
v 4366.29 90 -4420.1
v 4367.12 90 -4417.56
v 4396.96 90 -4325.7
f 936/1350/395 937/1526/395 938/1510/395 939/1509/395 940/1348/395 941/1349/395 942/1508/395 943/1527/395 934/1522/395 933/1521/395 944/1528/395 945/1529/395 946/1363/395 947/1530/395 948/1360/395 949/1345/395 950/1343/395 951/1341/395 

vt 4.04566 8.76493
v 4441 30 -4293.71
v 4485.04 30 -4261.71
vt 4.05921 8.75508
f 936/1531/261 952/1350/261 953/1526/261 937/1532/261 

v 4396.96 60 -4325.7
vt 4.02669 8.7673
vn -0.587785 -6.43533e-18 0.809017
v 4396.96 30 -4325.7
vt 4.03211 8.77477
f 954/1533/396 955/1341/396 952/1350/396 936/1531/396 951/1534/396 

vt 3.51612 7.43808
vn 0.951057 -2.12248e-17 -0.309017
vt 3.51612 7.43654
vt 3.54584 7.43654
v 4367.12 60 -4417.56
vt 3.54584 7.44731
vt 3.51612 7.44731
f 955/1535/397 816/1536/397 818/1537/397 956/1538/397 954/1539/397 

vn -0.951057 6.32193e-18 0.309017
vt 4.0198 8.75936
vt 4.03655 8.70781
f 955/1341/398 816/1540/398 797/1541/398 796/1335/398 

vt 4.04024 8.75746
vn -0.587785 -1.30378e-17 0.809017
vt 4.02578 8.76606
v 4441 25 -4293.71
vt 4.03933 8.75622
f 952/1542/399 955/1533/399 816/1543/399 798/1341/399 810/1350/399 957/1544/399 

f 955/1341/27 796/1335/27 953/1526/27 952/1350/27 

vn 0.951057 1.37088e-17 0.309017
vt 4.03948 8.70781
v 4485.04 25 -4261.71
vt 4.04983 8.73967
f 796/1335/400 797/1545/400 958/1546/400 953/1526/400 

f 797/1335/319 832/1374/319 958/1526/319

f 791/1332/319 832/1374/319 797/1335/319

f 789/1307/319 832/1374/319 791/1332/319

f 816/1341/319 791/1332/319 797/1335/319

f 819/1344/319 791/1332/319 816/1341/319

f 791/1332/319 819/1344/319 831/1347/319

f 821/1360/27 824/1363/27 825/1364/27 831/1347/27 819/1344/27 820/1346/27 

v 4081.27 30 -4420.1
vt 3.92413 8.78734
vt 3.98129 8.78734
v 4267.04 30 -4420.1
f 959/1363/296 824/1547/296 821/1548/296 960/1360/296 

vn 0.587785 8.20443e-17 0.809017
vt 3.92322 8.79013
v 4081.27 60 -4420.1
vt 3.9178 8.79759
f 827/1366/401 825/1364/401 824/1363/401 959/1549/401 961/1550/401 

v 4174.16 30 -4487.58
vt 3.94186 8.82458
vt 3.91328 8.80382
vt 3.9187 8.79635
f 959/1363/317 962/1530/317 947/1551/317 946/1552/317 961/1553/317 

f 959/1363/27 960/1360/27 962/1530/27

v 4267.04 60 -4420.1
vt 3.98671 8.79635
vt 3.99214 8.80382
vt 3.96356 8.82458
f 962/1530/261 960/1360/261 963/1554/261 948/1555/261 947/1556/261 

vt 3.97496 8.78017
vn -0.587785 -4.55022e-15 0.809017
vt 3.99495 8.76565
vt 3.9956 8.76517
vt 4.01493 8.75112
vt 4.01584 8.75237
vt 3.97586 8.78141
f 821/1557/402 820/1558/402 819/1559/402 816/1560/402 955/1561/402 954/1341/402 963/1360/402 960/1562/402 

vt 3.99741 8.76766
vt 3.99675 8.76814
f 802/1563/261 819/1344/261 820/1346/261 805/1564/261 

vt 4.00645 8.78011
f 802/1344/261 798/1341/261 816/1543/261 819/1565/261 

f 802/1344/27 798/1341/27 800/1343/27

vt 4.00476 8.78572
vt 4.01395 8.75746
f 798/1341/184 800/1343/184 818/1566/184 816/1567/184 

vt 4.02964 8.79381
vn 0.951057 3.14637e-19 -0.309017
vt 4.02938 8.79459
v 4366.29 60 -4420.1
vt 4.02232 8.79143
f 800/1568/403 804/1569/403 964/1345/403 956/1343/403 818/1570/403 

f 963/1360/27 954/1341/27 956/1343/27 964/1345/27 

vt 4.0033 8.78525
vn -0.951057 -4.42407e-18 0.309017
vt 4.01248 8.75698
f 956/1571/404 954/1572/404 951/1341/404 950/1343/404 

vt 4.00305 8.78603
f 964/1573/328 956/1571/328 950/1343/328 949/1345/328 

vn 0 1.1955e-17 1
vt 4.01183 8.79811
vt 3.98129 8.79811
f 963/1360/405 964/1345/405 949/1574/405 948/1575/405 

vn 0.813876 0 0.581039
vt 4.00582 8.79257
vt 3.99567 8.77835
f 802/1344/406 800/1343/406 818/1576/406 819/1577/406 

vt 3.94884 8.71276
f 807/1347/406 802/1344/406 819/1577/406 831/1578/406 

vn 0.315396 0 -0.94896
vt 3.95268 8.70099
vt 4.02751 8.67612
f 794/1332/407 807/1347/407 831/1579/407 791/1580/407 

vt 4.04533 8.71067
vt 4.02858 8.76221
f 798/1341/328 793/1335/328 797/1581/328 816/1582/328 

v 4485.04 0 -4261.71
f 810/1350/27 798/1341/27 793/1335/27 965/1526/27 

vt 4.05714 8.73729
f 793/1339/350 965/1583/350 958/1546/350 797/1545/350 

vn 0.309017 0 0.951057
v 4602.59 0 -4299.91
v 4602.59 25 -4299.91
vt 4.08216 8.75922
vt 4.04599 8.74746
f 965/1526/408 966/1509/408 967/1584/408 958/1585/408 

v 4561.41 0 -4173.16
f 966/1509/27 965/1526/27 968/1510/27

f 966/1509/27 808/1348/27 810/1350/27 965/1526/27 

vt 4.10081 8.7743
vn 0.587785 -6.24206e-18 -0.809017
vt 4.06918 8.79729
vt 4.06465 8.79107
vt 4.09629 8.76808
f 966/1586/409 808/1587/409 812/1588/409 940/1348/409 939/1509/409 967/1589/409 

vn -0.809017 0 -0.587785
vt 4.04104 8.74547
vt 4.05912 8.77036
f 808/1348/410 810/1350/410 957/1590/410 812/1591/410 

vt 4.03029 8.74377
vt 4.04384 8.73392
f 965/1526/346 810/1350/346 957/1592/346 958/1593/346 

vn 0.587785 -1.30378e-17 -0.809017
vt 4.04927 8.74139
vt 4.03572 8.75124
f 953/1526/411 958/1594/411 957/1595/411 952/1350/411 

vt 4.03438 8.72809
vn -0.757266 -5.10694e-17 0.653107
vt 4.03322 8.72709
v 4561.41 25 -4173.16
vt 4.05672 8.69984
f 953/1596/412 958/1597/412 969/1598/412 938/1510/412 937/1526/412 

f 958/1526/319 832/1374/319 969/1510/319

f 969/1510/319 832/1374/319 906/1488/319

v 4615.37 25 -3950.89
f 906/1488/319 832/1374/319 970/1426/319

v 4526.13 170 -3676.25
vt 4.1745 7.48116
vt 4.1745 7.43654
vt 4.26335 7.43654
v 4615.37 170 -3950.89
vt 4.26335 7.48116
f 971/1599/350 832/1600/350 970/1601/350 972/1602/350 

v 4235.42 170 -3676.25
vt 4.08505 7.48116
vt 4.08505 7.43654
f 973/1603/296 833/1604/296 832/1600/296 971/1599/296 

vt 3.97156 8.51539
vt 3.93463 8.51539
f 973/1605/72 833/1375/72 834/1376/72 836/1606/72 

vn 1.50398e-16 1 6.01593e-16
v 4235.42 170 -3706.25
vt 3.97156 8.56924
f 851/1407/413 836/1376/413 973/1375/413 974/1607/413 

vt 3.93463 8.55385
v 4235.42 190 -3676.25
vt 3.97156 8.55385
f 973/1375/72 836/1376/72 856/1608/72 975/1609/72 

f 975/1375/27 856/1376/27 858/1419/27 860/1422/27 

vt 1.5372 7.49347
vn -1 0 -0
vt 1.5372 7.48731
vt 1.54643 7.48731
vt 1.54643 7.49347
f 864/1610/414 975/1611/414 860/1612/414 859/1613/414 

vt 1.16221 7.48116
vt 1.25166 7.48116
vt 1.25166 7.48731
vt 1.25166 7.49347
vt 1.16221 7.49347
f 971/1614/72 973/1615/72 975/1616/72 864/1617/72 863/1618/72 

v 4586.9 170 -3960.35
vt 4.0797 8.64742
vn 1.48146e-17 1 2.48627e-16
v 4558.43 170 -3969.81
vt 4.07095 8.65033
v 4482.54 170 -3736.25
vt 4.04759 8.57847
v 4235.42 170 -3736.25
vt 3.97156 8.57847
f 976/1619/415 977/1620/415 978/1621/415 979/1622/415 974/1607/415 973/1375/415 971/1374/415 972/1426/415 

v 4586.9 150 -3960.35
vn 0.315396 3.1667e-17 -0.94896
v 4558.43 150 -3969.81
vt 4.069 8.64449
vt 4.07776 8.64158
f 980/1619/416 981/1620/416 977/1623/416 976/1624/416 

vn 5.13843e-16 1 -3.05374e-16
v 4605.82 150 -4017.29
vt 4.08553 8.66494
v 4576.97 150 -4026.88
f 980/1619/417 982/1625/417 910/1451/417 911/1450/417 983/1488/417 981/1620/417 

vt 3.6418 7.47501
vn -0.94896 -3.29463e-29 -0.315396
vt 3.66026 7.47501
vt 3.66026 7.48116
v 4605.82 170 -4017.29
vt 3.6418 7.48116
f 982/1626/418 980/1627/418 976/1628/418 984/1629/418 

vn 1.26337e-15 1 1.99829e-15
v 4633.91 170 -4007.96
f 976/1619/419 972/1426/419 985/1432/419 984/1625/419 

vn 0.951057 1.79866e-18 0.309017
v 4633.91 25 -4007.96
vt 4.28181 7.43654
vt 4.28181 7.48116
f 972/1602/420 970/1601/420 986/1630/420 985/1631/420 

v 4605.82 25 -4017.29
f 987/1625/319 970/1426/319 986/1432/319

f 908/1450/319 970/1426/319 987/1625/319

f 906/1488/319 970/1426/319 908/1450/319

vt 4.07517 8.68784
v 4576.97 0 -4026.88
vt 4.06935 8.67032
f 883/1632/274 988/1633/274 906/1488/274 908/1450/274 

vn 2.72098e-16 1 8.84099e-17
f 988/1488/421 883/1450/421 882/1449/421

vt 4.08397 8.66551
f 988/1634/350 882/1453/350 889/1449/350 906/1488/350 

f 967/1509/319 906/1488/319 889/1449/319

f 906/1488/319 967/1509/319 969/1510/319

vt 4.32326 7.45654
vn 0.951057 -5.04993e-18 0.309017
vt 4.32326 7.43654
vt 4.36427 7.43654
vt 4.36427 7.45654
f 938/1635/422 969/1636/422 967/1637/422 939/1638/422 

vt 4.32326 7.42885
vt 4.36427 7.42885
f 968/1639/350 966/1640/350 967/1637/350 969/1636/350 

vt 4.02739 8.72206
vn -0.757266 0 0.653107
vt 4.05089 8.69481
f 965/1641/423 968/1642/423 969/1598/423 958/1597/423 

vt 4.08357 8.7091
vt 4.09624 8.7481
f 939/1509/375 938/1510/375 923/1643/375 922/1644/375 

vt 4.06016 8.7167
v 4538.57 90 -4102.87
vt 4.05313 8.69508
v 4538.57 110 -4102.87
vt 4.05898 8.69317
f 938/1645/375 989/1646/375 990/1647/375 924/1511/375 923/1510/375 

vn 6.32282e-17 1 -4.58993e-17
v 4451.4 90 -4158.17
f 989/1511/424 938/1510/424 937/1526/424 991/1335/424 770/1305/424 769/1304/424 

vt 4.06592 8.73444
f 796/1335/375 795/1339/375 991/1338/375 937/1648/375 953/1526/375 

vt 1.87478 7.45654
vn -0.951057 3.16351e-17 0.309017
vt 1.87478 7.44731
v 4484.02 60 -4057.77
vt 1.90726 7.44731
vt 1.90726 7.45654
f 991/1649/425 795/1650/425 992/1651/425 770/1652/425 

vn 6.69777e-17 1 -2.01522e-16
f 795/1335/426 790/1332/426 992/1305/426

v 4485.04 60 -4054.63
f 992/1305/27 790/1332/27 792/1307/27 993/1306/27 

vn -0.587785 4.2329e-18 -0.809017
vt 4.02669 8.64927
vt 4.05379 8.66896
f 993/1306/427 792/1307/427 772/1653/427 771/1654/427 

vn -0.951057 7.33631e-18 -0.309017
v 4366.29 30 -3896.25
vt 4.02938 8.62199
vt 4.03882 8.65104
vt 4.03004 8.65389
f 788/1307/428 994/1308/428 773/1655/428 772/1656/428 792/1657/428 

f 994/1308/27 788/1307/27 785/1309/27

vt 3.98129 8.61847
vt 3.98129 8.60924
vt 4.01183 8.60924
f 994/1308/72 785/1309/72 787/1658/72 774/1659/72 773/1660/72 

v 4174.16 60 -3828.77
vt 3.95813 8.59947
vt 3.98671 8.62023
f 787/1309/427 995/1310/427 775/1661/427 774/1662/427 

f 787/1309/27 778/1292/27 995/1310/27

vn 0.587785 2.20954e-17 -0.809017
vt 3.9187 8.62023
vt 3.94728 8.59947
f 995/1310/429 778/1292/429 756/1663/429 775/1664/429 

vt 4.03927 8.67454
vt 4.03958 8.67358
f 992/1665/328 993/1666/328 771/1306/328 770/1305/328 

v 4520.03 110 -4045.8
vt 4.06498 8.67181
vt 4.07069 8.68937
f 989/1511/375 769/1304/375 996/1667/375 990/1668/375 

vt 1.74106 7.45654
v 4501.49 110 -3988.74
vt 1.74106 7.4627
vt 1.7226 7.4627
vt 1.7226 7.45654
f 768/1669/375 997/1670/375 996/1671/375 769/1672/375 

vn -0.951057 1.06893e-16 -0.309017
vt 1.80333 7.45654
v 4438.95 130 -3796.25
vt 1.80333 7.46885
v 4501.49 130 -3988.74
vt 1.74106 7.46885
f 768/1669/430 767/1673/430 998/1674/430 999/1675/430 997/1670/430 

vn 1.9027e-32 1.07284e-16 -1
vt 1.86596 7.45654
v 4235.42 110 -3796.25
vt 1.86596 7.4627
v 4235.42 130 -3796.25
vt 1.86596 7.46885
f 767/1673/431 766/1676/431 1000/1677/431 1001/1678/431 998/1674/431 

vt 3.97156 8.60924
vn 0 1.20319e-15 -1
vt 3.93463 8.60924
v 4115.42 110 -3796.25
vt 3.93463 8.60308
vt 3.97156 8.60308
f 766/1679/432 765/1680/432 1002/1681/432 1000/1682/432 

vn -1.25977e-32 7.19144e-17 -1
vt 3.87123 8.60924
v 3909.37 130 -3796.25
v 4115.42 130 -3796.25
f 765/1680/433 764/1683/433 1003/1299/433 1004/1300/433 1002/1681/433 

vt 3.88294 8.60073
vn 0.951057 8.8197e-17 -0.309017
vt 3.8639 8.65934
v 3847.47 110 -3986.74
vt 3.85804 8.65744
v 3847.47 130 -3986.74
f 764/1684/434 763/1685/434 1005/1686/434 1006/1298/434 1003/1299/434 

vn 0.951057 -5.15213e-18 -0.309017
vt 3.84634 8.65364
f 763/1298/435 754/1288/435 752/1291/435 1005/1687/435 

vn -1.38349e-15 1 6.06992e-16
v 3818.91 110 -3977.49
vt 3.8434 8.65269
f 718/1202/436 1007/1688/436 1005/1298/436 752/1288/436 

vn 0.951318 -3.36341e-17 -0.308212
v 3818.91 130 -3977.49
vt 3.84926 8.65459
vt 3.84357 8.67215
f 719/1202/437 1008/1688/437 1007/1689/437 718/1690/437 

vn -1.85418e-16 1 -5.72306e-16
f 709/1224/438 707/1203/438 1008/1688/438 719/1202/438 

vn 0.951057 2.13962e-17 -0.309017
vt 3.82307 8.66551
vt 3.82877 8.64795
f 707/1203/439 709/1224/439 750/1691/439 708/1692/439 

v 3865.78 130 -3736.25
vn 0.951057 5.85234e-18 -0.309017
vt 3.82292 8.64605
vt 3.84612 8.57466
f 1009/1409/440 707/1203/440 708/1692/440 850/1693/440 853/1694/440 

vn -1.25757e-16 1 2.13352e-16
v 4115.42 130 -3736.25
v 4115.42 130 -3766.25
vt 3.93463 8.5877
f 1003/1299/441 1006/1298/441 1008/1688/441 707/1203/441 1009/1409/441 1010/1408/441 1011/1695/441 1004/1300/441 

vn -0.308212 -2.02967e-17 -0.951318
vt 3.85029 8.6614
vt 3.8415 8.65855
f 1006/1298/442 1005/1696/442 1007/1697/442 1008/1688/442 

vt 3.85782 8.56616
vt 3.93463 8.56616
v 4115.42 150 -3736.25
vt 3.93463 8.57231
f 1010/1408/72 1009/1409/72 853/1698/72 852/1699/72 1012/1700/72 

v 4115.42 150 -3706.25
vt 3.92848 8.57847
vt 3.92848 8.56924
f 1013/1407/368 1012/1408/368 852/1701/368 851/1702/368 

vn 7.51991e-17 1 3.00796e-16
v 4235.42 150 -3706.25
v 4235.42 150 -3736.25
f 1012/1408/443 1013/1407/443 1014/1607/443 1015/1622/443 

vt 3.93463 8.56308
vt 3.97156 8.56308
f 1014/1607/72 1013/1407/72 851/1703/72 974/1704/72 

vt 1.51874 7.48116
vt 1.51874 7.47501
vt 1.52797 7.47501
vt 1.52797 7.48116
f 979/1705/414 1015/1706/414 1014/1707/414 974/1708/414 

v 4482.54 130 -3736.25
v 4235.42 130 -3736.25
vt 3.97156 8.57231
vt 3.97156 8.56616
vt 4.04759 8.56616
f 1016/1621/72 1017/1622/72 1015/1709/72 979/1710/72 978/1711/72 

v 4529.96 130 -3979.28
vt 4.06219 8.65324
vn 1.34573e-16 1 2.47767e-16
v 4235.42 130 -3766.25
vt 3.97156 8.5877
v 4558.43 130 -3969.81
f 1018/1712/444 999/1303/444 998/1302/444 1001/1301/444 1019/1713/444 1017/1622/444 1016/1621/444 1020/1620/444 

vt 1.73183 7.46885
vn 0.315396 7.84513e-18 -0.94896
v 4529.96 110 -3979.28
vt 1.73183 7.4627
f 1018/1714/445 1021/1715/445 997/1670/445 999/1675/445 

v 4548.88 110 -4036.21
vt 4.06801 8.67076
vn -0.94896 2.24236e-17 -0.315396
vt 4.06803 8.6513
v 4548.88 130 -4036.21
vt 4.07385 8.66882
f 1022/1716/446 1021/1712/446 1018/1717/446 1023/1718/446 

f 996/1304/27 997/1303/27 1021/1712/27 1022/1716/27 

vn 6.5876e-16 1 -1.0013e-16
v 4567.81 110 -4093.15
f 1022/1716/447 1024/1512/447 990/1511/447 996/1304/447 

vt 4.07189 8.68244
vn -0.94896 -1.02276e-17 -0.315396
vt 4.08941 8.67662
f 1024/1719/448 1022/1720/448 1023/1451/448 925/1512/448 

v 4576.97 130 -4026.88
vn -6.78104e-16 1 9.37725e-17
f 1025/1488/449 903/1449/449 925/1512/449 1023/1716/449 

vn 0.951057 -6.83403e-18 0.309017
v 4576.97 90 -4026.88
vt 4.08836 8.66409
f 1025/1488/450 1026/1721/450 904/1482/450 903/1449/450 

vt 4.09563 8.66158
vn -0.94896 -8.23659e-30 -0.315396
vt 4.10731 8.6577
vt 4.11315 8.65576
vt 4.11897 8.67328
vt 4.10145 8.6791
f 1026/1722/451 1025/1723/451 983/1724/451 911/1725/451 912/1726/451 

vn -0.951057 -8.86604e-18 -0.309017
vt 4.0768 8.64843
vt 4.0825 8.66599
f 1025/1488/452 1020/1620/452 981/1727/452 983/1728/452 

vn 4.63153e-17 1 -1.09295e-15
f 1018/1712/453 1020/1620/453 1025/1488/453 1023/1716/453 

vn -0.951057 -1.17898e-16 -0.309017
vt 4.0593 8.57466
vt 4.08265 8.64653
f 1020/1620/454 1016/1621/454 978/1729/454 977/1730/454 981/1727/454 

f 905/1489/274 1026/1722/274 912/1726/274 907/1487/274 

vt 1.0363 7.44731
vt 1.05477 7.44731
vt 1.05477 7.45654
vt 1.0363 7.45654
f 902/1731/375 905/1732/375 1026/1733/375 904/1734/375 

vt 1.0363 7.46577
vn 0.951057 6.366e-18 0.309017
vt 1.05477 7.46577
f 902/1735/455 904/1734/455 1026/1733/455 905/1736/455 

vn -0.315396 -9.30582e-18 0.94896
vt 4.06289 8.68543
f 924/1511/456 990/1737/456 1024/1719/456 925/1512/456 

v 4235.42 110 -3766.25
vt 1.87519 7.4627
vt 1.87519 7.46885
f 1001/1678/414 1000/1677/414 1027/1738/414 1019/1739/414 

vn 0 1 1.20319e-15
v 4115.42 110 -3766.25
f 1000/1301/457 1002/1300/457 1028/1695/457 1027/1713/457 

vt 3.94079 8.5877
vt 3.94079 8.59693
f 1011/1695/368 1028/1740/368 1002/1741/368 1004/1300/368 

vt 1.91211 7.4627
vt 1.91211 7.46885
f 1019/1739/72 1027/1738/72 1028/1742/72 1011/1743/72 

f 1011/1695/457 1010/1408/457 1017/1622/457 1019/1713/457 

f 1017/1622/72 1010/1408/72 1012/1700/72 1015/1709/72 

vn -0.587785 7.53664e-17 0.809017
vt 4.09177 8.76186
vt 4.06013 8.78484
f 940/1348/458 939/1509/458 922/1744/458 921/1745/458 

vt 4.04672 8.79459
f 941/1349/458 940/1348/458 921/1745/458 920/1746/458 

vt 2.33941 7.45654
vn 0.587785 1.82886e-17 -0.809017
vt 2.35599 7.45654
f 940/1747/459 812/1354/459 811/1353/459 941/1748/459 

f 814/1357/319 811/1349/319 812/1348/319

f 814/1357/319 812/1348/319 888/1448/319

f 888/1448/319 812/1348/319 967/1509/319

f 812/1348/319 958/1526/319 967/1509/319

f 958/1526/319 812/1348/319 957/1350/319

f 967/1509/319 889/1449/319 888/1448/319

vt 4.04198 8.79803
v 4440.78 110 -4417.48
vt 4.03836 8.79305
f 942/1508/458 941/1349/458 920/1746/458 919/1749/458 1029/1750/458 

vn -0.813876 2.38728e-17 -0.581039
v 4441.07 110 -4417.88
vt 4.02983 8.79178
vt 4.02974 8.79165
f 918/1507/460 1030/1751/460 1029/1752/460 919/1508/460 

vn -0.813876 0 -0.581039
v 4458.35 110 -4442.1
vt 4.03514 8.79923
f 917/1506/461 1031/1753/461 1030/1751/461 918/1507/461 

vn -0.581039 -4.06288e-17 0.813876
vt 4.04373 8.80066
vt 4.0287 8.81139
f 930/1513/462 1031/1506/462 917/1754/462 926/1755/462 

v 4392.23 110 -4452.74
f 1032/1527/27 1029/1508/27 1030/1507/27 1031/1506/27 930/1513/27 

vt 4.02343 8.8039
f 943/1527/261 942/1508/261 1029/1750/261 1032/1756/261 

f 934/1522/261 943/1527/261 1032/1756/261 932/1523/261 

f 1032/1527/27 930/1513/27 929/1514/27 932/1522/27 

vt 1.02056 7.42885
vn -0.315396 0 0.94896
vt 1.02992 7.42885
vt 1.02992 7.43654
vt 1.02056 7.43654
f 883/1757/463 884/1758/463 909/1759/463 908/1760/463 

vt 4.11637 8.72926
vn -0.315396 -1.24914e-14 0.94896
vt 4.10785 8.7321
vt 4.10591 8.72626
vt 4.09378 8.68976
f 878/1761/464 916/1762/464 910/1763/464 909/1764/464 884/1451/464 879/1434/464 

f 985/1432/27 878/1434/27 916/1451/27 984/1625/27 

v 4633.91 0 -4007.96
vt 2.16419 7.42885
vt 2.16419 7.48116
vt 2.16419 7.43654
f 1033/1765/350 879/1444/350 878/1447/350 985/1766/350 986/1767/350 

v 4605.82 0 -4017.29
f 879/1434/27 884/1451/27 1034/1625/27 1033/1432/27 

vt 1.04838 7.42885
vt 1.04838 7.43654
f 884/1758/274 1034/1768/274 987/1769/274 909/1759/274 

vt 1.05749 7.42885
vt 1.05749 7.43654
f 1034/1768/463 1033/1770/463 986/1771/463 987/1769/463 

vt 4.09766 8.70144
vn -0.315396 1.3581e-18 0.94896
vt 4.10824 8.70441
vt 4.0996 8.70728
f 982/1772/465 987/1625/465 986/1432/465 985/1773/465 984/1774/465 

vt 4.12785 8.67033
vn -0.94896 6.71606e-18 -0.315396
vt 4.12203 8.65281
f 910/1775/466 909/1451/466 987/1625/466 982/1776/466 

f 909/1451/319 908/1450/319 987/1625/319

vt 3.62334 7.48116
vn -0.94896 -3.20804e-14 -0.315396
vt 3.62334 7.47501
f 916/1777/467 910/1778/467 982/1626/467 984/1629/467 

vt 3.61398 7.47501
vn -0.315396 -6.61887e-14 0.94896
vt 3.61398 7.48116
f 911/1779/468 910/1778/468 916/1777/468 913/1780/468 

vt 4.10002 8.66017
vt 4.10573 8.67773
f 878/1434/375 985/1432/375 869/1781/375 871/1782/375 

vn -0.951057 -2.27469e-17 -0.309017
vt 4.09432 8.64261
f 985/1432/469 972/1426/469 866/1783/469 869/1781/469 

vt 1.07335 7.48116
vt 1.07335 7.49347
vt 1.07335 7.48731
f 972/1784/375 971/1614/375 863/1618/375 862/1785/375 866/1786/375 

vt 4.01506 8.76439
f 798/1341/349 799/1342/349 813/1356/349 816/1787/349 

v 3986.99 60 -4420.1
vt 3.92413 8.79811
vt 3.89512 8.79811
f 1035/1529/296 961/1363/296 946/1788/296 945/1789/296 

vn 9.57103e-17 1 -7.12358e-17
f 827/1364/470 961/1363/470 1035/1529/470

v 3982.02 60 -4420.1
vt 3.89359 8.78888
f 1036/1790/27 828/1187/27 827/1364/27 1035/1529/27 

vn 0.951057 -3.13239e-17 0.309017
v 3982.02 90 -4420.1
vt 3.88481 8.79173
v 3951.35 90 -4325.7
vt 3.87537 8.76269
f 1036/1790/471 1037/1791/471 1038/1792/471 828/1187/471 

vt 3.89359 8.79811
f 1035/1529/296 945/1789/296 1037/1793/296 1036/1790/296 

v 3911.83 90 -4420.59
vt 3.87199 8.78903
vn 1.19857e-16 1 -3.47593e-16
f 1039/1794/472 762/1297/472 761/1296/472 1038/1187/472 1037/1790/472 945/1529/472 944/1528/472 

vt 3.57049 7.45654
vn 0.587785 2.32536e-17 0.809017
vt 3.63367 7.45654
v 3911.83 110 -4420.59
vt 3.63367 7.4627
v 3911.83 130 -4420.59
vt 3.63367 7.46885
v 3745.72 130 -4299.91
vt 3.57049 7.46885
f 762/1795/473 1039/1796/473 1040/1797/473 1041/1798/473 1042/1799/473 

vt 3.87561 8.78406
vt 3.89054 8.79491
v 3960.37 110 -4455.86
f 1039/1800/317 944/1801/317 1043/1528/317 1040/1794/317 

vn 0.587785 8.38821e-16 0.809017
vt 3.94547 8.85764
v 4008.91 130 -4491.13
vt 3.89463 8.8207
v 4008.91 110 -4491.13
vt 3.89825 8.81572
vt 3.88331 8.80486
f 944/1528/474 933/1521/474 935/1802/474 1044/1803/474 1045/1804/474 1043/1805/474 

vt 3.90186 8.81074
vn 5.24876e-17 1 7.96276e-17
v 4174.16 130 -4685.35
vt 3.95271 8.8705
v 3991 130 -4515.2
vt 3.89635 8.81814
f 1044/1806/475 935/1521/475 931/1522/475 927/1514/475 928/1359/475 1046/1807/475 685/1180/475 1047/1808/475 

vn -0.587785 3.20563e-17 0.809017
v 4378.56 150 -4536.85
vt 4.01922 8.82978
v 4378.56 170 -4536.85
vt 4.02283 8.83476
v 4174.16 170 -4685.35
vt 3.95994 8.88045
f 1046/1807/476 928/1359/476 1048/1809/476 1049/1810/476 1050/1811/476 

f 928/1359/261 900/1358/261 899/1474/261 1048/1809/261 

vt 4.04953 8.84009
vt 4.03459 8.85094
f 900/1358/346 815/1812/346 817/1813/346 928/1359/346 

vt 4.0681 8.78714
vn 0.813876 1.78613e-18 0.581039
vt 4.07342 8.79459
vt 4.03554 8.81038
vt 4.06184 8.7916
f 894/1814/477 893/1815/477 895/1463/477 899/1358/477 900/1816/477 815/1817/477 

v 4395.55 150 -4560.65
f 1048/1359/27 899/1358/27 895/1463/27 1051/1361/27 

vn -0.581039 -2.59603e-17 0.813876
v 4444.39 170 -4525.79
vt 4.03943 8.82641
v 4395.55 170 -4560.65
vt 4.02441 8.83714
f 1051/1361/478 895/1463/478 1052/1818/478 1053/1819/478 

vn -0.581039 -2.653e-18 0.813876
vt 4.05446 8.81568
f 895/1463/479 892/1452/479 896/1820/479 1052/1818/479 

vn -1.95849e-15 1 -1.3982e-15
v 4461.96 170 -4550.41
vt 4.04126 8.82898
f 897/1438/480 1054/1821/480 1052/1463/480 896/1452/480 

vn -0.587785 -1.61467e-17 0.809017
v 4510.5 190 -4515.14
vt 4.05982 8.82311
v 4461.96 190 -4550.41
vt 4.04488 8.83396
f 1054/1821/481 897/1438/481 1055/1822/481 1056/1823/481 

vt 0.731261 7.48116
vt 0.731261 7.49347
vt 0.731261 7.48731
f 897/1824/261 877/1439/261 873/1443/261 876/1825/261 1055/1826/261 

f 880/1445/346 885/1466/346 897/1470/346 877/1446/346 

vt 0.7218 7.49347
vn -0.813876 -4.69213e-18 -0.581039
v 4528.37 190 -4540.17
vt 0.7218 7.48731
f 875/1827/482 1057/1828/482 1055/1826/482 876/1825/482 

v 4479.54 190 -4575.03
vt 0.703338 7.48731
vn -0.581039 -8.66072e-18 0.813876
v 4479.54 210 -4575.03
vt 0.703338 7.49347
f 1058/1829/483 1057/1828/483 875/1827/483 1059/1830/483 

vn 1.59083e-15 1 -3.23822e-15
vt 4.04667 8.83655
f 1055/1438/484 1057/1437/484 1058/1831/484 1056/1821/484 

v 4413.42 190 -4585.68
vt 4.02633 8.83983
vn 2.59306e-15 1 -2.57104e-15
v 4430.71 190 -4609.89
f 1060/1832/485 1056/1821/485 1058/1831/485 1061/1362/485 

v 4413.42 170 -4585.68
vn -0.587785 5.44314e-17 0.809017
vt 4.02994 8.84481
f 1062/1832/486 1054/1821/486 1056/1823/486 1060/1833/486 

vn 4.89622e-16 1 3.49549e-16
f 1062/1832/487 1053/1361/487 1052/1463/487 1054/1821/487 

vt 4.0047 8.82512
vn 0.813876 2.58505e-18 0.581039
vt 4.02731 8.85623
v 4413.42 25 -4585.68
vt 4.01965 8.86179
vt 3.99343 8.8257
vt 4.00108 8.82014
f 1051/1834/488 822/1835/488 1063/1836/488 1062/1837/488 1053/1838/488 

vn 0.813876 1.84757e-18 0.581039
vt 4.01198 8.81983
f 928/1359/489 817/1813/489 822/1835/489 1051/1834/489 1048/1839/489 

vn 0.813876 2.03913e-18 0.581039
vt 4.01582 8.83571
vt 4.01059 8.82838
f 1048/1359/490 1051/1361/490 1053/1840/490 1049/1841/490 

vn 9.90479e-17 1 2.12321e-16
v 4174.16 170 -4759.51
vt 3.95271 8.89332
v 3973.09 170 -4539.27
f 1049/1359/491 1053/1361/491 1062/1832/491 1064/1842/491 679/1170/491 683/1179/491 1065/1180/491 1050/1807/491 

vt 3.94547 8.88336
vt 4.01909 8.82987
vt 4.02271 8.83485
v 4413.42 210 -4585.68
v 4174.16 210 -4759.51
f 1064/1843/261 1062/1844/261 1060/1845/261 1066/1832/261 1067/1842/261 

vt 4.03634 8.83268
vt 4.07266 8.80676
vt 4.07797 8.81421
vt 4.03665 8.8437
vt 4.03134 8.83625
f 1062/1846/406 1063/1847/406 823/1848/406 1061/1849/406 1060/1850/406 

f 823/1362/319 822/1361/319 1063/1832/319

vn 0.813876 -2.03149e-18 0.581039
v 4447.99 25 -4634.11
vt 4.08329 8.82166
v 4447.99 170 -4634.11
vt 4.04698 8.84758
v 4447.99 210 -4634.11
vt 4.03697 8.85473
v 4430.71 210 -4609.89
f 1061/1849/492 823/1848/492 1068/1851/492 1069/1852/492 1070/1853/492 1071/1362/492 

f 672/145/319 823/1362/319 1068/1853/319

f 672/145/319 1068/1853/319 669/146/319

vt 4.01892 8.79768
vt 4.01104 8.81842
vt 4.00389 8.8084
f 109/1854/4 669/146/4 1068/1853/4 1069/1855/4 1070/1856/4 

vn 0.813876 -8.07662e-20 0.581039
vt 4.04707 8.8477
f 1069/1852/493 671/1857/493 108/145/493 1070/1853/493 

v 3937.26 210 -4587.4
f 1072/1170/27 1067/1842/27 1066/1832/27 1071/1362/27 1070/1853/27 108/145/27 107/144/27 106/143/27 677/1169/27 

vt 3.88705 8.8304
vt 3.95994 8.88336
vt 3.88343 8.83538
f 679/1858/317 1064/1859/317 1067/1842/317 1072/1170/317 680/1860/317 

vt 3.87924 8.85144
vt 3.88475 8.84403
f 677/1861/322 676/1169/322 680/1170/322 1072/1862/322 

v 3870.81 190 -4576.2
vt 3.85937 8.83691
vn 0.587785 5.44314e-17 0.809017
vt 3.87069 8.85274
v 3870.81 210 -4576.2
vt 3.85575 8.84189
f 1073/1863/494 676/1169/494 677/1864/494 1074/1865/494 

v 3888.72 190 -4552.13
vn -5.94905e-16 1 -3.07105e-16
f 1075/1274/495 680/1170/495 676/1169/495 1073/1863/495 

vt 3.8762 8.84534
vt 3.86126 8.83449
f 745/1274/317 679/1170/317 680/1866/317 1075/1867/317 

f 745/1274/27 744/1273/27 683/1179/27 679/1170/27 

v 3906.63 150 -4528.06
vt 3.88171 8.83793
vt 3.86678 8.82708
f 1076/1273/317 682/1179/317 683/1868/317 744/1869/317 

v 3924.54 150 -4504
f 686/1180/27 682/1179/27 1076/1273/27 1077/1186/27 

vt 3.89578 8.82922
vt 3.89027 8.83663
f 682/1179/322 686/1180/322 1065/1870/322 683/1871/322 

vt 3.94547 8.88045
vt 3.88361 8.83551
vt 3.88722 8.83053
f 685/1180/317 1046/1807/317 1050/1872/317 1065/1873/317 686/1874/317 

vt 3.87952 8.80972
vt 3.89446 8.82057
f 688/1875/317 685/1876/317 686/1180/317 1077/1186/317 

v 3942.46 130 -4479.93
vt 3.88142 8.80729
f 1047/1808/27 685/1180/27 688/1186/27 1078/1877/27 

v 3893.91 130 -4444.66
vt 3.86648 8.79644
f 688/1186/27 692/1189/27 1079/1878/27 1078/1877/27 

vt 3.86458 8.79887
f 692/1879/317 688/1875/317 1077/1186/317 695/1189/317 

f 1077/1186/27 1076/1273/27 694/1197/27 695/1189/27 

vt 4.45975 7.47501
vn 0.587785 -1.81438e-17 0.809017
vt 4.45975 7.48116
vt 4.44129 7.48116
vt 4.44129 7.47501
f 1076/1880/496 744/1881/496 743/1882/496 694/1883/496 

vt 3.85052 8.80758
vt 3.85603 8.80017
f 695/1189/324 694/1197/324 743/1884/324 748/1885/324 

v 3675.18 130 -4322.83
vt 3.85735 8.80882
vt 3.85373 8.8138
vt 3.79194 8.76891
f 1080/1276/317 692/1189/317 695/1886/317 748/1887/317 747/1888/317 

vn 3.09268e-17 1 -5.12126e-17
v 3810.39 130 -4100.87
f 1080/1276/497 713/1223/497 721/1222/497 1081/1289/497 1042/1297/497 1041/1794/497 1079/1878/497 692/1189/497 

vt 3.78747 8.75515
vt 3.81151 8.68116
vt 3.81736 8.68307
f 713/1223/184 1080/1276/184 747/1889/184 746/1890/184 724/1891/184 

vn 0.308212 4.98052e-18 0.951318
vt 4.17261 7.4627
vt 4.17261 7.46885
f 721/1239/498 720/1235/498 753/1892/498 1081/1893/498 

vt 3.5061 7.45654
vn 0.951057 -4.52387e-17 -0.309017
vt 3.5061 7.46885
vt 3.5061 7.4627
f 755/1894/499 762/1795/499 1042/1799/499 1081/1895/499 753/1896/499 

v 3893.91 110 -4444.66
vt 3.6429 7.4627
vt 3.6429 7.46885
f 1041/1798/324 1040/1797/324 1082/1897/324 1079/1898/324 

v 3942.46 110 -4479.93
f 1043/1528/27 1083/1877/27 1082/1878/27 1040/1794/27 

v 3991 110 -4515.2
f 1043/1528/27 1045/1806/27 1084/1808/27 1083/1877/27 

vn -0.802195 2.95941e-17 0.597062
vt 3.9068 8.81441
vt 3.90129 8.82182
f 1045/1806/500 1044/1899/500 1047/1900/500 1084/1808/500 

vt 3.88503 8.80231
vt 3.89997 8.81316
f 1078/1877/317 1083/1901/317 1084/1902/317 1047/1808/317 

vt 3.66136 7.4627
vt 3.66136 7.46885
f 1079/1898/317 1082/1897/317 1083/1903/317 1078/1904/317 

vt 3.84633 8.82363
f 741/1198/317 745/1274/317 1075/1867/317 742/1905/317 

vn -7.07215e-16 1 -9.73398e-16
f 739/1199/501 742/1198/501 1075/1274/501 1073/1863/501 

vn 0.802195 6.50127e-18 -0.597062
vt 3.8395 8.82239
v 3840.17 210 -4516.86
vt 3.84501 8.81498
f 742/1198/502 739/1199/502 740/1906/502 1085/1907/502 

vt 3.84805 8.82108
vn 0.587785 -4.43609e-17 0.809017
vt 3.86299 8.83193
f 739/1908/503 1073/1909/503 1074/1863/503 740/1199/503 

vn -1.10456e-15 1 -2.33126e-15
f 105/142/504 151/194/504 738/1201/504 740/1199/504 1074/1863/504 

vn 1.29037e-16 1 1.52224e-17
v 3696.23 210 -4063.88
v 3604.65 210 -4345.74
f 738/1201/505 151/194/505 731/1251/505 733/1253/505 1086/1278/505 1087/1277/505 1085/1198/505 740/1199/505 

vn -0.95101 6.36971e-18 0.309159
vt 3.70164 8.75546
vt 3.73397 8.65599
f 151/194/506 737/1910/506 732/1911/506 731/1251/506 

f 732/1251/319 699/1201/319 737/194/319

f 699/1201/319 732/1251/319 729/1253/319

f 699/1201/319 729/1253/319 726/1278/319

f 699/1201/319 726/1278/319 723/1275/319

f 699/1201/319 723/1275/319 714/1223/319

f 699/1201/319 714/1223/319 717/1222/319

f 699/1201/319 717/1222/319 700/1202/319

vn -1.91259e-15 1 1.88441e-15
f 731/1251/507 150/193/507 848/1384/507 733/1253/507 

f 848/1384/27 150/193/27 149/192/27 846/1385/27 

vn 0.308212 2.34492e-18 0.951318
vt 3.80376 8.68513
vt 3.79501 8.6823
f 728/1253/508 730/1278/508 1086/1912/508 733/1913/508 

vt 3.50613 7.48116
vt 3.59732 7.48116
vt 3.59732 7.49347
vt 3.50613 7.49347
vt 3.50613 7.48731
f 725/1914/184 749/1915/184 1087/1916/184 1086/1917/184 730/1918/184 

vn 0.587785 7.95483e-17 0.809017
vt 3.6869 7.48116
vt 3.6869 7.48731
vt 3.6869 7.49347
f 749/1915/509 741/1919/509 742/1920/509 1085/1921/509 1087/1916/509 

vn -3.70285e-16 1 1.02548e-15
f 106/143/510 105/142/510 1074/1863/510 677/1169/510 

vt 4.02132 8.84341
vn 0.813876 -5.52863e-17 0.581039
vt 4.02664 8.85086
f 1066/1922/511 1060/1832/511 1061/1362/511 1071/1923/511 

vt 2.95374 7.48731
vt 2.9722 7.48731
f 1061/1924/32 1058/1925/32 1059/120/32 1071/1158/32 

vn 5.97278e-16 1 -3.18935e-16
f 109/146/512 1070/1853/512 1071/1362/512 1059/1831/512 

vn -1.35316e-15 1 -1.72399e-15
f 140/183/513 109/146/513 1059/1831/513 875/1437/513 

vt 4.03506 8.82018
f 887/1456/346 894/1926/346 815/1358/346 814/1357/346 

v 3863.28 30 -4261.71
vn 0.587785 1.48039e-17 0.809017
vt 3.87873 8.7673
vt 3.8733 8.77477
vt 3.8462 8.75508
f 1088/1296/514 826/1187/514 828/1927/514 1038/1928/514 761/1929/514 

f 826/1187/27 1088/1296/27 829/1188/27

vt 3.83949 8.73444
vt 3.84985 8.70258
vt 3.85862 8.70544
f 829/1188/184 1088/1296/184 761/1930/184 760/1931/184 830/1932/184 

v 3863.28 60 -4054.63
vn 0.951057 9.42281e-18 0.309017
vt 3.85862 8.71114
vt 3.84827 8.67928
f 1089/1295/515 830/1188/515 760/1933/515 759/1934/515 

f 780/1294/27 783/1318/27 830/1188/27 1089/1295/27 

vt 3.85163 8.66896
vt 3.87873 8.64927
f 780/1294/429 1089/1295/429 759/1935/429 758/1936/429 

vn -0.951057 2.14838e-17 -0.309017
vt 4.11794 8.75515
f 901/1448/516 903/1449/516 914/1482/516 915/1937/516 

vt 3.63232 7.49347
vt 3.63232 7.48731
vt 3.6418 7.48731
vt 3.6418 7.49347
f 874/1938/463 871/1939/463 870/1940/463 872/1941/463 

f 868/1429/27 861/1425/27 144/187/27 143/186/27 

vn -0.813876 -4.55175e-20 -0.581039
vt 2.99082 7.42885
vt 2.99082 7.49347
f 668/1150/517 670/1942/517 140/1943/517 139/1151/517 

g Mesh2 Group2 Model

usemtl FrontColor
v -32191.1 0 29140.8
vt 0 0
v 37640 0 29140.8
vt 18049.2 0
v 37640 0 -33366.8
vt 18049.2 13503.8
v -32191.1 0 -33366.8
vt 0 13503.8
f 1090/1944/27 1091/1945/27 1092/1946/27 1093/1947/27 

g Mesh3 Component_9_1 Model

usemtl mramor
v 2381.19 4111.84 -6374.46
vt -0.837887 0.483754
vn 0.581006 0.18003 0.793739
v 1200.71 1058.44 -4817.82
vt -0.320044 1.38068
v 4132.55 990.436 -6948.46
vt -1.35573 1.38068
f 1094/1948/518 1095/1949/518 1096/1950/518

vt -0.592475 1.44901
vn 0.930329 -0.204472 0.304434
v 1261.58 4150.53 -2927.02
vt 0.226305 0.814789
vt 0.36617 1.84099
f 1094/1951/519 1097/1952/519 1095/1953/519

vt -0.114199 0.837887
v 3248.01 5383.43 -3570.59
vt 0.485808 0.491473
v 3618.65 5370.62 -4711.85
vt 0.782731 0.662901
vt 0.782731 1.35573
f 1097/1954/129 1098/1955/129 1099/1956/129 1094/1957/129 

v 4193.81 4103.11 -796.384
vt 3.96422 7.61421
vn -0.341068 0.803886 0.487279
v 4218.71 5367.73 -2865.26
vt 4.3363 8.26093
vt 4.1512 8.58042
vt 3.40508 8.57929
f 1100/1958/520 1101/1959/520 1098/1960/520 1097/1961/520 

v 7125.65 4035.11 -2927.02
vt 1.13051 9.01299
vn 0.372438 0.789841 0.487279
v 5189.27 5345.22 -3570.59
vt 1.5106 8.37094
vt 1.87981 8.37497
vt 2.2458 9.02516
f 1102/1962/521 1103/1963/521 1101/1964/521 1100/1965/521 

vt -1.55112 0.211408
vn -0.592859 -0.782223 0.191429
vt -0.909829 0.473621
v 4818.41 5347 -4711.85
vt -0.863528 0.813337
v 6005.38 4040.5 -6374.46
vt -1.41126 1.23761
f 1102/1966/522 1103/1967/522 1104/1968/522 1105/1969/522 

vt -1.67966 0.837887
vn -0.0155804 -0.791559 0.610894
vt -1.07965 0.491473
vt -0.782731 0.662901
vt -0.782731 1.35573
f 1105/1970/523 1104/1971/523 1099/1972/523 1094/1973/523 

vt -1.41126 0.130658
vn -0.00359827 -0.18281 0.983142
vt -0.592475 0.764882
vt -1.55112 1.15686
f 1105/1974/524 1094/1975/524 1096/1976/524

v 7064.79 943.016 -4817.82
vt -1.35573 0.184778
vn -0.573471 0.202754 0.793739
vt -0.320044 0.184778
vt -0.837887 1.08171
f 1106/1977/525 1105/1978/525 1096/1979/525

vn -0.937654 -0.167704 0.304434
f 1105/1949/526 1106/1950/526 1102/1948/526

v 5945.18 981.711 -1370.38
vt -0.592475 1.28751
vn -0.930329 0.204472 -0.304434
vt 0.36617 0.89554
vt 0.226305 1.92174
f 1107/1980/527 1102/1981/527 1106/1982/527

vt 0.320044 0.782731
vn -0.581006 -0.18003 -0.793739
vt 1.35573 0.782731
vt 0.837887 1.67966
f 1100/1983/528 1102/1984/528 1107/1985/528

v 2320.98 1053.05 -1370.38
v 3352.27 1032.75 -1370.38
vt 1.29219 8.73988
v 3536.28 1029.13 -1370.38
vt 1.32104 8.69115
v 4760.51 1005.03 -1370.38
vt 1.51297 8.36694
v 4929.36 1001.71 -1370.38
vt 1.53944 8.32222
vt 1.69869 8.05321
f 1108/1962/524 1109/1986/524 1110/1987/524 1111/1988/524 1112/1989/524 1107/1990/524 1100/1965/524 

v 3594.25 319.607 -2288.25
vt 3.24554 7.2564
v 3678.67 655.662 -1850.66
vt 3.26922 7.42651
v 3538.5 886.537 -1555.08
vt 3.22453 7.54131
vt 3.22287 7.61309
vt 3.16625 7.61301
v 3349.55 1020.71 -1386.04
vt 3.16549 7.60692
v 3334.07 952.173 -1475.25
vt 3.1612 7.57224
v 3462.74 580.154 -1954.01
vt 3.20331 7.38624
v 3508.83 505.445 -2049.63
vt 3.218 7.3491
v 3594.25 319.607 -2288.25
v 3532.23 317.154 -2293.01
vt 3.22648 7.25452
v 3453.4 488.631 -2072.84
vt 3.20107 7.34006
v 3406.25 565.064 -1975
vt 3.18604 7.37806
v 3272.69 951.232 -1478.03
vt 3.14232 7.57113
v 3288.38 1020.71 -1387.6
vt 3.14668 7.60628
v 3352.27 1032.75 -1370.38
v 3352.27 1032.75 -1370.38
vt 2.84886 7.61253
v 4095.34 -900 -3855.77
vt 3.408 6.64745
v 4994 14.1443 -2648.35
vt 3.67821 7.11711
v 4843.16 102.67 -2537.5
vt 3.63121 7.16012
v 4783.39 315.456 -2263.3
vt 3.61137 7.26665
v 4721.38 318.812 -2260.54
vt 3.59227 7.2677
v 4751.94 210 -2400.75
vt 3.60242 7.21322
v 4676.82 210 -2402.67
vt 3.57931 7.21244
v 3644.64 210 -2428.99
vt 3.26179 7.20173
v 3566.72 210 -2430.98
vt 3.23782 7.20092
f 1113/1991/523 1114/1992/523 1115/1993/523 1110/1994/523 1109/1995/523 1116/1996/523 1117/1997/523 1118/1998/523 1119/1999/523 1120/1991/523 1121/2000/523 1122/2001/523 1123/2002/523 1124/2003/523 1125/2004/523 1126/1995/523 1127/1995/523 1108/2005/523 1128/2006/523 1129/2007/523 1130/2008/523 1131/2009/523 1132/2010/523 1133/2011/523 1134/2012/523 1135/2013/523 1136/2014/523 

vt -0.953467 0.951169
vt -0.96794 0.940829
vt -0.902845 0.878976
vt -0.873824 0.855883
vt -0.753793 0.725679
vt -0.741194 0.695781
vt -0.726343 0.705005
vt -0.739116 0.735314
vt -0.863712 0.870469
vt -0.893402 0.894096
f 1121/2015/523 1113/2016/523 1119/2017/523 1118/2018/523 1117/2019/523 1116/2020/523 1125/2021/523 1124/2022/523 1123/2023/523 1122/2024/523 

vt 1.77743 0.764882
v 2483.04 190.844 -4391.63
vt 1.24346 0.98321
v 2462.26 222.533 -4326.5
vt 1.23117 0.965537
v 2300.1 369.865 -4226.67
vt 1.16591 0.943781
v 2158.43 474.512 -4237.83
vt 1.11629 0.95275
v 2048.34 554.923 -4250.19
vt 1.07801 0.960765
v 1719.75 810 -4225.55
vt 0.959122 0.967199
v 1738.71 810 -4166.81
vt 0.961463 0.949717
v 2047.23 570.511 -4189.93
vt 1.07308 0.943676
v 2152.72 493.453 -4178.1
vt 1.10977 0.935995
v 2314.9 373.668 -4165.32
vt 1.16657 0.925729
v 2495.03 210 -4276.21
vt 1.23906 0.949897
v 2536.48 210 -4147.86
vt 1.24417 0.911702
v 2689.31 210 -3674.53
vt 1.26303 0.770844
v 2842.24 210 -3200.91
vt 1.28189 0.629904
v 2882.7 210 -3075.6
vt 1.28689 0.592613
v 2679.64 367.114 -3062.49
vt 1.21358 0.597189
v 2549.94 492.438 -2952.07
vt 1.15908 0.571094
v 2471.43 569.427 -2880.62
vt 1.12575 0.553986
v 2206.65 810 -2717.62
vt 1.01919 0.518461
v 1719.75 810 -4225.55
v 2048.34 554.923 -4250.19
v 2158.43 474.512 -4237.83
v 2300.1 369.865 -4226.67
v 2462.26 222.533 -4326.5
v 2483.04 190.844 -4391.63
v 2483.04 190.844 -4391.63
vt 0.818781 1.15686
vt 0.958645 0.130658
f 1128/2025/228 1137/2026/228 1138/2027/228 1139/2028/228 1140/2029/228 1141/2030/228 1142/2031/228 1143/2032/228 1144/2033/228 1145/2034/228 1146/2035/228 1147/2036/228 1148/2037/228 1149/2038/228 1150/2039/228 1151/2040/228 1152/2041/228 1153/2042/228 1154/2043/228 1155/2044/228 1156/2031/228 1157/2030/228 1158/2029/228 1159/2028/228 1160/2027/228 1161/2026/228 1162/2026/228 1095/2045/228 1108/2046/228 

vt 0.837887 -1.08171
v 4117.19 210 -5671.69
vt 1.14195 -0.555061
v 3729.87 210 -5375.66
vt 1.00273 -0.559321
v 3440.43 210 -5154.43
vt 0.898691 -0.562505
v 3154.04 210 -4935.54
vt 0.795748 -0.565655
v 2579.43 210 -4496.35
vt 0.589209 -0.571976
v 2746.43 454.19 -5019.81
vt 0.714398 -0.454334
v 2655.71 628.857 -5233.59
vt 0.728399 -0.372498
v 2516.1 746.202 -5317.09
vt 0.709531 -0.318384
v 2437.66 810 -5360.54
vt 0.69836 -0.288991
v 2386.25 810 -5321.26
vt 0.679883 -0.289557
v 2389.25 807.049 -5318.77
vt 0.680175 -0.290923
v 2486.15 728.24 -5265.08
vt 0.693974 -0.327232
v 2608.12 625.726 -5192.14
vt 0.710457 -0.374507
v 2682.51 482.506 -5016.85
vt 0.698977 -0.441609
vt 0.54945 -0.582121
f 1128/2047/521 1163/2048/521 1164/2049/521 1165/2050/521 1166/2051/521 1167/2052/521 1168/2053/521 1169/2054/521 1170/2055/521 1171/2056/521 1172/2057/521 1173/2058/521 1174/2059/521 1175/2060/521 1176/2061/521 1137/2062/521 

vt -0.592475 0.0807508
v 4598.3 210 -5334.94
vt -0.0485884 0.144195
vt -0.0295915 0.310904
f 1128/2063/520 1177/2064/520 1163/2065/520

v 4578.26 149.171 -5248.61
vt -0.0786913 0.13811
f 1177/2064/520 1128/2063/520 1178/2066/520

v 4751.17 149.193 -5127.62
vt -0.0855074 0.0782005
f 1178/2066/520 1128/2063/520 1179/2067/520

v 4833.11 149.203 -5070.29
vt -0.0887374 0.049811
f 1179/2067/520 1128/2063/520 1180/2068/520

v 5165.59 210 -4937.86
vt -0.0709883 -0.0523773
f 1180/2068/520 1128/2063/520 1181/2069/520

v 5782.33 210 -4506.18
vt -0.0953405 -0.266082
f 1181/2069/520 1128/2063/520 1182/2070/520

v 5870.02 201.472 -4430.74
vt -0.103134 -0.298292
f 1182/2070/520 1128/2063/520 1183/2071/520

vt 0.184778 1.35573
vt 0.184778 0.852589
v 5451.62 253.443 -2984.69
vt 0.357071 0.816262
v 5685.02 421.213 -2963.98
vt 0.410119 0.75329
v 5764.78 493.262 -2895.03
vt 0.417042 0.717467
v 5846.14 567.906 -2819.85
vt 0.423225 0.679806
v 6132.1 810 -2640.82
vt 0.460389 0.567133
v 6151.98 810 -2699.16
vt 0.475796 0.575663
v 5882.74 582.054 -2867.73
vt 0.440803 0.681751
v 5804.77 510.523 -2939.77
vt 0.434878 0.717841
v 5709.61 424.564 -3022.03
vt 0.426619 0.76058
v 5434.35 226.703 -3046.46
vt 0.364056 0.834847
v 5402.4 210 -3022.99
vt 0.35203 0.837382
v 5472.07 210 -3227.37
vt 0.406004 0.867262
v 5625.77 210 -3678.3
vt 0.52509 0.933189
v 5780.45 210 -4132.09
vt 0.64493 0.999533
v 5843.73 210 -4317.74
vt 0.693959 1.02668
v 5850.39 219.509 -4297.3
vt 0.691877 1.02029
v 6086.6 418.422 -4153.88
vt 0.723385 0.928252
v 6211.24 503.276 -4162.75
vt 0.755326 0.899231
v 6316.82 574.314 -4173.79
vt 0.78302 0.875464
v 6645.37 810 -4146.67
vt 0.858066 0.787289
v 6665.33 810 -4205.22
vt 0.87353 0.79585
v 6316.16 559.526 -4234.05
vt 0.793775 0.889557
v 6205.99 485.396 -4222.53
vt 0.764876 0.914359
v 6101.4 414.195 -4215.09
vt 0.738074 0.93871
v 5900.54 245.053 -4337.04
vt 0.711282 1.01697
vt 0.720824 1.04624
f 1128/2072/129 1129/2073/129 1184/2074/129 1185/2075/129 1186/2076/129 1187/2077/129 1188/2078/129 1189/2079/129 1190/2080/129 1191/2081/129 1192/2082/129 1193/2083/129 1194/2084/129 1195/2085/129 1196/2086/129 1197/2087/129 1198/2088/129 1199/2089/129 1200/2090/129 1201/2091/129 1202/2092/129 1203/2093/129 1204/2094/129 1205/2095/129 1206/2096/129 1207/2097/129 1208/2098/129 1183/2099/129 

vt 0.184778 0.320044
vt 1.08171 0.837887
f 1204/2094/129 1203/2093/129 1189/2079/129 1188/2078/129 1187/2077/129 1186/2076/129 1185/2075/129 1184/2074/129 1129/2073/129 1107/2100/129 1106/2101/129 1183/2099/129 1208/2098/129 1207/2097/129 1206/2096/129 1205/2095/129 

vt 1.38609 8.0498
v 4930.27 998.564 -1374.43
vt 1.38641 8.04823
v 4991.4 998.564 -1372.87
vt 1.4052 8.04904
v 5005.59 949.309 -1436.33
vt 1.41014 8.02443
v 4896.09 563.411 -1939.15
vt 1.38092 7.82868
v 4853.6 486.905 -2039.36
vt 1.36874 7.7896
vt 1.34913 7.70235
vt 1.36997 7.59601
vt 1.41737 7.55344
f 1107/1990/523 1112/2102/523 1209/2103/523 1210/2104/523 1211/2105/523 1212/2106/523 1213/2107/523 1131/2108/523 1130/2109/523 1129/2110/523 

vt -1.12929 0.465188
vt -1.0875 0.489315
v 4762.56 873.809 -1540.36
vt -1.11931 0.541776
v 4731.25 820.137 -1610.7
vt -1.12452 0.568082
vt -1.24178 0.771178
vt -1.25764 0.763176
vt -1.23376 0.68364
vt -1.22582 0.646467
vt -1.1603 0.474765
vt -1.1451 0.457097
vt -1.13026 0.466316
f 1112/2111/523 1111/2112/523 1214/2113/523 1215/2114/523 1132/2115/523 1131/2116/523 1213/2117/523 1212/2118/523 1211/2119/523 1210/2120/523 1209/2121/523 

v 4755.13 810 -6215.02
vt 0.249947 0.218352
v 4793.27 810 -6188.32
vt 0.248441 0.205136
v 5915.59 810 -5402.76
vt 0.204126 -0.183756
v 5966.42 810 -5367.18
vt 0.202119 -0.201369
v 5951.25 795.628 -5354.08
vt 0.195418 -0.199192
v 5855.44 721.279 -5298.49
vt 0.161441 -0.181915
v 5766.54 649.862 -5242.9
vt 0.12868 -0.166405
v 5676.07 480.023 -5026.03
vt 0.0459949 -0.171431
vt 0.226305 -0.553474
vt 0.36617 0.472723
v 4119.3 317.228 -5847.11
vt 0.0247842 0.333137
v 4527.48 492.865 -5851.16
vt 0.0978692 0.229312
v 4689.51 647.76 -5993.29
vt 0.17014 0.206343
v 4716.9 730.921 -6111.31
vt 0.211294 0.214661
v 4738.36 805.9 -6219.99
vt 0.248527 0.223283
v 4740.48 810 -6225.27
vt 0.250525 0.223427
f 1216/2122/520 1217/2123/520 1218/2124/520 1219/2125/520 1220/2126/520 1221/2127/520 1222/2128/520 1223/2129/520 1183/2071/520 1106/2130/520 1096/2131/520 1224/2132/520 1225/2133/520 1226/2134/520 1227/2135/520 1228/2136/520 1229/2137/520 

v 4118.57 280.546 -5787.1
vt 0.00618283 0.325531
v 4550.33 466.322 -5791.38
vt 0.0834868 0.215713
v 4743.59 651.082 -5960.92
vt 0.169692 0.188315
v 4775.57 748.177 -6098.71
vt 0.217741 0.198027
f 1224/2132/520 1230/2138/520 1231/2139/520 1232/2140/520 1233/2141/520 1217/2123/520 1216/2122/520 1229/2137/520 1228/2136/520 1227/2135/520 1226/2134/520 1225/2133/520 

vt 1.16127 -0.521589
vt 1.17132 -0.504186
v 3802.89 464.491 -5843.98
vt 1.09688 -0.437828
v 3638.08 627.89 -5982.86
vt 1.08125 -0.362151
v 3608.35 714.369 -6100.32
vt 1.09364 -0.321466
v 3584.74 792.272 -6208.55
vt 1.10594 -0.284781
v 3575.53 810 -6230.25
vt 1.10736 -0.276475
v 3526.31 810 -6192.63
vt 1.08967 -0.277016
v 3527.31 808.077 -6190.28
vt 1.08952 -0.277917
v 3549.94 733.423 -6086.56
vt 1.07773 -0.313072
v 3584.65 632.454 -5949.43
vt 1.06326 -0.360574
v 3781.24 437.55 -5783.76
vt 1.08191 -0.450843
f 1230/2142/521 1224/2143/521 1234/2144/521 1235/2145/521 1236/2146/521 1237/2147/521 1238/2148/521 1239/2149/521 1240/2150/521 1241/2151/521 1242/2152/521 1243/2153/521 

vt 1.35573 -0.184778
vt 0.320044 -0.184778
f 1172/2057/521 1171/2056/521 1239/2149/521 1238/2148/521 1237/2147/521 1236/2146/521 1235/2145/521 1234/2144/521 1224/2143/521 1096/2154/521 1095/2155/521 1137/2062/521 1176/2061/521 1175/2060/521 1174/2059/521 1173/2058/521 

v 5824.47 739.294 -5349.89
vt 0.171814 -0.167325
f 1244/2156/520 1219/2125/520 1218/2124/520

f 1219/2125/520 1244/2156/520 1220/2126/520

f 1220/2126/520 1244/2156/520 1221/2127/520

v 5718.52 654.183 -5283.63
vt 0.132771 -0.148841
f 1221/2127/520 1244/2156/520 1245/2157/520

f 1221/2127/520 1245/2157/520 1222/2128/520

v 5612.13 454.451 -5028.59
vt 0.0355319 -0.154752
f 1222/2128/520 1245/2157/520 1246/2158/520

f 1222/2128/520 1246/2158/520 1223/2129/520

f 1223/2129/520 1246/2158/520 1183/2071/520

f 1183/2071/520 1246/2158/520 1182/2070/520

v 4751.72 149.892 -5128.39
vt -0.0851737 0.07816
f 1181/2069/520 1247/2159/520 1180/2068/520

v 4880.85 210 -5137.17
vt -0.0597452 0.0462871
f 1248/2160/520 1247/2159/520 1181/2069/520

v 4583.26 151.319 -5248.66
vt -0.0777972 0.13684
f 1248/2160/520 1249/2161/520 1247/2159/520

f 1249/2161/520 1248/2160/520 1177/2064/520

f 1177/2064/520 1178/2066/520 1249/2161/520

f 1249/2161/520 1178/2066/520 1179/2067/520 1180/2068/520 1247/2159/520 

vn 0.937654 0.167704 -0.304434
f 1097/1983/529 1108/1984/529 1095/1985/529

f 1100/1958/525 1097/1961/525 1108/2005/525

