# Alias OBJ Model File
# Exported from SketchUp, (c) 2000-2012 Trimble Navigation Limited
# File units = centimeters

mtllib gallery room.mtl

g Mesh1 Group1 Model

usemtl FrontColor
v 2789.24 0 0.0910952
vt 27.4506 7.72033e-14
vn -0.995985 4.59686e-16 0.089523
v 2789.24 784 0.0910952
vt 27.4506 169.594
v 2651.17 784 -1958.94
vt -746.259 169.594
v 2651.17 485 -1958.94
vt -746.259 104.915
v 2675.49 485 -1613.9
vt -609.989 104.915
v 2675.49 4.33147e-13 -1613.9
vt -609.989 1.70901e-13
f 1/1/1 2/2/1 3/3/1 4/4/1 5/5/1 6/6/1 

vt -345.976 1.24032e-16
vn 0.00160447 -3.60098e-16 -0.999999
v 2744.82 0 0.000199829
vt -326.226 1.24032e-16
v 2744.82 784 0.000199829
vt -326.226 169.594
vt -345.976 169.594
f 1/7/2 7/8/2 8/9/2 2/10/2 

vt 345.977 0
vn 0 1 -0
vt 326.227 0.0357856
v 2744.83 0 0.0910952
vt 326.23 1.13687e-13
f 1/11/3 7/12/3 9/13/3

vt -325.596 169.594
vn -0.0551816 -3.95103e-16 -0.998476
vt -325.596 -4.40181e-15
v 2739.84 2.6589e-15 0.35173
vt -323.374 -3.82664e-15
v 2739.84 784 0.35173
vt -323.374 169.594
f 8/14/4 7/15/4 10/16/4 11/17/4 

vn 1.25574e-16 1 -1.12871e-17
v 2625.13 0 -1698.24
vt 273.011 668.636
v 2620.14 2.6589e-15 -1697.89
vt 270.793 668.497
vt 324.009 -0.102612
f 7/12/5 12/18/5 13/19/5 10/20/5 

v 2610.28 0 -1908.94
vt 266.409 751.585
v 2605.29 2.6589e-15 -1908.58
vt 264.191 751.447
f 12/18/5 14/21/5 15/22/5 13/19/5 

vt 312.708 -2.07526e-13
vn 0.0551816 -5.15118e-16 0.998476
v 2610.28 784 -1908.94
vt 312.708 169.594
v 2605.29 784 -1908.58
vt 310.486 169.594
vt 310.486 -2.06951e-13
f 14/23/6 16/24/6 17/25/6 15/26/6 

vt 728.078 169.594
vn 0.995985 -7.85833e-15 -0.089523
vt 728.078 1.24446e-12
v 2606.76 0 -1958.94
vt 747.826 1.24446e-12
v 2606.76 784 -1958.94
vt 747.826 169.594
f 16/27/7 14/28/7 18/29/7 19/30/7 

vt 264.842 169.594
vn -3.39864e-15 3.49798e-15 1
vt 264.842 1.48236e-12
v 2651.17 0 -1958.94
vt 284.589 1.48236e-12
vt 284.589 104.915
vt 284.589 169.594
f 19/31/8 18/32/8 20/33/8 4/34/8 3/35/8 

vt -345.977 1.31945e-14
vn -5.8106e-16 -1 5.36941e-17
vt -326.227 0.0357856
vt -324.009 -0.102612
vt -264.191 751.447
vt -266.409 751.585
vt -264.842 771.27
vt -284.589 771.27
f 2/36/9 8/37/9 11/38/9 17/39/9 16/40/9 19/41/9 3/42/9 

vt -25.8099 169.594
vn 0.995985 -2.24293e-15 -0.089523
vt -25.8099 3.53343e-13
vt 644.904 3.53343e-13
vt 728.116 3.53343e-13
vt 728.116 169.594
f 11/43/10 10/44/10 13/45/10 15/46/10 17/47/10 

g Mesh2 Group1 Model

usemtl mramor1
v 2011.23 0 -1.50087
vt -0.420415 2.90145e-16
vn -0.992779 2.99668e-16 -0.119958
v 2011.23 784 -1.50087
vt -0.420415 0.861538
v 2196.69 784 -1958.94
vt -4.35763 0.861538
v 2196.69 0 -1958.94
vt -4.35763 2.90145e-16
v 2108.62 0 -1029.42
vt -2.48799 2.90145e-16
v 2108.62 485 -1029.42
vt -2.48799 0.532967
v 2103.88 485 -979.422
vt -2.38742 0.532967
v 2103.88 0 -979.422
vt -2.38742 2.90145e-16
f 21/48/11 22/49/11 23/50/11 24/51/11 25/52/11 26/53/11 27/54/11 28/55/11 

vt 3.92189 -5.1062e-19
vn -0.00160447 -2.74056e-16 0.999999
v 2055.74 0 -1.40978
vt 4.02244 -5.1062e-19
v 2055.74 784 -1.40978
vt 4.02244 0.861538
vt 3.92189 0.861538
f 21/56/12 29/57/12 30/58/12 22/59/12 

usemtl FrontColor
v 2011.07 0 0.0910952
vt 0 0
v 2055.6 0 0.0910952
vt 19.7974 0
vt 19.8606 0.590895
vt 0.0670613 0.626759
f 31/60/3 32/61/3 29/62/3 21/63/3 

usemtl mramor1
v 2236.48 0 -1908.94
vt -3.85055 6.11439e-17
vn -0.992779 1.25474e-15 -0.119958
vt -0.0137186 6.11439e-17
vt -0.0137186 0.861538
v 2241.21 784 -1958.94
vt -3.95112 0.861538
v 2241.21 0 -1958.94
vt -3.95112 6.11439e-17
f 33/64/13 29/65/13 30/66/13 34/67/13 35/68/13 

vt -0.100892 0.00300175
vn -8.24061e-17 -1 -9.9572e-18
vt -0.509091 3.81805
v 2241.45 -2.03161e-15 -1908.46
vt -0.520333 3.81711
v 2060.72 -2.03161e-15 -0.938156
vt -0.112135 0.0020585
f 29/69/14 33/70/14 36/71/14 37/72/14 

vn -4.12031e-17 -1 -5.64554e-16
v 2241.47 -1.68194e-15 -1908.65
vt -0.520374 3.81749
f 36/71/15 33/70/15 38/73/15

vt -0.519791 3.91805
vn -8.02738e-17 -1 -7.71176e-18
v 2246.19 -2.03161e-15 -1958.46
vt -0.531033 3.91711
v 2241.5 -1.22617e-15 -1908.94
vt -0.520434 3.81805
f 35/74/16 39/75/16 40/76/16 38/73/16 33/70/16 

vt -0.190399 5.27425e-15
vn 0.0740896 -2.43335e-15 -0.997252
vt -0.190399 0.861538
v 2246.19 784 -1958.46
vt -0.201681 0.861538
vt -0.201681 5.27201e-15
f 35/77/17 34/78/17 41/79/17 39/80/17 

vt -0.519791 0.861538
vn 0 1.492e-16 -1
vt -0.519791 -3.21195e-16
vt -0.41922 -3.21195e-16
vt -0.41922 0.861538
f 34/81/18 35/82/18 24/83/18 23/84/18 

vt 3.9219 0.00318394
vn 1.15641e-15 1 1.40422e-16
vt 4.02245 0.00300175
v 2060.72 784 -0.938156
vt 4.03369 0.0020585
vt 4.45259 3.91711
vt 4.44135 3.91805
vt 4.34078 3.91805
f 22/85/19 30/86/19 42/87/19 41/88/19 34/89/19 23/90/19 

vt 0.100288 0.861538
vn -0.0740896 -2.87535e-16 0.997252
vt 0.100288 -1.80385e-18
vt 0.11157 -4.03639e-18
vt 0.11157 0.861538
f 30/91/20 29/92/20 37/93/20 42/94/20 

vt 0.0139768 8.22511e-17
vn 0.992779 -1.55798e-15 0.119958
vt 3.8508 8.22511e-17
vt 3.85118 8.26354e-17
vt 3.85175 8.31362e-17
vt 3.95137 8.22511e-17
vt 3.95137 0.861538
vt 0.0139768 0.861538
f 37/95/21 36/96/21 38/97/21 40/98/21 39/99/21 41/100/21 42/101/21 

g Mesh3 Group2 Model

usemtl Color_M00
v 2863.19 249.837 -6322.89
vt 343.478 98.3611
vn 9.45255e-05 6.52249e-16 1
v 1990.76 249.837 -6322.81
vt 0 98.3611
v 1990.76 1.74415e-14 -6322.81
vt 1.13687e-13 6.86673e-15
v 2427.04 8.72075e-15 -6322.85
vt 171.764 3.43337e-15
v 2863.19 0 -6322.89
vt 343.478 0
f 43/102/22 44/103/22 45/104/22 46/105/22 47/106/22 

usemtl FrontColor
vt 6.1049e-14 -6.41502e-14
vn -6.20662e-16 1 -6.52191e-16
vt 343.478 0.0324674
v 2863.19 249.837 -6332.89
vt 343.478 3.96948
v 1990.76 249.837 -6332.81
vt -0.000372148 3.93701
f 44/107/23 43/108/23 48/109/23 49/110/23 

vn 1 0 -9.45255e-05
v 2863.19 -6.52249e-15 -6332.89
vt 3.93701 -2.56791e-15
vt 3.93701 98.3611
f 43/103/24 47/60/24 50/111/24 48/112/24 

vt -343.478 0.0324674
vn -1.9933e-17 -1 6.52251e-16
vt -171.764 0.0162361
v 2427.04 2.19826e-15 -6332.85
vt -171.763 3.95324
vt -343.478 3.96948
f 47/113/25 46/114/25 51/115/25 50/116/25 

vn -1.99272e-17 -1 6.52251e-16
vt -1.13687e-13 -4.47884e-30
v 1990.76 1.0919e-14 -6332.81
vt 0.000372148 3.93701
f 46/114/26 45/117/26 52/118/26 51/115/26 

vt 1.07463e-17 6.86673e-15
vn -1 -1.15581e-15 9.45255e-05
vt 2.36796e-33 98.3611
vt -3.93701 98.3611
vt -3.93701 4.29882e-15
f 45/119/27 44/120/27 49/121/27 52/122/27 

vt 6.16667e-15 98.3611
vn -9.45255e-05 -6.52249e-16 -1
vt -343.478 98.3611
vt -343.478 4.73317e-30
vt -171.764 3.43337e-15
vt -1.0752e-13 6.86673e-15
f 49/123/28 48/124/28 50/125/28 51/126/28 52/127/28 

g Mesh4 Group3 Model

usemtl mramor1
v 1504.29 -439.6 -8450.64
vt -56.474 0
vn 0 0 -1
v 1504.29 -59.6 -8450.64
vt -56.474 0.76
v 1557.22 -59.6 -8450.64
vt -56.5798 0.76
v 1557.22 -419.6 -8450.64
vt -56.5798 0.04
v 1557.22 -439.6 -8450.64
vt -56.5798 0
f 53/128/29 54/129/29 55/130/29 56/131/29 57/132/29 

v 1325.48 -439.6 -8965.66
vt 2.16728 -4.42211e-16
vn -0.944683 -8.35246e-18 0.327985
vt 3.25762 -4.42211e-16
vt 3.25762 0.76
v 1504.29 -1.7053e-13 -8450.64
vt 3.25762 0.8792
v 1325.48 -1.7053e-13 -8965.66
vt 2.16728 0.8792
f 58/133/30 53/134/30 54/135/30 59/136/30 60/137/30 

vt 56.1163 17.1889
vt 56.474 16.1588
vt 56.5798 16.1588
v 1378.27 -439.6 -8966.07
vt 56.2219 17.1897
v 1325.62 -439.6 -8966.07
vt 56.1166 17.1897
f 58/138/3 53/139/3 57/140/3 61/141/3 62/142/3 

v 3188.22 -439.6 -9207.99
vt 59.8418 17.6735
v 3070.2 -439.6 -9046.52
vt 59.6058 17.3506
v 2927.03 -439.6 -8850.64
vt 59.3194 16.9588
v 1927.03 -439.6 -8850.64
vt 57.3194 16.9588
v 1783.86 -439.6 -9046.52
vt 57.0331 17.3506
v 1665.84 -439.6 -9207.99
vt 56.7971 17.6735
v 1522.67 -439.6 -9403.86
vt 56.5107 18.0653
v 1927.03 -439.6 -8450.64
vt 57.3194 16.1588
v 3296.85 -439.6 -8450.64
vt 60.0591 16.1588
v 3475.8 -439.6 -8966.07
vt 60.417 17.1897
v 3331.39 -439.6 -9403.86
vt 60.1282 18.0653
f 63/143/3 64/144/3 65/145/3 66/146/3 67/147/3 68/148/3 69/149/3 61/141/3 57/140/3 70/150/3 71/151/3 72/152/3 73/153/3 

v 3029.84 -439.6 -9076.03
vt 59.5251 17.4096
v 3147.86 -439.6 -9237.49
vt 59.7611 17.7325
f 74/154/3 64/144/3 63/143/3 75/155/3 

vt 59.2437 -1.72166
vn 0.590099 -2.47519e-14 -0.807331
vt 59.3437 -1.72166
v 3029.84 -50 -9076.03
vt 59.3437 -0.942464
v 3070.2 -50 -9046.52
vt 59.2437 -0.942464
f 64/156/31 74/157/31 76/158/31 77/159/31 

vt 35.1541 -1.72166
vn -0.807331 -7.44768e-14 -0.590099
v 2901.64 -439.6 -8900.64
vt 35.5886 -1.72166
v 2901.64 -2.84217e-13 -8900.64
vt 35.5886 -0.842464
v 3029.84 -1.2335e-11 -9076.03
vt 35.1541 -0.842464
vt 35.1541 -0.942464
f 74/160/32 78/161/32 79/162/32 80/163/32 76/164/32 

vt 47.6621 -1.72166
v 1952.42 -439.6 -8900.64
vt 49.5605 -1.72166
v 1952.42 -2.84217e-13 -8900.64
vt 49.5605 -0.842464
vt 47.6621 -0.842464
f 78/165/29 81/166/29 82/167/29 79/168/29 

v 1824.23 -439.6 -9076.03
vt -19.6475 1.93228e-12
vn 0.807331 -1.41489e-13 -0.590099
v 1824.23 -50 -9076.03
vt -19.6475 0.7792
v 1706.21 -50 -9237.49
vt -19.2475 0.7792
v 1706.21 -439.6 -9237.49
vt -19.2475 1.93228e-12
v 1505.65 -439.6 -9511.88
vt -18.5678 1.93228e-12
v 1505.65 -1.7053e-13 -9511.88
vt -18.5678 0.8792
vt -20.082 0.8792
vt -20.082 1.93228e-12
f 83/169/33 84/170/33 85/171/33 86/172/33 87/173/33 88/174/33 82/175/33 81/176/33 

vt 39.7494 -1.72166
vn -0.590099 5.35449e-14 -0.807331
vt 39.8494 -1.72166
v 1783.86 -50 -9046.52
vt 39.8494 -0.942464
vt 39.7494 -0.942464
f 83/177/34 67/178/34 89/179/34 84/180/34 

vt 56.8778 17.7325
vt 57.1138 17.4096
f 86/181/3 68/148/3 67/147/3 83/182/3 

vt 56.4767 18.2813
f 62/142/3 61/141/3 69/149/3 68/148/3 86/181/3 87/183/3 

vt 33.9356 0
vn 0.949674 0 0.313241
vt 34.8576 0
v 1522.67 -1.7053e-13 -9403.86
vt 34.8576 0.8792
v 1378.27 -1.7053e-13 -8966.07
vt 33.9356 0.8792
f 61/184/35 69/185/35 90/186/35 91/187/35 

vt 20.1328 1.77872e-12
vn -0.807331 1.31207e-13 0.590099
v 1927.03 -2.84217e-13 -8850.64
vt 20.1328 0.8792
vt 18.7623 0.8792
vt 18.7623 1.77872e-12
vt 19.2475 1.77872e-12
v 1665.84 -50 -9207.99
vt 19.2475 0.7792
vt 19.6475 0.7792
vt 19.6475 1.77872e-12
f 66/188/36 92/189/36 90/190/36 69/191/36 68/192/36 93/193/36 89/194/36 67/195/36 

vt 57.3194 -1.72166
vn -1.15506e-14 0 1
vt 59.3194 -1.72166
v 2927.03 -2.84217e-13 -8850.64
vt 59.3194 -0.842464
vt 57.3194 -0.842464
f 66/196/37 65/197/37 94/198/37 92/199/37 

vt 49.181 2.81494e-13
vn 0.807331 4.92382e-14 0.590099
vt 49.181 0.7792
v 3188.22 -50 -9207.99
vt 49.581 0.7792
vt 49.581 2.81494e-13
vt 50.0662 2.81494e-13
v 3331.39 -1.7053e-13 -9403.86
vt 50.0662 0.8792
vt 48.6957 0.8792
vt 48.6957 2.81494e-13
f 64/200/38 77/201/38 95/202/38 63/203/38 73/204/38 96/205/38 94/206/38 65/207/38 

v 3147.86 -50 -9237.49
vt 37.3067 19.3542
vn 3.57588e-14 -1 -4.95343e-14
vt 37.2259 19.2952
vt 37.462 18.9722
vt 37.5427 19.0313
f 97/208/39 95/209/39 77/210/39 76/211/39 

vt 37.883 1.46095e-13
vn -0.590099 7.84539e-15 0.807331
vt 37.883 0.7792
vt 37.783 0.7792
vt 37.783 1.46095e-13
f 63/212/40 95/213/40 97/214/40 75/215/40 

v 3348.41 -439.6 -9511.88
vt -50.2607 1.64963e-13
vn -0.807331 -2.83581e-14 -0.590099
vt -49.581 1.64963e-13
vt -49.581 0.7792
vt -49.181 0.7792
vt -49.181 0.8792
v 3348.41 -1.7053e-13 -9511.88
vt -50.2607 0.8792
f 98/216/41 75/217/41 97/218/41 76/219/41 80/220/41 99/221/41 

v 3528.58 -439.6 -8965.66
vt 60.5225 17.1889
vt 60.1622 18.2813
f 73/153/3 72/152/3 100/222/3 98/223/3 75/155/3 63/143/3 

vt 1.67853 0
vn -0.949674 0 0.313241
vt 2.60052 0
v 3475.8 -1.7053e-13 -8966.07
vt 2.60052 0.8792
vt 1.67853 0.8792
f 73/224/42 72/225/42 101/226/42 96/227/42 

vt -36.0546 -9.16071e-16
vn -0.944683 -1.67189e-17 -0.327985
vt -34.9634 -9.16071e-16
v 3296.85 -419.6 -8450.64
vt -34.9634 0.04
v 3296.85 -59.6 -8450.64
vt -34.9634 0.76
v 3296.85 -2.27374e-13 -8450.64
vt -34.9634 0.8792
vt -36.0546 0.8792
f 72/228/43 71/229/43 102/230/43 103/231/43 104/232/43 101/233/43 

vt -60.5225 17.1889
vn 0 -1 -0
v 3349.77 -439.6 -8450.64
vt -60.1649 16.1588
vt -60.0591 16.1588
vt -60.417 17.1897
f 100/234/44 105/235/44 71/236/44 72/237/44 

vt 34.9981 4.5885e-16
vn 0.944683 -8.35246e-18 0.327985
vt 36.0885 4.5885e-16
v 3528.58 -1.7053e-13 -8965.66
vt 36.0885 0.8792
v 3349.77 -2.27374e-13 -8450.64
vt 34.9981 0.8792
v 3349.77 -59.6 -8450.64
vt 34.9981 0.76
f 105/238/45 100/239/45 106/240/45 107/241/45 108/242/45 

vt -2.63437 0
vn 0.949674 0 -0.313241
vt -1.48403 0
vt -1.48403 0.8792
vt -2.63437 0.8792
f 100/243/46 98/244/46 99/245/46 106/246/46 

vt 59.2687 17.0588
vn 6.02276e-16 1 -6.45444e-16
vt 57.3702 17.0588
v 1557.22 -1.7053e-13 -8450.64
vt 60.1649 16.1588
f 79/247/47 82/248/47 88/183/47 60/138/47 59/139/47 109/140/47 91/141/47 90/149/47 92/146/47 94/145/47 96/153/47 101/152/47 104/151/47 107/249/47 106/222/47 99/223/47 80/154/47 

vt -33.9026 0
vn -0.949674 0 -0.313241
vt -33.9018 0
vt -33.9018 0.8792
vt -35.0521 0.8792
vt -35.0521 0
f 62/250/48 58/251/48 60/252/48 88/253/48 87/254/48 

v 3169.24 -1.7053e-13 -7930.67
vt 59.8039 15.1189
vn -4.34059e-19 1 -1.57098e-17
v 3124.95 0 -7955.53
vt 59.7153 15.1686
v 3013.87 -1.7053e-13 -7820.64
vt 59.4931 14.8988
v 2989.17 -1.7053e-13 -7790.64
vt 59.4437 14.8388
v 2635.68 -1.7053e-13 -7361.37
vt 58.7367 13.9803
v 2218.38 -1.7053e-13 -7361.37
vt 57.9021 13.9803
v 1864.89 -1.7053e-13 -7790.64
vt 57.1952 14.8388
v 1840.19 -1.7053e-13 -7820.64
vt 57.1458 14.8988
v 1729.11 -1.7053e-13 -7955.53
vt 56.9236 15.1686
v 1684.82 -1.7053e-13 -7930.67
vt 56.835 15.1189
v 2194.78 -1.7053e-13 -7311.37
vt 57.8549 13.8803
v 2659.28 -1.7053e-13 -7311.37
vt 58.7839 13.8803
f 110/255/49 107/249/49 104/151/49 111/256/49 112/257/49 113/258/49 114/259/49 115/260/49 116/261/49 117/262/49 118/263/49 109/140/49 59/139/49 119/264/49 120/265/49 121/266/49 

vn 0.944683 4.63019e-17 0.327985
vt 33.8973 0.8792
v 3169.24 -59.6 -7930.67
vt 33.8973 0.76
f 107/241/50 110/267/50 122/268/50 108/242/50 

vt 49.6867 0.8792
vn 0.771961 1.03213e-17 0.63567
vt 48.0822 0.8792
v 2659.28 -59.6 -7311.37
vt 48.0822 0.76
vt 49.6867 0.76
f 110/269/51 121/270/51 123/271/51 122/272/51 

vt 58.7839 0.8792
vn 0 1.57098e-17 1
vt 57.8549 0.8792
v 2194.78 -59.6 -7311.37
vt 57.8549 0.76
vt 58.7839 0.76
f 121/273/52 120/274/52 124/275/52 123/276/52 

vt 26.0616 0.8792
vn -0.771961 9.65119e-18 0.63567
vt 24.4571 0.8792
v 1684.82 -59.6 -7930.67
vt 24.4571 0.76
vt 26.0616 0.76
f 120/277/53 119/278/53 125/279/53 124/280/53 

vt 4.35847 0.8792
vn -0.944683 0 0.327985
vt 4.35847 0.76
f 119/281/54 59/136/54 54/135/54 125/282/54 

vt -56.474 0.8792
vt -56.5798 0.8792
f 59/283/29 109/284/29 55/130/29 54/129/29 

vt -3.29234 0
vn 0.944683 0 -0.327985
vt -2.20113 0
vt -2.20113 0.8792
vt -3.29234 0.8792
vt -3.29234 0.76
vt -3.29234 0.04
f 57/285/55 61/286/55 91/287/55 109/288/55 55/289/55 56/290/55 

v 1567.63 -399.6 -8420.64
vt 3.35586 0.08
vn -0.944683 5.97567e-15 0.327985
v 1578.05 -399.6 -8390.64
vt 3.41937 0.08
v 1578.05 -379.6 -8390.64
vt 3.41937 0.12
v 1588.46 -379.6 -8360.64
vt 3.48288 0.12
v 1588.46 -359.6 -8360.64
vt 3.48288 0.16
v 1598.88 -359.6 -8330.64
vt 3.5464 0.16
v 1598.88 -339.6 -8330.64
vt 3.5464 0.2
v 1609.29 -339.6 -8300.64
vt 3.60991 0.2
v 1609.29 -319.6 -8300.64
vt 3.60991 0.24
v 1619.71 -319.6 -8270.64
vt 3.67342 0.24
v 1619.71 -299.6 -8270.64
vt 3.67342 0.28
v 1630.13 -299.6 -8240.64
vt 3.73694 0.28
v 1630.13 -279.6 -8240.64
vt 3.73694 0.32
v 1640.54 -279.6 -8210.64
vt 3.80045 0.32
v 1640.54 -259.6 -8210.64
vt 3.80045 0.36
v 1650.96 -259.6 -8180.64
vt 3.86396 0.36
v 1650.96 -239.6 -8180.64
vt 3.86396 0.4
v 1661.37 -239.6 -8150.64
vt 3.92748 0.4
v 1661.37 -221 -8150.64
vt 3.92748 0.4372
v 1671.79 -221 -8120.64
vt 3.99099 0.4372
v 1671.79 -199.6 -8120.64
vt 3.99099 0.48
v 1682.2 -199.6 -8090.64
vt 4.0545 0.48
v 1682.2 -179.6 -8090.64
vt 4.0545 0.52
v 1692.62 -179.6 -8060.64
vt 4.11802 0.52
v 1692.62 -159.6 -8060.64
vt 4.11802 0.56
v 1703.04 -159.6 -8030.64
vt 4.18153 0.56
v 1703.04 -139.6 -8030.64
vt 4.18153 0.6
v 1713.45 -139.6 -8000.64
vt 4.24504 0.6
v 1713.45 -119.6 -8000.64
vt 4.24504 0.64
v 1723.87 -119.6 -7970.64
vt 4.30856 0.64
v 1723.87 -97.6 -7970.64
vt 4.30856 0.684
v 1729.11 -97.6 -7955.53
vt 4.34055 0.684
v 1729.11 -59.6 -7955.53
vt 4.34055 0.76
vt 3.29234 0.76
vt 3.29234 0.04
v 1567.63 -419.6 -8420.64
vt 3.35586 0.04
f 126/291/56 127/292/56 128/293/56 129/294/56 130/295/56 131/296/56 132/297/56 133/298/56 134/299/56 135/300/56 136/301/56 137/302/56 138/303/56 139/304/56 140/305/56 141/306/56 142/307/56 143/308/56 144/309/56 145/310/56 146/311/56 147/312/56 148/313/56 149/314/56 150/315/56 151/316/56 152/317/56 153/318/56 154/319/56 155/320/56 156/321/56 157/322/56 158/323/56 55/324/56 56/325/56 159/326/56 

vt 56.6006 16.0988
vn -6.21843e-18 1 7.66225e-17
vt 56.6215 16.0388
v 1933.67 -399.6 -8390.64
vt 57.3327 16.0388
v 1930.35 -399.6 -8420.64
vt 57.3261 16.0988
f 126/327/57 127/328/57 160/329/57 161/330/57 

v 1933.67 -379.6 -8390.64
vt -57.3327 0.12
vn 6.49603e-15 1.11743e-30 -1
vt -57.3327 0.08
vt -56.6215 0.08
vt -56.6215 0.12
f 162/331/58 160/332/58 127/333/58 128/334/58 

v 2920.39 -399.6 -8390.64
vt -59.3062 0.08
vn 7.02358e-15 0 -1
v 1933.67 -359.6 -8390.64
vt -57.3327 0.16
v 2920.39 -359.6 -8390.64
vt -59.3062 0.16
v 2920.39 -379.6 -8390.64
vt -59.3062 0.12
f 163/335/59 160/332/59 162/331/59 164/336/59 165/337/59 166/338/59 

v 2923.71 -399.6 -8420.64
vt 59.3128 16.0988
vn 1.51399e-18 1 -3.7342e-30
v 2927.03 -399.6 -8450.64
vt 59.3194 16.1588
v 1927.03 -399.6 -8450.64
vt 59.3062 16.0388
f 167/339/60 168/340/60 169/150/60 161/330/60 160/329/60 163/341/60 

vt 22.5826 0.08
vn 0.993938 -1.63882e-18 0.109942
vt 22.5222 0.08
v 2923.71 -419.6 -8420.64
vt 22.5222 0.04
v 2927.03 -419.6 -8450.64
vt 22.5826 0.04
f 168/342/61 167/343/61 170/344/61 171/345/61 

v 3286.43 -419.6 -8420.64
vt -60.0382 0.04
vn 6.36892e-14 0 -1
vt -59.3128 0.04
vt -59.3128 0.08
v 3286.43 -399.6 -8420.64
vt -60.0382 0.08
f 172/346/62 170/347/62 167/348/62 173/349/62 

vt 60.0382 16.0988
f 102/151/3 171/340/3 170/339/3 172/350/3 

vt -59.3194 0.08
vn 5.95147e-15 -1.16871e-13 -1
vt -59.3194 0.04
vt -60.0591 0.04
vt -60.0591 1.88843e-12
vt -57.3194 1.88843e-12
v 1927.03 -419.6 -8450.64
vt -57.3194 0.04
vt -57.3194 0.08
f 168/351/63 171/352/63 102/353/63 71/354/63 70/355/63 174/356/63 169/357/63 

vt 60.0591 1.04189e-29
vn 4.36466e-13 4.57259e-30 1
vt 60.1649 1.04189e-29
vt 60.1649 0.76
vt 60.0591 0.76
vt 60.0591 0.04
f 71/358/64 105/359/64 108/360/64 103/361/64 102/362/64 

vt 60.1649 0.8792
vn 4.36466e-13 -8.98634e-40 1
vt 60.0591 0.8792
f 107/363/65 104/364/65 103/361/65 108/360/65 

vn 1.16787e-17 -1 -4.68368e-18
vt -59.8039 15.1189
vt -58.7839 13.8803
vt -57.8549 13.8803
vt -56.835 15.1189
vt -56.474 16.1588
vt -56.5798 16.1588
vt -56.9236 15.1686
v 1766.08 -59.6 -7910.64
vt -56.9975 15.0788
v 1790.78 -59.6 -7880.64
vt -57.0469 15.0188
v 1815.48 -59.6 -7850.64
vt -57.0963 14.9588
v 1840.19 -59.6 -7820.64
vt -57.1458 14.8988
v 1864.89 -59.6 -7790.64
vt -57.1952 14.8388
v 2218.38 -59.6 -7361.37
vt -57.9021 13.9803
v 2635.68 -59.6 -7361.37
vt -58.7367 13.9803
v 2989.17 -59.6 -7790.64
vt -59.4437 14.8388
v 3013.87 -59.6 -7820.64
vt -59.4931 14.8988
v 3038.58 -59.6 -7850.64
vt -59.5425 14.9588
v 3063.28 -59.6 -7880.64
vt -59.5919 15.0188
v 3087.98 -59.6 -7910.64
vt -59.6413 15.0788
v 3124.95 -59.6 -7955.53
vt -59.7153 15.1686
f 108/235/66 122/365/66 123/366/66 124/367/66 125/368/66 54/369/66 55/370/66 158/371/66 175/372/66 176/373/66 177/374/66 178/375/66 179/376/66 180/377/66 181/378/66 182/379/66 183/380/66 184/381/66 185/382/66 186/383/66 187/384/66 103/236/66 

v 1766.08 -79.6 -7910.64
vt 24.5913 0.72
vn -0.771961 -7.63331e-14 0.63567
vt 24.5913 0.76
vt 24.475 0.76
vt 24.475 0.684
v 1741.37 -97.6 -7940.64
vt 24.5136 0.684
v 1741.37 -79.6 -7940.64
vt 24.5136 0.72
f 188/385/67 175/386/67 158/387/67 157/388/67 189/389/67 190/390/67 

v 2154.7 -79.6 -7910.64
vt -57.7748 0.72
vn 8.9166e-15 4.08851e-30 -1
vt -56.9975 0.72
vt -56.9975 0.76
v 2154.7 -59.6 -7910.64
vt -57.7748 0.76
f 191/391/68 188/392/68 175/393/68 192/394/68 

v 2129.99 -79.6 -7940.64
vt 57.7254 15.1388
vn -9.28813e-17 1 -1.1267e-15
vt 56.9481 15.1388
vt 56.9975 15.0788
vt 57.7748 15.0788
f 193/395/69 190/396/69 188/397/69 191/398/69 

vt -57.7254 0.72
v 2129.99 -97.6 -7940.64
vt -57.7254 0.684
vt -56.9481 0.684
vt -56.9481 0.72
f 193/399/29 194/400/29 189/401/29 190/402/29 

v 2105.29 -79.6 -7970.64
vt 24.93 0.72
vn -0.771961 1.73878e-17 0.63567
v 2105.29 -97.6 -7970.64
vt 24.93 0.684
vt 25.0077 0.684
vt 25.0077 0.72
f 195/403/70 196/404/70 194/405/70 193/406/70 

v 3130.19 -102.7 -7970.64
vt -59.7258 0.6738
v 3130.19 -119.6 -7970.64
vt -59.7258 0.64
v 2105.29 -119.6 -7970.64
vt -57.676 0.64
vt -57.676 0.684
vt -57.676 0.72
v 2748.77 -79.6 -7970.64
vt -58.9629 0.72
v 2748.77 -102.7 -7970.64
vt -58.9629 0.6738
f 197/407/29 198/408/29 199/409/29 196/410/29 195/411/29 200/412/29 201/413/29 

vt 33.9472 0.6738
vn 0.944683 1.02531e-15 0.327985
vt 33.9472 0.64
v 3140.61 -119.6 -8000.64
vt 34.0107 0.64
v 3140.61 -143.4 -8000.64
vt 34.0107 0.5924
v 3151.03 -143.4 -8030.64
vt 34.0742 0.5924
v 3151.03 -159.6 -8030.64
vt 34.0742 0.56
v 3161.44 -159.6 -8060.64
vt 34.1377 0.56
v 3161.44 -179.6 -8060.64
vt 34.1377 0.52
v 3171.86 -179.6 -8090.64
vt 34.2013 0.52
v 3171.86 -199.6 -8090.64
vt 34.2013 0.48
v 3182.27 -199.6 -8120.64
vt 34.2648 0.48
v 3182.27 -219.6 -8120.64
vt 34.2648 0.44
v 3192.69 -219.6 -8150.64
vt 34.3283 0.44
v 3192.69 -239.6 -8150.64
vt 34.3283 0.4
v 3203.1 -239.6 -8180.64
vt 34.3918 0.4
v 3203.1 -261.5 -8180.64
vt 34.3918 0.3562
v 3213.52 -261.5 -8210.64
vt 34.4553 0.3562
v 3213.52 -279.6 -8210.64
vt 34.4553 0.32
v 3223.94 -279.6 -8240.64
vt 34.5188 0.32
v 3223.94 -299.6 -8240.64
vt 34.5188 0.28
v 3234.35 -299.6 -8270.64
vt 34.5823 0.28
v 3234.35 -319.6 -8270.64
vt 34.5823 0.24
v 3244.77 -319.6 -8300.64
vt 34.6459 0.24
v 3244.77 -339.6 -8300.64
vt 34.6459 0.2
v 3255.18 -339.6 -8330.64
vt 34.7094 0.2
v 3255.18 -359.6 -8330.64
vt 34.7094 0.16
v 3265.6 -359.6 -8360.64
vt 34.7729 0.16
v 3265.6 -379.6 -8360.64
vt 34.7729 0.12
v 3276.01 -379.6 -8390.64
vt 34.8364 0.12
v 3276.01 -399.6 -8390.64
vt 34.8364 0.08
vt 34.8999 0.08
vt 34.8999 0.04
vt 34.9634 0.04
vt 34.9634 0.76
vt 33.9152 0.76
v 3124.95 -102.7 -7955.53
vt 33.9152 0.6738
f 197/414/71 198/415/71 202/416/71 203/417/71 204/418/71 205/419/71 206/420/71 207/421/71 208/422/71 209/423/71 210/424/71 211/425/71 212/426/71 213/427/71 214/428/71 215/429/71 216/430/71 217/431/71 218/432/71 219/433/71 220/434/71 221/435/71 222/436/71 223/437/71 224/438/71 225/439/71 226/440/71 227/441/71 228/442/71 229/443/71 173/444/71 172/445/71 102/446/71 103/447/71 187/448/71 230/449/71 

vt 59.7466 15.2588
vn 5.92605e-17 1 9.53454e-17
v 2773.47 -119.6 -8000.64
vt 59.0123 15.2588
v 2798.18 -119.6 -8030.64
vt 59.0617 15.3188
v 2055.88 -119.6 -8030.64
vt 57.5771 15.3188
v 2080.59 -119.6 -8000.64
vt 57.6266 15.2588
vt 57.676 15.1988
vt 59.7258 15.1988
f 202/450/72 231/451/72 232/452/72 233/453/72 234/454/72 199/455/72 198/456/72 

vt -59.7466 0.64
vt -59.7466 0.5924
v 2773.47 -143.4 -8000.64
vt -59.0123 0.5924
vt -59.0123 0.64
f 202/457/29 203/458/29 235/459/29 231/460/29 

vt 59.7674 15.3188
vn 3.78184e-30 1 -1.20319e-15
v 2798.18 -143.4 -8030.64
f 204/461/73 236/452/73 235/451/73 203/450/73 

vt -59.7674 0.5924
vn 8.70897e-15 4.17415e-15 -1
vt -59.7674 0.56
v 2055.88 -159.6 -8030.64
vt -57.5771 0.56
v 2055.88 -139.6 -8030.64
vt -57.5771 0.6
vt -57.5771 0.64
vt -59.0617 0.64
vt -59.0617 0.5924
f 204/462/74 205/463/74 237/464/74 238/465/74 233/466/74 232/467/74 236/468/74 

vt 59.7883 15.3788
v 2822.88 -159.6 -8060.64
vt 59.1111 15.3788
v 2847.58 -159.6 -8090.64
vt 59.1605 15.4388
v 2006.48 -159.6 -8090.64
vt 57.4783 15.4388
v 2031.18 -159.6 -8060.64
vt 57.5277 15.3788
f 206/469/3 239/470/3 240/471/3 241/472/3 242/473/3 237/453/3 205/461/3 

vt -59.7883 0.56
vt -59.7883 0.52
v 2822.88 -179.6 -8060.64
vt -59.1111 0.52
vt -59.1111 0.56
f 206/474/29 207/475/29 243/476/29 239/477/29 

vt 59.8091 15.4388
v 2847.58 -179.6 -8090.64
f 208/478/3 244/471/3 243/470/3 207/469/3 

vt -59.8091 0.48
vn 1.60712e-14 3.22843e-15 -1
v 2847.58 -199.6 -8090.64
vt -59.1605 0.48
v 2006.48 -199.6 -8090.64
vt -57.4783 0.48
v 2006.48 -179.6 -8090.64
vt -57.4783 0.52
vt -57.4783 0.56
vt -59.1605 0.56
vt -59.1605 0.52
vt -59.8091 0.52
f 209/479/75 245/480/75 246/481/75 247/482/75 241/483/75 240/484/75 244/485/75 208/486/75 

vt 59.8299 15.4988
v 2872.29 -199.6 -8120.64
vt 59.21 15.4988
f 209/478/3 210/487/3 248/488/3 245/471/3 

vt -59.8299 0.48
vt -59.8299 0.44
v 2872.29 -219.6 -8120.64
vt -59.21 0.44
vt -59.21 0.48
f 210/489/29 211/490/29 249/491/29 248/492/29 

vt 59.8508 15.5588
v 2893.85 -219.6 -8150.64
vt 59.2531 15.5588
v 2893.36 -219.6 -8146.23
vt 59.2521 15.55
f 212/493/3 250/494/3 251/495/3 249/488/3 211/487/3 

vt -59.8508 0.4
vn 7.46909e-15 -4.4134e-16 -1
v 2893.85 -239.6 -8150.64
vt -59.2531 0.4
v 1960.21 -239.6 -8150.64
vt -57.3858 0.4
v 1960.21 -221 -8150.64
vt -57.3858 0.4372
v 1960.21 -199.6 -8150.64
vt -57.3858 0.48
v 2893.85 -199.6 -8150.64
vt -59.2531 0.48
vt -59.2531 0.44
vt -59.8508 0.44
f 213/496/76 252/497/76 253/498/76 254/499/76 255/500/76 256/501/76 250/502/76 212/503/76 

vt 59.8716 15.6188
v 2897.17 -239.6 -8180.64
vt 59.2597 15.6188
f 252/494/3 213/493/3 214/504/3 257/505/3 

vt -59.8716 0.4
vn 3.77546e-14 0 -1
vt -59.8716 0.3562
v 2897.17 -261.5 -8180.64
vt -59.2597 0.3562
vt -59.2597 0.4
f 214/506/77 215/507/77 258/508/77 257/509/77 

vt 59.8924 15.6788
v 2900.48 -261.5 -8210.64
vt 59.2663 15.6788
f 216/510/3 259/511/3 258/505/3 215/504/3 

vt -59.8924 0.32
v 2900.48 -279.6 -8210.64
vt -59.2663 0.32
vt -59.2663 0.3562
vt -59.8924 0.3562
f 217/512/29 260/513/29 259/514/29 216/515/29 

vt 59.9132 15.7388
v 2903.8 -279.6 -8240.64
vt 59.273 15.7388
f 260/511/3 217/510/3 218/516/3 261/517/3 

vt -59.9132 0.32
vt -59.9132 0.28
v 2903.8 -299.6 -8240.64
vt -59.273 0.28
vt -59.273 0.32
f 218/518/29 219/519/29 262/520/29 261/521/29 

vt 59.9341 15.7988
vn 3.38174e-16 1 3.68697e-15
v 2907.12 -299.6 -8270.64
vt 59.2796 15.7988
f 220/522/78 263/523/78 262/517/78 219/516/78 

vt -59.9341 0.24
vn 7.0596e-15 -1.2589e-30 -1
v 2907.12 -319.6 -8270.64
vt -59.2796 0.24
vt -59.2796 0.28
vt -59.9341 0.28
f 221/524/79 264/525/79 263/526/79 220/527/79 

vn 2.96834e-16 1 -3.24081e-15
vt 59.9549 15.8588
v 2910.44 -319.6 -8300.64
vt 59.2863 15.8588
f 264/523/80 221/522/80 222/528/80 265/529/80 

vt -59.9549 0.24
vt -59.9549 0.2
v 2910.44 -339.6 -8300.64
vt -59.2863 0.2
vt -59.2863 0.24
f 222/530/29 223/531/29 266/532/29 265/533/29 

vt 59.9757 15.9188
vn -1.24704e-29 1 1.20319e-15
v 2913.76 -339.6 -8330.64
vt 59.2929 15.9188
f 224/534/81 267/535/81 266/529/81 223/528/81 

vt -59.9757 0.16
vn 2.02983e-14 0 -1
v 2913.76 -359.6 -8330.64
vt -59.2929 0.16
vt -59.2929 0.2
vt -59.9757 0.2
f 225/536/82 268/537/82 267/538/82 224/539/82 

vt 59.9966 15.9788
v 2917.08 -359.6 -8360.64
vt 59.2995 15.9788
f 268/535/3 225/534/3 226/540/3 269/541/3 

vt -59.9966 0.12
v 2917.08 -379.6 -8360.64
vt -59.2995 0.12
vt -59.2995 0.16
vt -59.9966 0.16
f 227/542/29 270/543/29 269/544/29 226/545/29 

vt 60.0174 16.0388
f 228/546/3 166/341/3 270/541/3 227/540/3 

vt -60.0174 0.08
vn 6.49603e-15 -1.11743e-30 -1
vt -60.0174 0.12
f 229/547/83 163/335/83 166/338/83 228/548/83 

vn 6.21843e-18 1 -7.37757e-17
f 163/341/84 229/546/84 173/350/84 167/339/84 

vt 22.4619 0.16
vn 0.993938 1.75556e-18 0.109942
vt 22.4015 0.16
vt 22.4015 0.12
vt 22.4619 0.12
f 165/549/85 269/550/85 270/551/85 166/552/85 

vn 4.91036e-17 1 4.81274e-15
v 1936.99 -359.6 -8360.64
vt 57.3394 15.9788
v 1940.3 -359.6 -8330.64
vt 57.346 15.9188
f 269/541/86 165/341/86 164/329/86 271/553/86 272/554/86 268/535/86 

vt -9.63831 0.16
vn -0.993938 4.68073e-19 0.109942
vt -9.63831 0.12
v 1936.99 -379.6 -8360.64
vt -9.57794 0.12
vt -9.57794 0.16
f 164/555/87 162/556/87 273/557/87 271/558/87 

vt 56.6423 15.9788
f 128/328/3 129/559/3 273/553/3 162/329/3 

vt -57.3394 0.16
vn 6.62831e-14 0 -1
vt -57.3394 0.12
vt -56.6423 0.12
vt -56.6423 0.16
f 271/560/88 273/561/88 129/562/88 130/563/88 

vn -2.10622e-28 1 4.81274e-15
vt 56.6631 15.9188
f 130/559/89 131/564/89 272/554/89 271/553/89 

v 1940.3 -339.6 -8330.64
vt -57.346 0.2
vt -57.346 0.16
vt -56.6631 0.16
vt -56.6631 0.2
f 274/565/82 272/566/82 131/567/82 132/568/82 

vn 2.1358e-14 -1.1015e-43 -1
v 1940.3 -319.6 -8330.64
vt -57.346 0.24
v 2913.76 -319.6 -8330.64
vt -59.2929 0.24
f 268/537/90 272/566/90 274/565/90 275/569/90 276/570/90 267/538/90 

vt -9.51758 0.24
vn -0.993938 -1.69199e-18 0.109942
vt -9.51758 0.2
v 1943.62 -339.6 -8300.64
vt -9.45721 0.2
v 1943.62 -319.6 -8300.64
vt -9.45721 0.24
f 275/571/91 274/572/91 277/573/91 278/574/91 

vt 56.684 15.8588
vt 57.3526 15.8588
f 132/564/3 133/575/3 277/576/3 274/554/3 

vt -57.3526 0.24
vn 3.45487e-14 0 -1
vt -57.3526 0.2
vt -56.684 0.2
vt -56.684 0.24
f 278/577/92 277/578/92 133/579/92 134/580/92 

vn -1.6191e-16 1 -1.76772e-15
vt 56.7048 15.7988
v 1946.94 -319.6 -8270.64
vt 57.3593 15.7988
f 134/575/93 135/581/93 279/582/93 278/576/93 

v 1946.94 -299.6 -8270.64
vt -57.3593 0.28
vn 7.0596e-15 -1.21935e-30 -1
vt -57.3593 0.24
vt -56.7048 0.24
vt -56.7048 0.28
f 280/583/94 279/584/94 135/585/94 136/586/94 

vn 7.21777e-15 -6.17968e-31 -1
v 1946.94 -279.6 -8270.64
vt -57.3593 0.32
v 2907.12 -279.6 -8270.64
vt -59.2796 0.32
f 264/525/95 279/584/95 280/583/95 281/587/95 282/588/95 263/526/95 

vn 3.11111e-17 1 -2.40637e-15
f 265/529/96 276/535/96 275/554/96 278/576/96 279/582/96 264/523/96 

vt 22.3411 0.24
vn 0.993938 7.18286e-19 0.109942
vt 22.2808 0.24
vt 22.2808 0.2
vt 22.3411 0.2
f 276/589/97 265/590/97 266/591/97 267/592/97 

vt -9.39684 0.32
vn -0.993938 0 0.109942
vt -9.39684 0.28
v 1950.26 -299.6 -8240.64
vt -9.33648 0.28
v 1950.26 -279.6 -8240.64
vt -9.33648 0.32
f 281/593/98 280/594/98 283/595/98 284/596/98 

vt 56.7256 15.7388
vt 57.3659 15.7388
f 136/581/3 137/597/3 283/598/3 280/582/3 

vt -57.3659 0.32
vn 3.60805e-14 0 -1
vt -57.3659 0.28
vt -56.7256 0.28
vt -56.7256 0.32
f 284/599/99 283/600/99 137/601/99 138/602/99 

vt 56.7465 15.6788
v 1953.58 -279.6 -8210.64
vt 57.3725 15.6788
f 138/597/3 139/603/3 285/604/3 284/598/3 

v 1953.58 -259.6 -8210.64
vt -57.3725 0.36
vt -57.3725 0.32
vt -56.7465 0.32
vt -56.7465 0.36
f 286/605/29 285/606/29 139/607/29 140/608/29 

v 1953.58 -239.6 -8210.64
vt -57.3725 0.4
v 2900.48 -239.6 -8210.64
vt -59.2663 0.4
f 260/513/29 285/606/29 286/605/29 287/609/29 288/610/29 259/514/29 

f 285/604/3 260/511/3 261/517/3 282/523/3 281/582/3 284/598/3 

vt 22.2204 0.32
vn 0.993938 1.84628e-18 0.109942
vt 22.16 0.32
vt 22.16 0.28
vt 22.2204 0.28
f 282/611/100 261/612/100 262/613/100 263/614/100 

vt -9.27611 0.4
vt -9.27611 0.36
v 1956.9 -259.6 -8180.64
vt -9.21575 0.36
v 1956.9 -239.6 -8180.64
vt -9.21575 0.4
f 287/615/98 286/616/98 289/617/98 290/618/98 

vt 56.7673 15.6188
vt 57.3792 15.6188
f 140/603/3 141/619/3 289/620/3 286/604/3 

vt -57.3792 0.4
vt -57.3792 0.36
vt -56.7673 0.36
vt -56.7673 0.4
f 290/621/29 289/622/29 141/623/29 142/624/29 

vt 1.26947 1.67855
vt 1.26283 1.73855
vt 0.650955 1.73855
vt 0.671786 1.67855
f 253/625/3 290/626/3 142/627/3 143/628/3 

vt 57.3858 15.5588
f 253/629/3 252/494/3 257/505/3 288/511/3 287/604/3 290/620/3 

vt 22.0997 0.4
vn 0.993938 0 0.109942
vt 22.0393 0.4
vt 22.0393 0.3562
vt 22.0997 0.3562
f 288/630/101 257/631/101 258/632/101 259/633/101 

vn 7.73024e-15 0 -1
vt -56.7881 0.4
vt -56.7881 0.4372
f 254/499/102 253/498/102 143/634/102 144/635/102 

vt -9.15538 0.4372
vt -9.15538 0.4
v 1960.7 -239.6 -8146.23
vt -9.1465 0.4
v 1960.7 -221 -8146.23
vt -9.1465 0.4372
f 254/636/98 253/637/98 291/638/98 292/639/98 

vt 56.809 15.4988
v 1981.77 -221 -8120.64
vt 57.4289 15.4988
vt 57.3868 15.55
vt 56.7881 15.5588
f 145/640/3 293/641/3 292/642/3 254/629/3 144/643/3 

v 1981.77 -199.6 -8120.64
vt -57.4289 0.48
vn 3.72618e-14 0 -1
vt -57.4289 0.4372
vt -56.809 0.4372
vt -56.809 0.48
f 294/644/103 293/645/103 145/646/103 146/647/103 

v 1960.7 -199.6 -8146.23
vt 24.475 0.48
vn -0.771961 9.43526e-19 0.63567
vt 24.475 0.4372
vt 24.5413 0.4372
vt 24.5413 0.48
f 295/648/104 292/649/104 293/650/104 294/651/104 

vt -9.15538 0.48
vt -9.1465 0.48
f 255/652/98 254/636/98 292/639/98 295/653/98 

v 2893.36 -199.6 -8146.23
vn 9.91477e-18 1 1.29804e-15
f 296/495/105 256/494/105 255/629/105 295/642/105 294/641/105 246/472/105 245/471/105 248/488/105 

vt 21.97 0.48
vn 0.993938 -2.64506e-30 0.109942
vt 21.97 0.44
vt 21.9789 0.44
vt 21.9789 0.48
f 296/654/106 251/655/106 250/656/106 256/657/106 

vt 49.6688 0.48
vn 0.771961 -1.17452e-17 0.63567
vt 49.6025 0.48
vt 49.6025 0.44
vt 49.6688 0.44
f 296/658/107 248/659/107 249/660/107 251/661/107 

vn 5.81625e-17 1 5.67549e-16
vt 56.8298 15.4388
f 246/472/108 294/641/108 146/640/108 147/662/108 

vn 1.4248e-14 5.44821e-31 -1
vt -56.8298 0.48
vt -56.8298 0.52
f 247/482/109 246/481/109 147/663/109 148/664/109 

vt 56.8506 15.3788
v 2031.18 -179.6 -8060.64
f 149/665/3 297/473/3 247/472/3 148/662/3 

vt -57.5277 0.56
vn 6.82335e-14 0 -1
vt -57.5277 0.52
vt -56.8506 0.52
vt -56.8506 0.56
f 242/666/110 297/667/110 149/668/110 150/669/110 

vt 24.6191 0.56
vn -0.771961 0 0.63567
vt 24.6191 0.52
vt 24.6968 0.52
vt 24.6968 0.56
f 241/670/111 247/671/111 297/672/111 242/673/111 

vt 56.8715 15.3188
f 237/453/3 242/473/3 150/665/3 151/674/3 

vn 6.54706e-15 0 -1
vt -56.8715 0.56
vt -56.8715 0.6
f 238/465/112 237/464/112 151/675/112 152/676/112 

vt 56.8923 15.2588
v 2080.59 -139.6 -8000.64
f 153/677/3 298/454/3 238/453/3 152/674/3 

vt -57.6266 0.64
vn 6.29227e-14 -5.24681e-41 -1
vt -57.6266 0.6
vt -56.8923 0.6
vt -56.8923 0.64
f 234/678/113 298/679/113 153/680/113 154/681/113 

vt 24.7745 0.64
vn -0.771961 -6.437e-28 0.63567
vt 24.7745 0.6
vt 24.8522 0.6
vt 24.8522 0.64
f 233/682/114 238/683/114 298/684/114 234/685/114 

vt 56.9131 15.1988
f 234/454/3 154/677/3 155/686/3 199/455/3 

vt -56.9131 0.64
vt -56.9131 0.684
f 196/410/29 199/409/29 155/687/29 156/688/29 

vn -5.02746e-16 1 5.17811e-15
f 157/263/115 189/396/115 194/395/115 196/455/115 156/686/115 

vt 49.5247 0.56
vn 0.771961 0 0.63567
vt 49.447 0.56
vt 49.447 0.52
vt 49.5247 0.52
f 240/689/116 239/690/116 243/691/116 244/692/116 

vt 49.3693 0.64
vn 0.771961 -2.62365e-18 0.63567
vt 49.2916 0.64
vt 49.2916 0.5924
vt 49.3693 0.5924
f 232/693/117 231/694/117 235/695/117 236/696/117 

vt 49.6688 0.76
vn 0.771961 1.066e-14 0.63567
vt 49.5525 0.76
v 3087.98 -79.6 -7910.64
vt 49.5525 0.72
v 3112.69 -79.6 -7940.64
vt 49.6302 0.72
v 3112.69 -102.7 -7940.64
vt 49.6302 0.6738
vt 49.6688 0.6738
f 187/697/118 186/698/118 299/699/118 300/700/118 301/701/118 230/702/118 

vt -59.6413 0.72
vn 8.9166e-15 -7.4351e-42 -1
v 2699.36 -79.6 -7910.64
vt -58.8641 0.72
v 2699.36 -59.6 -7910.64
vt -58.8641 0.76
vt -59.6413 0.76
f 299/703/119 302/704/119 303/705/119 186/706/119 

vt 59.6908 15.1388
v 2724.07 -79.6 -7940.64
vt 58.9135 15.1388
vt 58.8641 15.0788
vt 59.6413 15.0788
f 300/707/3 304/708/3 302/709/3 299/710/3 

vt -59.6908 0.72
vt -59.6908 0.6738
v 2724.07 -102.7 -7940.64
vt -58.9135 0.6738
vt -58.9135 0.72
f 300/711/29 301/712/29 305/713/29 304/714/29 

vn 9.26044e-17 1 1.26831e-15
vt 58.9629 15.1988
f 301/707/120 230/256/120 197/456/120 201/715/120 305/708/120 

vt 49.2138 0.72
vn 0.771961 -1.34244e-18 0.63567
vt 49.1361 0.72
vt 49.1361 0.6738
vt 49.2138 0.6738
f 200/716/121 304/717/121 305/718/121 201/719/121 

vn -4.03204e-17 1 -2.62598e-29
f 195/455/122 193/395/122 191/398/122 302/709/122 304/708/122 200/715/122 

vn 8.48269e-15 0 -1
v 2154.7 -39.6 -7910.64
vt -57.7748 0.8
v 2699.36 -39.6 -7910.64
vt -58.8641 0.8
f 302/704/123 191/391/123 192/394/123 306/720/123 307/721/123 303/705/123 

vt 25.0854 0.8
vn -0.771961 -1.1837e-17 0.63567
vt 25.0854 0.76
v 2179.4 -59.6 -7880.64
vt 25.1631 0.76
v 2179.4 -39.6 -7880.64
vt 25.1631 0.8
f 306/722/124 192/723/124 308/724/124 309/725/124 

vn -5.57288e-16 1 7.67801e-15
vt 57.0469 15.0188
vt 57.8242 15.0188
f 175/397/125 176/726/125 308/727/125 192/398/125 

vt -57.8242 0.8
vn 2.9722e-14 6.82094e-30 -1
vt -57.8242 0.76
vt -57.0469 0.76
v 1790.78 -39.6 -7880.64
vt -57.0469 0.8
f 309/728/126 308/729/126 176/730/126 310/731/126 

vt -24.6691 0.8
vn 0.771961 -1.94063e-17 -0.63567
v 1815.48 -39.6 -7850.64
vt -24.7468 0.8
vt -24.7468 0.76
vt -24.6691 0.76
f 310/732/127 311/733/127 177/734/127 176/735/127 

vn 1.85763e-16 1 -2.55934e-15
vt 57.0963 14.9588
v 2204.1 -39.6 -7850.64
vt 57.8736 14.9588
f 309/727/128 310/726/128 311/736/128 312/737/128 

vt -57.8736 0.8
vt -57.0963 0.8
v 1815.48 -18 -7850.64
vt -57.0963 0.8432
v 2204.1 -18 -7850.64
vt -57.8736 0.8432
f 312/738/29 311/739/29 313/740/29 314/741/29 

vt -24.7468 0.8432
vn 0.771961 1.99293e-17 -0.63567
v 1840.19 -18 -7820.64
vt -24.8245 0.8432
vt -24.8245 0.76
f 313/742/129 315/743/129 178/744/129 177/734/129 311/733/129 

v 2228.81 -18 -7820.64
vt 57.923 14.8988
f 313/736/128 315/262/128 316/745/128 314/737/128 

v 2228.81 0.4 -7820.64
vt -57.923 0.88
vt -57.923 0.8432
vt -57.1458 0.8432
vt -57.1458 0.8792
v 1840.19 0.4 -7820.64
vt -57.1458 0.88
f 317/746/29 316/747/29 315/748/29 117/749/29 318/750/29 

v 2204.1 0.4 -7850.64
vt 25.2409 0.88
vn -0.771961 6.58973e-18 0.63567
vt 25.2409 0.8432
vt 25.3186 0.8432
vt 25.3186 0.88
f 319/751/130 314/752/130 316/753/130 317/754/130 

v 2649.96 -39.6 -7850.64
vt -58.7653 0.8
vt -57.8736 0.88
v 2649.96 0.4 -7850.64
vt -58.7653 0.88
v 2649.96 -19.6 -7850.64
vt -58.7653 0.84
f 320/755/29 312/738/29 314/741/29 319/756/29 321/757/29 322/758/29 

vn -7.27244e-30 1 2.40637e-15
vt 58.7653 14.9588
v 2674.66 -39.6 -7880.64
vt 58.8147 15.0188
f 306/398/131 309/727/131 312/737/131 320/759/131 323/760/131 307/709/131 

v 3038.58 -39.6 -7850.64
vt 59.5425 14.9588
v 3063.28 -39.6 -7880.64
vt 59.5919 15.0188
f 320/759/3 324/761/3 325/762/3 323/760/3 

vt -59.5425 0.8
v 3038.58 -19.6 -7850.64
vt -59.5425 0.84
f 324/763/29 320/755/29 322/758/29 326/764/29 

v 3013.87 -19.6 -7820.64
v 2625.25 -19.6 -7820.64
vt 58.7159 14.8988
f 327/257/3 326/761/3 322/759/3 328/765/3 

vt -49.3193 0.84
vn -0.771961 -2.63589e-17 -0.63567
vt -49.397 0.84
vt -49.397 0.8
vt -49.397 0.76
vt -49.3193 0.76
f 327/766/132 326/767/132 324/768/132 184/769/132 183/770/132 

vn -0.771961 6.437e-28 -0.63567
vt -49.4747 0.8
vt -49.4747 0.76
f 324/768/133 325/771/133 185/772/133 184/769/133 

vt -59.5919 0.8
vt -59.5919 0.76
v 2674.66 -59.6 -7880.64
vt -58.8147 0.76
vt -58.8147 0.8
f 325/773/29 185/774/29 329/775/29 323/776/29 

vn -2.14754e-29 1 4.81274e-15
f 185/762/134 186/710/134 303/709/134 329/760/134 

vt 49.0584 0.8
vn 0.771961 -1.31795e-17 0.63567
vt 48.9807 0.8
vt 48.9807 0.76
vt 49.0584 0.76
f 307/777/135 323/778/135 329/779/135 303/780/135 

vt -49.2416 0.76
vn -0.771961 -2.75954e-28 -0.63567
vt -49.2416 0.8792
vt -49.3193 0.8792
f 182/781/136 113/782/136 112/783/136 327/766/136 183/770/136 

vt -48.1294 0.8792
vn -0.771961 0 -0.63567
v 2635.68 0.4 -7361.37
vt -48.1294 0.88
v 2989.17 0.4 -7790.64
vt -49.2416 0.88
vt -48.1294 0.76
f 114/784/137 330/785/137 331/786/137 113/782/137 182/781/137 181/787/137 

vt -57.9021 0.8792
v 2218.38 0.4 -7361.37
vt -57.9021 0.88
vt -58.7367 0.88
vt -58.7367 0.8792
vt -58.7367 0.76
vt -57.9021 0.76
f 115/788/29 332/789/29 330/790/29 114/791/29 181/792/29 180/793/29 

vt -24.9022 0.8792
vn 0.771961 0 -0.63567
v 1864.89 0.4 -7790.64
vt -24.9022 0.88
vt -26.0144 0.88
vt -26.0144 0.8792
vt -26.0144 0.76
vt -24.9022 0.76
f 116/794/138 333/795/138 332/796/138 115/797/138 180/798/138 179/799/138 

vn 0.771961 -1.72792e-15 -0.63567
vt -24.8245 0.8792
vt -24.8245 0.88
f 333/795/139 116/794/139 117/800/139 318/801/139 

vn 0.771961 -2.86982e-17 -0.63567
f 315/743/140 117/800/140 116/794/140 179/799/140 178/744/140 

v 2253.51 0.4 -7790.64
vt 57.9724 14.8388
f 317/745/3 318/262/3 333/261/3 334/802/3 

v 2600.55 0.4 -7790.64
vt 58.6665 14.8388
f 333/261/3 332/260/3 330/259/3 331/258/3 335/803/3 334/802/3 

v 3013.87 0.4 -7820.64
v 2625.25 0.4 -7820.64
f 336/257/3 337/765/3 335/803/3 331/258/3 

vt -59.4931 0.8792
vn -5.9444e-14 2.63492e-29 -1
vt -59.4931 0.84
vt -58.7159 0.84
vt -58.7159 0.88
vt -59.4931 0.88
f 112/804/141 327/805/141 328/806/141 337/807/141 336/808/141 

vt 48.903 0.88
vt 48.8252 0.88
vt 48.8252 0.84
vt 48.903 0.84
f 321/809/116 337/810/116 328/811/116 322/812/116 

f 319/737/3 317/745/3 334/802/3 335/803/3 337/765/3 321/759/3 

vt -49.3193 0.88
f 336/813/137 112/783/137 113/782/137 331/786/137 

vt -57.3194 0
vn 3.12334e-14 0 -1
f 70/814/142 57/132/142 56/131/142 174/356/142 

v 1930.35 -419.6 -8420.64
f 174/150/3 56/140/3 159/327/3 338/330/3 

vt -57.3261 0.08
vn 3.18446e-14 0 -1
vt -57.3261 0.04
vt -56.6006 0.04
vt -56.6006 0.08
f 161/815/143 338/816/143 159/817/143 126/818/143 

vt -9.75904 0.08
vn -0.993938 5.63996e-19 0.109942
vt -9.75904 0.04
vt -9.69867 0.04
vt -9.69867 0.08
f 169/819/144 174/820/144 338/821/144 161/822/144 

vt 56.3831 2.39696e-18
vn 0.590099 9.00874e-19 0.807331
vt 56.3831 0.7792
vt 56.2831 0.7792
vt 56.2831 2.39696e-18
f 86/823/145 85/824/145 93/825/145 68/826/145 

vt 39.3944 19.2952
vn -2.91411e-16 -1 2.13e-16
vt 39.3137 19.3542
vt 39.0777 19.0313
vt 39.1584 18.9722
f 93/827/146 85/828/146 84/829/146 89/830/146 

g Mesh5 Group4 Model

v 3002.42 -679.6 -9755.94
vt -40.6057 0.62376
vn 1 0 -0
v 3002.42 -699.6 -9755.94
vt -40.6057 0.58376
v 3002.42 -699.6 -9785.94
vt -40.5457 0.58376
v 3002.42 -679.6 -9785.94
vt -40.5457 0.62376
f 339/831/147 340/832/147 341/833/147 342/834/147 

v 3331.51 -679.6 -9755.94
vt -66.2368 0.08
v 3331.51 -699.6 -9755.94
vt -66.2368 0.04
vt -65.5786 0.04
vt -65.5786 0.08
f 343/835/29 344/836/29 340/837/29 339/838/29 

v 3342.26 -699.6 -9785.94
vt -40.2684 0.04
vn -0.941358 0 -0.337408
vt -40.2047 0.04
vt -40.2047 0.08
v 3331.51 -439.6 -9755.94
vt -40.2047 0.56
v 3342.26 -439.6 -9785.94
vt -40.2684 0.56
f 345/839/148 344/840/148 343/841/148 346/842/148 347/843/148 

vt 6.66302 19.5119
vt 6.68452 19.5719
vt 6.00483 19.5719
vt 6.00483 19.5119
f 344/844/3 345/845/3 341/846/3 340/847/3 

v 3342.26 -719.6 -9785.94
vt -125.832 0.54376
vn 3.39878e-14 0 -1
v 3002.42 -719.6 -9785.94
vt -125.152 0.54376
vt -125.152 0.58376
vt -125.832 0.58376
f 348/848/149 349/849/149 341/850/149 345/851/149 

v 1851.64 -719.6 -9785.94
vt 63.2771 19.0281
vt 65.5786 19.0281
vt 66.2583 19.0281
v 3527.8 -719.6 -10303.6
vt 66.6294 20.0634
v 3381.37 -719.6 -10747.5
vt 66.3365 20.9513
v 3183.96 -719.6 -10477.5
vt 65.9417 20.4111
v 3065.94 -719.6 -10316
vt 65.7057 20.0882
v 2927.03 -719.6 -10125.9
vt 65.4278 19.7081
v 1927.03 -719.6 -10125.9
vt 63.4278 19.7081
v 1788.12 -719.6 -10316
vt 63.15 20.0882
v 1670.1 -719.6 -10477.5
vt 62.914 20.4111
v 1472.69 -719.6 -10747.5
vt 62.5192 20.9513
v 1326.26 -719.6 -10303.6
vt 62.2263 20.0634
v 1511.8 -719.6 -9785.94
vt 62.5974 19.0281
f 350/852/3 349/853/3 348/854/3 351/855/3 352/856/3 353/857/3 354/858/3 355/859/3 356/860/3 357/861/3 358/862/3 359/863/3 360/864/3 361/865/3 

vt -122.851 0.54376
v 1851.64 -699.6 -9785.94
vt -122.851 0.58376
v 1851.64 -679.6 -9785.94
vt -122.851 0.62376
vt -125.152 0.62376
f 349/849/29 350/866/29 362/867/29 363/868/29 342/869/29 341/850/29 

vn 6.79755e-14 0 -1
vt -122.171 0.54376
v 1511.8 -699.6 -9785.94
vt -122.171 0.58376
f 350/866/150 361/870/150 364/871/150 362/867/150 

vt -3.20859 3.20032e-14
vn 0.941358 -4.88745e-16 -0.337408
vt -2.10881 3.20032e-14
v 1326.26 -439.6 -10303.6
vt -2.10881 0.56
v 1511.8 -439.6 -9785.94
vt -3.20859 0.56
vt -3.20859 0.04
f 361/872/151 360/873/151 365/874/151 366/875/151 364/876/151 

vt 38.5456 0
vt 39.4805 0
v 1472.69 -439.6 -10747.5
vt 39.4805 0.56
vt 38.5456 0.56
f 360/877/35 359/878/35 367/879/35 365/880/35 

vt 19.9779 0
vn -0.807331 0 0.590099
vt 20.6469 0
v 1670.1 -439.6 -10477.5
vt 20.6469 0.56
vt 19.9779 0.56
f 359/881/152 358/882/152 368/883/152 367/884/152 

vt 62.837 0
vn 0.590099 0 0.807331
v 1710.47 -719.6 -10507
vt 62.937 0
v 1710.47 -439.6 -10507
vt 62.937 0.56
vt 62.837 0.56
f 358/885/153 369/886/153 370/887/153 368/888/153 

v 1828.49 -719.6 -10345.5
vt 63.2308 20.1472
vt 62.9947 20.4702
f 358/862/3 357/861/3 371/889/3 369/890/3 

vt -122.511 0.54376
vn -0.590099 0 -0.807331
vt -122.411 0.54376
v 1788.12 -219.6 -10316
vt -122.411 1.54376
v 1828.49 -219.6 -10345.5
vt -122.511 1.54376
f 371/891/154 357/892/154 372/893/154 373/894/154 

vt -38.5268 0.54376
vt -38.0561 0.54376
v 1927.03 -219.6 -10125.9
vt -38.0561 1.54376
vt -38.5268 1.54376
f 357/895/152 356/896/152 374/897/152 372/898/152 

vt 3.85406 0.54376
vn 0 0 1
vt 5.85406 0.54376
v 2927.03 -219.6 -10125.9
vt 5.85406 1.54376
vt 3.85406 1.54376
f 356/899/155 355/900/155 375/901/155 374/902/155 

vt -5.0539 0.54376
vn 0.807331 0 0.590099
vt -4.5831 0.54376
v 3065.94 -219.6 -10316
vt -4.5831 1.54376
vt -5.0539 1.54376
f 355/903/156 354/904/156 376/905/156 375/906/156 

vt -100.766 0.54376
vn 0.590099 0 -0.807331
v 3025.57 -719.6 -10345.5
vt -100.666 0.54376
v 3025.57 -219.6 -10345.5
vt -100.666 1.54376
vt -100.766 1.54376
f 354/907/157 377/908/157 378/909/157 376/910/157 

v 3143.59 -719.6 -10507
vt 65.861 20.4702
vt 65.6249 20.1472
f 354/858/3 353/857/3 379/911/3 377/912/3 

vt 41.0922 0
vn -0.590099 0 0.807331
vt 41.1922 0
v 3183.96 -439.6 -10477.5
vt 41.1922 0.56
v 3143.59 -439.6 -10507
vt 41.0922 0.56
f 379/913/158 353/914/158 380/915/158 381/916/158 

vt 55.3907 0
vt 56.0598 0
v 3381.37 -439.6 -10747.5
vt 56.0598 0.56
vt 55.3907 0.56
f 353/917/156 352/918/156 382/919/156 380/920/156 

vt 0.882442 0
vt 1.81739 0
v 3527.8 -439.6 -10303.6
vt 1.81739 0.56
vt 0.882442 0.56
f 352/921/42 351/922/42 383/923/42 382/924/42 

vt -41.3682 0
vt -40.2684 0
vt -41.3682 0.56
f 351/925/148 348/926/148 345/839/148 347/843/148 383/927/148 

v 1706.21 -439.6 -9237.49
vt 62.9862 17.9312
vn -1.26129e-17 1 -3.80479e-17
v 1665.84 -439.6 -9207.99
vt 62.9055 17.8722
v 1927.03 -439.6 -8850.64
vt 63.4278 17.1575
v 2927.03 -439.6 -8850.64
vt 65.4278 17.1575
v 3183.96 -439.6 -9202.15
vt 65.9417 17.8605
v 3188.22 -439.6 -9207.99
vt 65.9502 17.8722
v 3580.67 -439.6 -10302.9
vt 66.7351 20.0621
v 3398.39 -439.6 -10855.6
vt 66.3706 21.1673
vt 66.2368 18.9681
v 3320.76 -439.6 -9725.94
vt 66.2153 18.9081
v 3310 -439.6 -9695.94
vt 66.1938 18.8481
v 3299.25 -439.6 -9665.94
vt 66.1723 18.7881
v 3288.5 -439.6 -9635.94
vt 66.1508 18.7281
v 3277.75 -439.6 -9605.94
vt 66.1293 18.6681
v 3266.99 -439.6 -9575.94
vt 66.1078 18.6081
v 3256.24 -439.6 -9545.94
vt 66.0863 18.5481
v 3245.49 -439.6 -9515.94
vt 66.0648 18.4881
v 3234.73 -439.6 -9485.94
vt 66.0433 18.4281
v 3223.98 -439.6 -9455.94
vt 66.0217 18.3681
v 3213.23 -439.6 -9425.94
vt 66.0002 18.3081
v 3202.48 -439.6 -9395.94
vt 65.9787 18.2481
v 3191.72 -439.6 -9365.94
vt 65.9572 18.1881
v 3143.59 -439.6 -9231.66
vt 65.861 17.9196
v 2901.64 -439.6 -8900.64
vt 65.3771 17.2575
v 1952.42 -439.6 -8900.64
vt 63.4786 17.2575
v 1710.47 -439.6 -9231.66
vt 62.9947 17.9196
f 384/928/159 385/929/159 386/930/159 387/931/159 388/932/159 389/933/159 390/934/159 391/935/159 381/911/159 380/857/159 382/856/159 383/855/159 347/854/159 346/936/159 392/937/159 393/938/159 394/939/159 395/940/159 396/941/159 397/942/159 398/943/159 399/944/159 400/945/159 401/946/159 402/947/159 403/948/159 404/949/159 405/950/159 406/951/159 407/952/159 408/953/159 

vn -1.56291e-16 1 -1.40172e-16
v 1606.25 -439.6 -10649.5
vt 62.7863 20.7553
v 1455.67 -439.6 -10855.6
vt 62.4851 21.1673
v 1273.39 -439.6 -10302.9
vt 62.1206 20.0621
v 1662.34 -439.6 -9365.94
vt 62.8985 18.1881
v 1651.59 -439.6 -9395.94
vt 62.877 18.2481
v 1640.83 -439.6 -9425.94
vt 62.8554 18.3081
v 1630.08 -439.6 -9455.94
vt 62.8339 18.3681
v 1619.33 -439.6 -9485.94
vt 62.8124 18.4281
v 1608.57 -439.6 -9515.94
vt 62.7909 18.4881
v 1597.82 -439.6 -9545.94
vt 62.7694 18.5481
v 1587.07 -439.6 -9575.94
vt 62.7479 18.6081
v 1576.32 -439.6 -9605.94
vt 62.7264 18.6681
v 1565.56 -439.6 -9635.94
vt 62.7049 18.7281
v 1554.81 -439.6 -9665.94
vt 62.6834 18.7881
v 1544.06 -439.6 -9695.94
vt 62.6619 18.8481
v 1533.3 -439.6 -9725.94
vt 62.6404 18.9081
v 1522.55 -439.6 -9755.94
vt 62.6189 18.9681
f 368/862/160 370/890/160 409/954/160 410/955/160 411/956/160 385/929/160 384/928/160 408/953/160 412/957/160 413/958/160 414/959/160 415/960/160 416/961/160 417/962/160 418/963/160 419/964/160 420/965/160 421/966/160 422/967/160 423/968/160 424/969/160 425/970/160 366/865/160 365/864/160 367/863/160 

vt -20.6469 0
vn 0.807331 0 -0.590099
v 1606.25 -719.6 -10649.5
vt -20.2937 0
vt -20.2937 0.56
vt -20.6469 0.56
f 369/971/161 426/972/161 409/973/161 370/974/161 

v 1455.67 -719.6 -10855.6
vt -19.7834 0
vt -19.7834 0.56
f 426/972/161 427/975/161 410/976/161 409/973/161 

vt -39.675 0
v 1273.39 -719.6 -10302.9
vt -38.5111 0
vt -38.5111 0.56
vt -39.675 0.56
f 427/977/48 428/978/48 411/979/48 410/980/48 

vt 2.0744 0.56
vn -0.941358 0 0.337408
vt 2.0744 0
v 1665.84 -719.6 -9207.99
vt 4.40067 0
vt 4.40067 0.56
f 411/981/162 428/982/162 429/983/162 385/984/162 

vt 22.6917 0.56
vn -0.807331 1.39122e-17 0.590099
vt 22.6917 8.80977e-16
v 1927.03 -719.6 -8850.64
vt 23.5769 8.80977e-16
vt 23.5769 0.56
f 385/985/163 429/986/163 430/987/163 386/988/163 

vt 63.4278 0
v 2927.03 -719.6 -8850.64
vt 65.4278 0
vt 65.4278 0.56
vt 63.4278 0.56
f 430/989/37 431/990/37 387/991/37 386/992/37 

v 3183.96 -719.6 -9202.15
vt -6.24228 0.54376
vn 0.807331 1.53669e-18 0.590099
vt -6.24228 1.10376
vt -7.11307 1.10376
vt -7.11307 0.54376
f 432/993/164 388/994/164 387/995/164 431/996/164 

v 3188.22 -719.6 -9207.99
vt -6.22783 0.54376
vt -6.22783 1.10376
f 432/993/156 433/997/156 389/998/156 388/994/156 

vt 39.0763 0.56
vn 0.941358 2.34847e-17 0.337408
vt 39.0763 -1.23406e-15
v 3580.67 -719.6 -10302.9
vt 41.4026 -1.23406e-15
vt 41.4026 0.56
f 389/999/165 433/1000/165 434/1001/165 390/1002/165 

vt -1.8518 0
v 3398.39 -719.6 -10855.6
vt -0.687941 0
vt -0.687941 0.56
vt -1.8518 0.56
f 434/1003/46 435/1004/46 391/1005/46 390/1006/46 

vt -55.3907 -2.03211e-30
vn -0.807331 -1.90814e-30 -0.590099
vt -55.3907 0.56
vt -56.2543 0.56
vt -56.2543 -2.03211e-30
f 379/1007/166 381/1008/166 391/1009/166 435/1010/166 

v 3002.42 -439.6 -9365.94
vt 65.5786 18.1881
v 3002.42 -439.6 -9395.94
vt 65.5786 18.2481
v 3002.42 -439.6 -9425.94
vt 65.5786 18.3081
v 1851.64 -439.6 -9425.94
vt 63.2771 18.3081
v 1851.64 -439.6 -9395.94
vt 63.2771 18.2481
f 404/949/3 436/1011/3 437/1012/3 438/1013/3 439/1014/3 440/1015/3 413/958/3 412/957/3 408/953/3 407/952/3 406/951/3 405/950/3 

vt 6.38345 18.7319
vt 6.40495 18.7919
vt 6.00483 18.7919
vt 6.00483 18.7319
f 404/1016/3 403/1017/3 437/1018/3 436/1019/3 

vt -125.553 1.10376
v 3202.48 -459.6 -9395.94
vt -125.553 1.06376
v 3002.42 -459.6 -9395.94
vt -125.152 1.06376
vt -125.152 1.10376
f 403/1020/29 441/1021/29 442/1022/29 437/1023/29 

v 3213.23 -459.6 -9425.94
vt -39.5035 0.52
vn -0.941358 1.86677e-17 -0.337408
vt -39.4398 0.52
vt -39.4398 0.56
vt -39.5035 0.56
f 443/1024/167 441/1025/167 403/1026/167 402/1027/167 

v 3002.42 -459.6 -9425.94
f 443/947/3 444/1013/3 442/1012/3 441/948/3 

vt -66.0002 0.52
vn 2.19164e-14 3.655e-41 -1
v 3213.23 -479.6 -9425.94
vt -66.0002 0.48
v 3002.42 -479.6 -9425.94
vt -65.5786 0.48
vt -65.5786 0.52
f 443/1028/168 445/1029/168 446/1030/168 444/1031/168 

v 3223.98 -479.6 -9455.94
vt -39.5673 0.48
vt -39.5035 0.48
vt -39.5673 0.56
f 447/1032/148 445/1033/148 443/1024/148 402/1027/148 401/1034/148 

v 3002.42 -479.6 -9455.94
vt 65.5786 18.3681
f 446/1013/3 445/947/3 447/946/3 448/1035/3 

vt -66.0217 0.48
vn 5.21319e-14 0 -1
v 3223.98 -499.6 -9455.94
vt -66.0217 0.44
v 3002.42 -499.6 -9455.94
vt -65.5786 0.44
f 447/1036/169 449/1037/169 450/1038/169 448/1030/169 

v 3234.73 -499.6 -9485.94
vt -39.631 0.44
vt -39.5673 0.44
vt -39.631 0.56
f 451/1039/148 449/1040/148 447/1032/148 401/1034/148 400/1041/148 

vt 6.46947 18.9719
v 3002.42 -499.6 -9485.94
vt 6.00483 18.9719
vt 6.00483 18.9119
vt 6.44796 18.9119
f 451/1042/3 452/1043/3 450/1044/3 449/1045/3 

vt -125.617 0.98376
v 3234.73 -519.6 -9485.94
vt -125.617 0.94376
v 3002.42 -519.6 -9485.94
vt -125.152 0.94376
vt -125.152 0.98376
f 451/1046/29 453/1047/29 454/1048/29 452/1049/29 

v 3245.49 -519.6 -9515.94
vt -39.6948 0.4
vt -39.631 0.4
vt -39.6948 0.56
f 455/1050/148 453/1051/148 451/1039/148 400/1041/148 399/1052/148 

vt 6.49097 19.0319
v 3002.42 -519.6 -9515.94
vt 6.00483 19.0319
f 454/1043/3 453/1042/3 455/1053/3 456/1054/3 

vn 4.75195e-14 -3.96242e-41 -1
vt -125.639 0.94376
v 3245.49 -539.6 -9515.94
vt -125.639 0.90376
v 3002.42 -539.6 -9515.94
vt -125.152 0.90376
f 456/1048/170 455/1055/170 457/1056/170 458/1057/170 

v 3256.24 -539.6 -9545.94
vt -39.7585 0.36
vn -0.941358 7.84951e-28 -0.337408
vt -39.6948 0.36
vt -39.7585 0.56
f 459/1058/171 457/1059/171 455/1050/171 399/1052/171 398/1060/171 

vt 6.51248 19.0919
v 3002.42 -539.6 -9545.94
vt 6.00483 19.0919
f 459/1061/3 460/1062/3 458/1054/3 457/1053/3 

vt -125.66 0.90376
vn 9.10129e-15 0 -1
v 3256.24 -559.6 -9545.94
vt -125.66 0.86376
v 3002.42 -559.6 -9545.94
vt -125.152 0.86376
f 459/1063/172 461/1064/172 462/1065/172 460/1057/172 

v 3266.99 -559.6 -9575.94
vt -39.8222 0.32
vn -0.941358 2.69707e-17 -0.337408
vt -39.7585 0.32
vt -39.8222 0.56
f 463/1066/173 461/1067/173 459/1058/173 398/1060/173 397/1068/173 

vt 6.53399 19.1519
v 3002.42 -559.6 -9575.94
vt 6.00483 19.1519
f 462/1062/3 461/1061/3 463/1069/3 464/1070/3 

vt -125.682 0.86376
vn 4.3657e-14 0 -1
v 3266.99 -579.6 -9575.94
vt -125.682 0.82376
v 3002.42 -579.6 -9575.94
vt -125.152 0.82376
f 463/1071/174 465/1072/174 466/1073/174 464/1065/174 

v 3277.75 -579.6 -9605.94
vt -39.886 0.28
vt -39.8222 0.28
vt -39.886 0.56
f 467/1074/148 465/1075/148 463/1066/148 397/1068/148 396/1076/148 

vt 6.55549 19.2119
v 3002.42 -579.6 -9605.94
vt 6.00483 19.2119
f 467/1077/3 468/1078/3 466/1070/3 465/1069/3 

vt -125.703 0.82376
vn 8.3904e-15 0 -1
v 3277.75 -599.6 -9605.94
vt -125.703 0.78376
v 3002.42 -599.6 -9605.94
vt -125.152 0.78376
f 467/1079/175 469/1080/175 470/1081/175 468/1073/175 

vt -99.4598 0.78376
vt -99.4598 0.82376
vt -99.4598 1.10376
vt -99.5235 1.10376
v 3288.5 -599.6 -9635.94
vt -99.5235 0.78376
f 469/1082/148 467/1083/148 396/1084/148 395/1085/148 471/1086/148 

v 3299.25 -619.6 -9665.94
vt -40.0134 0.2
vn -0.941358 -5.42908e-32 -0.337408
v 3288.5 -619.6 -9635.94
vt -39.9497 0.2
vt -39.9497 0.24
vt -39.9497 0.56
vt -40.0134 0.56
f 472/1087/176 473/1088/176 471/1089/176 395/1090/176 394/1091/176 

vt 6.5985 19.3319
v 3002.42 -619.6 -9665.94
vt 6.00483 19.3319
v 3002.42 -619.6 -9635.94
vt 6.00483 19.2719
vt 6.577 19.2719
f 472/1092/3 474/1093/3 475/1094/3 473/1095/3 

vt -125.746 0.74376
vn 7.78251e-15 0 -1
v 3299.25 -639.6 -9665.94
vt -125.746 0.70376
v 3002.42 -639.6 -9665.94
vt -125.152 0.70376
vt -125.152 0.74376
f 472/1096/177 476/1097/177 477/1098/177 474/1099/177 

v 3310 -639.6 -9695.94
vt -40.0772 0.16
vt -40.0134 0.16
vt -40.0772 0.56
f 478/1100/148 476/1101/148 472/1087/148 394/1091/148 393/1102/148 

v 3002.42 -639.6 -9695.94
vt 65.5786 18.8481
vt 65.5786 18.7881
f 479/1103/3 477/1104/3 476/939/3 478/938/3 

vn 2.61387e-18 1 -7.51991e-17
v 3002.42 -639.6 -9725.94
vt 65.5786 18.9081
v 1851.64 -639.6 -9725.94
vt 63.2771 18.9081
v 1851.64 -639.6 -9695.94
vt 63.2771 18.8481
v 1851.64 -639.6 -9665.94
vt 63.2771 18.7881
f 477/1104/178 479/1103/178 480/1105/178 481/1106/178 482/1107/178 483/1108/178 

vt 18.8481 0.16
v 3002.42 -659.6 -9695.94
vt 18.8481 0.12
v 3002.42 -659.6 -9725.94
vt 18.9081 0.12
vt 18.9081 0.16
f 479/1109/147 484/1110/147 485/1111/147 480/1112/147 

vt -66.1938 0.16
v 3310 -659.6 -9695.94
vt -66.1938 0.12
vt -65.5786 0.12
vt -65.5786 0.16
f 478/1113/29 486/1114/29 484/1115/29 479/1116/29 

v 3320.76 -659.6 -9725.94
vt -40.1409 0.12
vt -40.0772 0.12
vt -40.1409 0.56
f 487/1117/148 486/1118/148 478/1100/148 393/1102/148 392/1119/148 

vt 6.62001 19.3919
vt 6.64151 19.4519
vt 6.00483 19.4519
vt 6.00483 19.3919
f 486/1120/3 487/1121/3 485/1122/3 484/1123/3 

vt -125.789 0.66376
vn 1.45135e-14 0 -1
v 3320.76 -679.6 -9725.94
vt -125.789 0.62376
v 3002.42 -679.6 -9725.94
vt -125.152 0.66376
f 487/1124/179 488/1125/179 489/869/179 485/1126/179 

vt -40.1409 0.08
f 343/841/148 488/1127/148 487/1117/148 392/1119/148 346/842/148 

vt 65.5786 18.9681
f 339/1128/3 489/1105/3 488/937/3 343/936/3 

v 1851.64 -679.6 -9725.94
vt 3.70329 19.4519
vt 3.70329 19.5719
v 1851.64 -679.6 -9755.94
vt 3.70329 19.5119
f 490/1129/3 489/1122/3 339/847/3 342/846/3 363/1130/3 491/1131/3 

vn 1.20447e-14 8.73077e-31 -1
vt -63.2771 0.08
v 1851.64 -659.6 -9725.94
vt -63.2771 0.12
vt -63.2771 0.16
f 489/838/180 490/1132/180 492/1133/180 481/1134/180 480/1116/180 485/1115/180 

v 1533.3 -679.6 -9725.94
vt -122.214 0.62376
v 1533.3 -659.6 -9725.94
vt -122.214 0.66376
vt -122.851 0.66376
f 490/868/179 493/1135/179 494/1136/179 492/1137/179 

vn 7.08277e-18 1 7.39298e-17
vt 63.2771 18.9681
v 1522.55 -679.6 -9755.94
f 490/1106/181 491/1138/181 495/970/181 493/969/181 

v 1851.64 -699.6 -9755.94
vt -63.2771 0.04
v 1522.55 -699.6 -9755.94
vt -62.6189 0.04
vt -62.6189 0.08
f 496/1139/29 497/1140/29 495/1141/29 491/1132/29 

vn 3.3174e-18 1 3.7005e-17
vt 3.0236 19.5719
vt 3.0451 19.5119
f 362/1130/182 364/1142/182 497/1143/182 496/1131/182 

vt -3.27233 0.04
vn 0.941358 -3.80223e-18 -0.337408
vt -3.27233 0.56
vt -3.27233 0.08
f 497/1144/183 364/876/183 366/875/183 425/1145/183 495/1146/183 

vn 0.941358 -4.06078e-18 -0.337408
vt -3.33607 0.56
vt -3.33607 0.12
vt -3.33607 0.08
f 495/1146/184 425/1145/184 424/1147/184 494/1148/184 493/1149/184 

v 1544.06 -659.6 -9695.94
vt -3.39981 0.12
vn 0.941358 -8.12156e-18 -0.337408
vt -3.39981 0.56
v 1544.06 -639.6 -9695.94
vt -3.39981 0.16
f 498/1150/185 494/1148/185 424/1147/185 423/1151/185 499/1152/185 

vt 3.06661 19.4519
vt 3.08812 19.3919
v 1851.64 -659.6 -9695.94
vt 3.70329 19.3919
f 492/1129/3 494/1153/3 498/1154/3 500/1155/3 

vt -122.851 0.70376
vt -122.236 0.66376
vt -122.236 0.70376
f 482/1156/29 500/1137/29 498/1157/29 499/1158/29 

vt -18.9081 0.16
vn -1 0 -0
vt -18.9081 0.12
vt -18.8481 0.12
vt -18.8481 0.16
f 481/1159/186 492/1160/186 500/1161/186 482/1162/186 

vn -2.98502e-17 1 -2.95447e-16
v 1554.81 -639.6 -9665.94
vt 3.10962 19.3319
vt 3.70329 19.3319
f 482/1155/187 499/1154/187 501/1163/187 483/1164/187 

vt -3.46354 0.16
vn 0.941358 8.12156e-18 -0.337408
vt -3.46354 0.56
v 1554.81 -619.6 -9665.94
vt -3.46354 0.2
f 501/1165/188 499/1152/188 423/1151/188 422/1166/188 502/1167/188 

v 1565.56 -619.6 -9635.94
vt -3.52728 0.2
vn 0.941358 2.41832e-17 -0.337408
vt -3.52728 0.56
v 1565.56 -599.6 -9635.94
vt -3.52728 0.24
f 503/1168/189 502/1167/189 422/1166/189 421/1169/189 504/1170/189 

v 1851.64 -619.6 -9665.94
vn -6.30433e-17 1 6.12891e-16
vt 3.13113 19.2719
v 1851.64 -619.6 -9635.94
vt 3.70329 19.2719
f 505/1164/190 502/1163/190 503/1171/190 506/1172/190 

vn 7.78251e-15 1.855e-30 -1
vt -122.257 0.70376
vt -122.257 0.74376
vt -122.851 0.74376
f 483/1156/191 501/1173/191 502/1174/191 505/1175/191 

vn 6.02235e-15 2.54246e-30 -1
vt -63.2771 0.2
v 1851.64 -599.6 -9665.94
vt -63.2771 0.24
v 3002.42 -599.6 -9665.94
vt -65.5786 0.24
vt -65.5786 0.2
f 477/1116/192 483/1134/192 505/1176/192 507/1177/192 508/1178/192 474/1179/192 

vt -18.7881 0.24
vn -1 8.3385e-31 3.08016e-13
vt -18.7881 0.2
vt -18.7281 0.2
v 1851.64 -599.6 -9635.94
vt -18.7281 0.24
f 507/1180/193 505/1181/193 506/1182/193 509/1183/193 

vt -122.851 0.78376
vn -4.03752e-14 0 -1
vt -122.279 0.74376
vt -122.279 0.78376
f 509/1184/194 506/1175/194 503/1185/194 504/1186/194 

vn -1.8912e-16 1 1.83867e-15
v 1576.32 -599.6 -9605.94
vt 3.15263 19.2119
v 1851.64 -599.6 -9605.94
vt 3.70329 19.2119
f 509/1172/195 504/1171/195 510/1187/195 511/1188/195 

vt -3.59102 0.24
vn 0.941358 8.30302e-18 -0.337408
vt -3.59102 0.56
v 1576.32 -579.6 -9605.94
vt -3.59102 0.28
f 510/1189/196 504/1170/196 421/1169/196 420/1190/196 512/1191/196 

v 1587.07 -579.6 -9575.94
vt -3.65476 0.28
vn 0.941358 -5.51553e-18 -0.337408
vt -3.65476 0.56
v 1587.07 -559.6 -9575.94
vt -3.65476 0.32
f 513/1192/197 512/1191/197 420/1190/197 419/1193/197 514/1194/197 

v 1851.64 -579.6 -9605.94
vn -2.61992e-16 1 2.45332e-15
vt 3.17414 19.1519
v 1851.64 -579.6 -9575.94
vt 3.70329 19.1519
f 515/1188/198 512/1187/198 513/1195/198 516/1196/198 

vn 8.3904e-15 1.14545e-30 -1
vt -122.3 0.78376
vt -122.3 0.82376
vt -122.851 0.82376
f 511/1184/199 510/1197/199 512/1198/199 515/1199/199 

vn 6.02235e-15 -1.24141e-42 -1
vt -63.2771 0.28
v 1851.64 -559.6 -9605.94
vt -63.2771 0.32
v 3002.42 -559.6 -9605.94
vt -65.5786 0.32
vt -65.5786 0.28
f 470/1178/200 511/1177/200 515/1200/200 517/1201/200 518/1202/200 468/1203/200 

vt 65.5786 18.6681
v 3002.42 -599.6 -9635.94
vt 65.5786 18.7281
vt 63.2771 18.7281
vt 63.2771 18.6681
f 470/1204/3 519/1205/3 508/1104/3 507/1108/3 509/1206/3 511/1207/3 

f 470/1078/3 469/1077/3 471/1095/3 519/1094/3 

vt -125.725 0.78376
vt -125.725 0.74376
f 471/1208/194 473/1209/194 475/1099/194 519/1081/194 

vt 18.7281 0.24
vn 1 -1.0868e-29 6.16031e-13
vt 18.7281 0.2
vt 18.7881 0.2
vt 18.7881 0.24
f 519/1210/201 475/1211/201 474/1212/201 508/1213/201 

vt -18.6681 0.32
vt -18.6681 0.28
vt -18.6081 0.28
v 1851.64 -559.6 -9575.94
vt -18.6081 0.32
f 517/1214/186 515/1215/186 516/1216/186 520/1217/186 

vt -122.851 0.86376
vt -122.322 0.82376
vt -122.322 0.86376
f 520/1218/29 516/1199/29 513/1219/29 514/1220/29 

vn -4.77088e-16 1 4.29665e-15
v 1597.82 -559.6 -9545.94
vt 3.19564 19.0919
v 1851.64 -559.6 -9545.94
vt 3.70329 19.0919
f 520/1196/202 514/1195/202 521/1221/202 522/1222/202 

vt -3.71849 0.32
vn 0.941358 1.6606e-17 -0.337408
vt -3.71849 0.56
v 1597.82 -539.6 -9545.94
vt -3.71849 0.36
f 521/1223/203 514/1194/203 419/1193/203 418/1224/203 523/1225/203 

v 1608.57 -539.6 -9515.94
vt -3.78223 0.36
vn 0.941358 8.36247e-18 -0.337408
vt -3.78223 0.56
v 1608.57 -519.6 -9515.94
vt -3.78223 0.4
f 524/1226/204 523/1225/204 418/1224/204 417/1227/204 525/1228/204 

v 1851.64 -539.6 -9545.94
vn -7.10373e-16 1 6.14324e-15
vt 3.21715 19.0319
v 1851.64 -539.6 -9515.94
vt 3.70329 19.0319
f 526/1222/205 523/1221/205 524/1229/205 527/1230/205 

vn 9.10129e-15 -5.08926e-31 -1
vt -122.343 0.86376
vt -122.343 0.90376
vt -122.851 0.90376
f 522/1218/206 521/1231/206 523/1232/206 526/1233/206 

vn 6.02235e-15 -8.73077e-31 -1
vt -63.2771 0.36
v 1851.64 -519.6 -9545.94
vt -63.2771 0.4
v 3002.42 -519.6 -9545.94
vt -65.5786 0.4
vt -65.5786 0.36
f 462/1202/207 522/1201/207 526/1234/207 528/1235/207 529/1236/207 460/1237/207 

vt 65.5786 18.5481
vt 65.5786 18.6081
vt 63.2771 18.6081
vt 63.2771 18.5481
f 462/1238/3 464/1239/3 518/1204/3 517/1207/3 520/1240/3 522/1241/3 

vt 18.6081 0.32
vn 1 -2.39096e-30 -3.08016e-13
vt 18.6081 0.28
vt 18.6681 0.28
vt 18.6681 0.32
f 464/1242/208 466/1243/208 468/1244/208 518/1245/208 

v 1851.64 -519.6 -9515.94
vt -78.0619 0.94376
vn -1 0 -4.62023e-13
vt -78.1219 0.94376
vt -78.1219 0.90376
vt -78.0619 0.90376
f 530/1246/209 528/1247/209 526/1248/209 527/1249/209 

vt 63.2771 18.4881
v 1851.64 -519.6 -9485.94
vt 63.2771 18.4281
vt 65.5786 18.4281
vt 65.5786 18.4881
f 528/1241/3 530/1250/3 531/1251/3 454/1252/3 456/1253/3 529/1238/3 

v 1619.33 -519.6 -9485.94
vt 3.23865 18.9719
vt 3.70329 18.9719
f 530/1230/3 525/1229/3 532/1254/3 531/1255/3 

vt -122.365 0.94376
vt -122.851 0.94376
vt -122.365 0.90376
f 525/1256/29 530/1257/29 527/1233/29 524/1258/29 

vt -3.84597 0.4
vn 0.941358 -1.38185e-17 -0.337408
vt -3.84597 0.56
v 1619.33 -499.6 -9485.94
vt -3.84597 0.44
f 532/1259/210 525/1228/210 417/1227/210 416/1260/210 533/1261/210 

v 1630.08 -499.6 -9455.94
vt -3.90971 0.44
vn 0.941358 -2.78749e-18 -0.337408
vt -3.90971 0.56
v 1630.08 -479.6 -9455.94
vt -3.90971 0.48
f 534/1262/211 533/1261/211 416/1260/211 415/1263/211 535/1264/211 

v 1851.64 -499.6 -9485.94
vt 3.26016 18.9119
v 1851.64 -499.6 -9455.94
vt 3.70329 18.9119
f 536/1255/3 533/1254/3 534/1265/3 537/1266/3 

vn 9.9438e-15 0 -1
vt -122.386 0.94376
vt -122.386 0.98376
vt -122.851 0.98376
f 531/1257/212 532/1267/212 533/1268/212 536/1269/212 

vn 8.02979e-15 -1.65522e-42 -1
vt -63.2771 0.44
v 1851.64 -479.6 -9485.94
vt -63.2771 0.48
v 3002.42 -479.6 -9485.94
f 454/1236/213 531/1235/213 536/1270/213 538/1271/213 539/1030/213 452/1038/213 

vt -18.4281 0.48
vt -18.4281 0.44
vt -18.3681 0.44
v 1851.64 -479.6 -9455.94
vt -18.3681 0.48
f 538/1272/186 536/1273/186 537/1274/186 540/1275/186 

vt -122.408 0.98376
vn 1.04264e-13 0 -1
vt -122.408 1.02376
vt -122.851 1.02376
f 534/1276/214 535/1277/214 540/1278/214 537/1269/214 

v 1851.64 -479.6 -9425.94
vt 63.2771 18.3681
v 1640.83 -479.6 -9425.94
f 541/1014/3 540/1279/3 535/960/3 542/959/3 

f 538/1251/3 540/1279/3 541/1014/3 446/1013/3 448/1035/3 539/1252/3 

vn 2.20819e-14 0 -1
v 1851.64 -459.6 -9425.94
vt -63.2771 0.52
vt -63.2771 0.56
vt -65.5786 0.56
f 446/1030/215 541/1271/215 543/1280/215 439/1281/215 438/1282/215 444/1031/215 

vn 2.19164e-14 0 -1
vt -62.8554 0.48
v 1640.83 -459.6 -9425.94
vt -62.8554 0.52
f 541/1271/216 542/1283/216 544/1284/216 543/1280/216 

vt -3.97344 0.48
vn 0.941358 -4.78971e-18 -0.337408
vt -3.97344 0.56
vt -3.97344 0.52
f 542/1285/217 535/1264/217 415/1263/217 414/1286/217 544/1287/217 

v 1651.59 -459.6 -9395.94
vt -4.03718 0.52
vn 0.941358 0 -0.337408
vt -4.03718 0.56
f 545/1288/218 544/1287/218 414/1286/218 413/1289/218 

v 1851.64 -459.6 -9395.94
f 546/1015/3 543/1014/3 544/959/3 545/958/3 

vt -18.3081 0.56
vt -18.3081 0.52
vt -18.2481 0.52
vt -18.2481 0.56
f 439/1290/186 543/1291/186 546/1292/186 440/1293/186 

vt -62.877 0.52
vn -5.77359e-14 0 -1
vt -62.877 0.56
f 545/1294/219 413/1295/219 440/1281/219 546/1280/219 

vt 18.2481 0.56
vn 1 0 6.16031e-13
vt 18.2481 0.52
vt 18.3081 0.52
vt 18.3081 0.56
f 437/1296/220 442/1297/220 444/1298/220 438/1299/220 

vt 18.3681 0.48
vt 18.3681 0.44
vt 18.4281 0.44
vt 18.4281 0.48
f 448/1300/220 450/1301/220 452/1302/220 539/1303/220 

vt -41.0257 0.94376
vt -41.0857 0.94376
vt -41.0857 0.90376
vt -41.0257 0.90376
f 529/1304/220 456/1305/220 458/1306/220 460/1307/220 

vt -78.5419 0.62376
vn -1 9.24183e-30 3.08016e-13
vt -78.6019 0.62376
vt -78.6019 0.58376
vt -78.5419 0.58376
f 491/1308/221 363/1309/221 362/1310/221 496/1311/221 

vt -114.564 0.54376
vn -0.807331 0 -0.590099
v 2901.64 -719.6 -10175.9
vt -114.144 0.54376
v 2901.64 -219.6 -10175.9
vt -114.144 1.54376
vt -114.564 1.54376
f 377/1312/222 547/1313/222 548/1314/222 378/1315/222 

vt -124.951 0.54376
vn 1.21684e-14 0 -1
v 1952.42 -719.6 -10175.9
vt -123.052 0.54376
v 1952.42 -219.6 -10175.9
vt -123.052 1.54376
vt -124.951 1.54376
f 547/1316/223 549/1317/223 550/1318/223 548/1319/223 

vt -81.0407 0.54376
vt -80.6207 0.54376
vt -80.6207 1.54376
vt -81.0407 1.54376
f 549/1320/161 371/1321/161 373/1322/161 550/1323/161 

vt 6.13188 20.632
vt 6.05114 20.691
vt 5.80329 20.3519
vt 3.90483 20.3519
vt 3.65698 20.691
vt 3.57625 20.632
vt 3.85406 20.2519
vt 5.85406 20.2519
f 376/1324/3 378/1325/3 548/1326/3 550/1327/3 373/1328/3 372/1329/3 374/1330/3 375/1331/3 

g Mesh6 Group5 Model

usemtl FrontColor
v 2427.03 -769.6 -14073.3
vt -381.239 1554.09
vn -5.02272e-14 -1 -3.5323e-14
v 2420.09 -769.6 -14082.9
vt -378.507 1557.85
v 2449.48 -769.6 -14104.2
vt -390.078 1566.25
f 551/1332/224 552/1333/224 553/1334/224

usemtl mramor1
vt -123.659 28.1467
vn -8.38151e-15 -1 -1.12294e-14
v 2184.32 -769.6 -13897
vt -123.174 27.794
v 2154.93 -769.6 -13937.4
vt -123.115 27.8749
v 2397.64 -769.6 -14113.8
vt -123.6 28.2276
vt -123.645 28.1658
f 551/1335/225 554/1336/225 555/1337/225 556/1338/225 552/1339/225 

v 2184.32 -999.6 -13897
vt 32.9717 -41.5895
vn 0.587774 -1.27634e-14 0.809025
vt 32.9717 -41.1295
vt 33.5717 -41.1295
v 2427.03 -719.6 -14073.3
vt 33.5717 -41.0295
v 1682.35 -719.6 -13532.3
vt 31.7308 -41.0295
v 1682.35 -999.6 -13532.3
vt 31.7308 -41.5895
f 557/1340/226 554/1341/226 551/1342/226 558/1343/226 559/1344/226 560/1345/226 

vt -40.7526 -41.1295
vn 0.809025 -4.45033e-15 -0.587774
vt -40.7526 -41.5895
v 2154.93 -999.6 -13937.4
vt -40.6526 -41.5895
vt -40.6526 -41.1295
f 554/1346/227 557/1347/227 561/1348/227 555/1349/227 

vt 62.7673 68.6541
vn 1.82679e-17 1 1.1097e-17
vt 63.7712 69.3835
vt 63.7124 69.4644
v 1870.76 -999.6 -13731
vt 63.1441 69.0514
v 1682.35 -999.6 -14310.8
vt 62.7673 70.2111
v 2279.85 -999.6 -14744.9
vt 63.9622 71.0793
v 2574.21 -999.6 -14744.9
vt 64.551 71.0793
v 3171.71 -999.6 -14310.8
vt 65.746 70.2111
v 2983.3 -999.6 -13731
vt 65.3692 69.0514
v 2699.13 -999.6 -13937.4
vt 64.8008 69.4644
v 2669.74 -999.6 -13897
vt 64.742 69.3835
v 3171.71 -999.6 -13532.3
vt 65.746 68.6541
v 2897.31 -999.6 -12687.8
vt 65.1972 66.9651
v 2939.84 -999.6 -12656.9
vt 65.2822 66.9033
v 3230.49 -999.6 -13551.4
vt 65.8635 68.6923
v 3025.84 -999.6 -13700.1
vt 65.4542 68.9896
v 3230.49 -999.6 -14329.9
vt 65.8635 70.2493
v 2590.46 -999.6 -14794.9
vt 64.5835 71.1793
v 2263.6 -999.6 -14794.9
vt 63.9298 71.1793
v 1623.57 -999.6 -14329.9
vt 62.6497 70.2493
v 1828.22 -999.6 -13700.1
vt 63.059 68.9896
v 1623.57 -999.6 -13551.4
vt 62.6497 68.6923
v 1914.22 -999.6 -12656.9
vt 63.231 66.9033
v 1956.75 -999.6 -12687.8
vt 63.3161 66.9651
f 560/1350/228 557/1351/228 561/1352/228 562/1353/228 563/1354/228 564/1355/228 565/1356/228 566/1357/228 567/1358/228 568/1359/228 569/1360/228 570/1361/228 571/1362/228 572/1363/228 573/1364/228 574/1365/228 575/1366/228 576/1367/228 577/1368/228 578/1369/228 579/1370/228 580/1371/228 581/1372/228 582/1373/228 

vt 3.9135 25.3756
vn 6.16353e-17 1 5.14494e-17
vt 4.36865 27.794
vt 3.3647 27.0646
f 582/1374/229 557/1375/229 560/1376/229

v 1969.9 -999.6 -12697.4
vt 3.93979 25.3947
f 557/1375/229 582/1374/229 583/1377/229

usemtl FrontColor
v 1999.29 -999.6 -12656.9
vt 212.835 996.44
vt 201.265 1012.37
vt 196.089 1008.61
v 1966.79 -999.6 -12656.9
vt 200.042 996.44
f 584/1378/3 583/1379/3 582/1380/3 585/1381/3 

usemtl mramor1
v 1999.29 -769.6 -12656.9
vt -42.5417 -41.1295
vn 0.809025 0 -0.587774
vt -42.5417 -41.5895
vt -42.4417 -41.5895
v 1969.9 -769.6 -12697.4
vt -42.4417 -41.1295
f 586/1382/230 584/1383/230 583/1384/230 587/1385/230 

v 1930.47 -999.6 -12606.9
vt -149.85 -41.5895
vn -0.587777 -4.13759e-07 -0.809023
v 1930.47 -769.6 -12606.9
vt -149.85 -41.1295
vt -150.02 -41.1295
vt -150.02 -41.5895
f 588/1386/231 589/1387/231 586/1388/231 584/1389/231 

usemtl FrontColor
vt -724.382 90.5515
vt -757.873 90.5515
vt -757.873 0.000281788
vt -724.382 0.000281788
f 589/1390/231 586/1391/231 584/1392/231 588/1393/231 

vt -757.873 90.5499
vn -0.587777 1.90329e-06 -0.809023
vt -724.382 90.5499
v 1930.47 -719.6 -12606.9
vt -724.382 110.235
v 1999.29 -719.6 -12656.9
vt -757.873 110.235
f 586/1394/232 589/1395/232 590/1396/232 591/1397/232 

usemtl mramor1
vt -150.02 -41.0295
vt -149.85 -41.0295
f 591/1398/232 586/1388/232 589/1387/232 590/1399/232 

v 2427.03 -999.6 -12967.7
vt 32.272 -41.5895
vn 0.587774 -1.09686e-16 0.809025
v 2427.03 -719.6 -12967.7
vt 32.272 -41.0295
vt 31.2146 -41.0295
vt 31.2146 -41.1295
v 2346.13 -769.6 -12908.9
vt 32.072 -41.1295
v 2346.13 -999.6 -12908.9
vt 32.072 -41.5895
f 592/1400/233 593/1401/233 591/1402/233 586/1403/233 594/1404/233 595/1405/233 

v 2507.93 -999.6 -12908.9
vt -46.9066 -41.5895
vn -0.587774 -2.68731e-15 0.809025
v 2507.93 -769.6 -12908.9
vt -46.9066 -41.1295
v 2854.78 -769.6 -12656.9
vt -46.0492 -41.1295
v 2854.78 -719.6 -12656.9
vt -46.0492 -41.0295
vt -47.1066 -41.0295
vt -47.1066 -41.5895
f 596/1406/234 597/1407/234 598/1408/234 599/1409/234 593/1410/234 592/1411/234 

vt 32.9951 -41.1295
vn 0.809025 0 0.587774
vt 32.9951 -41.5895
v 2537.32 -999.6 -12949.3
vt 33.0951 -41.5895
v 2537.32 -769.6 -12949.3
vt 33.0951 -41.1295
f 597/1412/235 596/1413/235 600/1414/235 601/1415/235 

usemtl FrontColor
vt 413.09 1095.65
vn -1.09305e-17 1 6.79816e-18
vt 424.66 1111.57
v 2427.03 -999.6 -13029.5
vt 381.239 1143.12
vt 381.239 1118.79
f 596/1416/236 600/1417/236 602/1418/236 592/1419/236 

usemtl mramor1
vt 5.01587 25.8178
v 2887.27 -999.6 -11551.2
vt 5.77454 23.1025
vt 5.07464 25.8987
f 596/1420/229 603/1421/229 600/1422/229

vt 4.85406 25.9353
f 592/1423/229 603/1421/229 596/1420/229

vt 4.69226 25.8178
f 595/1424/229 603/1421/229 592/1423/229

v 2316.74 -999.6 -12949.3
vt 4.63348 25.8987
f 604/1425/229 603/1421/229 595/1424/229

vt 3.99857 25.3138
f 584/1426/229 603/1421/229 604/1425/229

v 1999.29 -999.6 -12606.9
vt 3.99857 25.2138
f 605/1427/229 603/1421/229 584/1426/229

v 1966.79 -999.6 -11551.2
vt 3.93358 23.1025
f 605/1427/229 606/1428/229 603/1421/229

vt 3.86093 25.2138
f 588/1429/229 606/1428/229 605/1427/229

v 1847.3 -999.6 -11919
vt 3.69459 23.838
f 588/1429/229 607/1430/229 606/1428/229

v 1821.17 -999.6 -11999.4
vt 3.64234 23.9988
f 588/1429/229 608/1431/229 607/1430/229

v 1682.35 -999.6 -12426.6
vt 3.3647 24.8533
f 608/1431/229 588/1429/229 609/1432/229

usemtl FrontColor
vt 185.741 976.755
vt 179.344 996.44
v 1623.57 -999.6 -12445.7
vt 64.9158 913.305
v 1768.6 -999.6 -11999.4
vt 122.012 737.585
vt 142.711 737.585
vt 88.0572 905.786
f 588/1433/3 581/1434/3 610/1435/3 611/1436/3 608/1437/3 609/1438/3 

usemtl mramor1
vt -15.419 -41.5895
vn 0.951054 4.21081e-08 -0.309025
vt -15.3139 -41.5895
v 1914.22 -719.6 -12656.9
vt -15.3139 -41.0295
vt -15.419 -41.0295
vt -15.419 -41.1295
f 588/1439/237 581/1440/237 612/1441/237 590/1442/237 589/1443/237 

vt -105.372 -41.5895
vn -0.951054 7.82576e-17 0.309025
vt -103.491 -41.5895
vt -103.491 -41.0295
v 1623.57 -719.6 -13551.4
vt -105.372 -41.0295
f 580/1444/238 581/1445/238 612/1446/238 613/1447/238 

vt 31.0769 -41.5895
vn 0.587774 3.55407e-19 0.809025
vt 31.1821 -41.5895
v 1956.75 -719.6 -12687.8
vt 31.1821 -41.0295
vt 31.0769 -41.0295
f 581/1448/239 582/1449/239 614/1450/239 612/1451/239 

vt -15.2814 -41.5895
vn 0.951054 0 -0.309025
vt -13.5055 -41.5895
vt -13.5055 -41.0295
vt -15.2814 -41.0295
f 582/1452/240 560/1453/240 559/1454/240 614/1455/240 

vn -6.81787e-16 1 2.64204e-16
vt 3.24714 27.1028
vt 3.82844 25.3138
f 614/1374/241 559/1376/241 613/1456/241 612/1457/241 

v 2427.03 -719.6 -14135.1
vt 4.85406 28.2703
vn 1.74294e-18 1 2.7714e-17
v 1870.76 -719.6 -13731
vt 3.74151 27.462
v 1828.22 -719.6 -13700.1
vt 3.65645 27.4002
vt 4.85406 28.1467
v 3171.71 -719.6 -13532.3
vt 6.34342 27.0646
v 2897.31 -719.6 -12687.8
vt 5.79462 25.3756
v 2939.84 -719.6 -12656.9
vt 5.87969 25.3138
v 3230.49 -719.6 -13551.4
vt 6.46098 27.1028
v 3025.84 -719.6 -13700.1
vt 6.05168 27.4002
v 2983.3 -719.6 -13731
vt 5.96661 27.462
f 615/1458/242 616/1459/242 617/1460/242 613/1456/242 559/1376/242 558/1461/242 618/1462/242 619/1463/242 620/1464/242 621/1465/242 622/1466/242 623/1467/242 

vt -152.449 -41.0295
vn -0.587774 6.7628e-15 -0.809025
v 2427.03 -769.6 -14135.1
vt -152.449 -41.1295
vt -152.377 -41.1295
vt -151.777 -41.1295
vt -151.777 -41.5895
vt -151.074 -41.5895
vt -151.074 -41.0295
f 615/1468/243 624/1469/243 556/1470/243 555/1471/243 561/1472/243 562/1473/243 616/1474/243 

v 2699.13 -769.6 -13937.4
vt -70.9987 -41.1295
vn 0.587774 2.61785e-15 -0.809025
v 2456.42 -769.6 -14113.8
vt -70.3987 -41.1295
vt -70.3261 -41.1295
vt -70.3261 -41.0295
vt -71.7012 -41.0295
vt -71.7012 -41.5895
vt -70.9987 -41.5895
f 625/1475/244 626/1476/244 624/1477/244 615/1478/244 623/1479/244 567/1480/244 568/1481/244 

v 2669.74 -769.6 -13897
vt -124.145 27.794
vn -1.37678e-16 -1 5.00067e-17
vt -123.704 28.2085
vt -123.718 28.2276
vt -124.203 27.8749
f 627/1482/245 551/1335/245 553/1483/245 626/1484/245 625/1485/245 

vt -48.4064 -41.1295
vn -0.587774 -2.52299e-15 0.809025
vt -47.8064 -41.1295
vt -47.8064 -41.5895
vt -46.5655 -41.5895
vt -46.5655 -41.0295
vt -48.4064 -41.0295
f 551/1486/246 627/1487/246 569/1488/246 570/1489/246 618/1490/246 558/1491/246 

vt -153.589 -41.5895
vn -0.809025 0 -0.587774
vt -153.589 -41.1295
vt -153.689 -41.1295
vt -153.689 -41.5895
f 569/1492/247 627/1493/247 625/1494/247 568/1495/247 

vt 5.39825 27.8749
vt 5.14843 29.4898
vt 5.33948 27.794
f 568/1496/229 565/1497/229 569/1498/229

vt 6.34342 28.6217
f 565/1497/229 568/1496/229 566/1499/229

f 566/1499/229 568/1496/229 567/1467/229

vt -146.494 -41.5895
vn -0.951054 0 -0.309025
vt -145.275 -41.5895
vt -145.275 -41.0295
v 3171.71 -719.6 -14310.8
vt -146.494 -41.0295
f 566/1500/248 567/1501/248 623/1502/248 628/1503/248 

v 1623.57 -719.6 -14329.9
vt 3.24714 28.6598
v 1682.35 -719.6 -14310.8
vt 3.3647 28.6217
v 2279.85 -719.6 -14744.9
vt 4.55969 29.4898
v 2574.21 -719.6 -14744.9
v 3230.49 -719.6 -14329.9
vt 6.46098 28.6598
v 2590.46 -719.6 -14794.9
vt 5.18092 29.5898
v 2263.6 -719.6 -14794.9
vt 4.5272 29.5898
f 629/1504/3 617/1460/3 616/1459/3 630/1505/3 631/1506/3 632/1497/3 628/1499/3 623/1467/3 622/1466/3 633/1507/3 634/1508/3 635/1509/3 

vt -106.853 -41.5895
vn -0.951054 0 0.309025
vt -105.529 -41.5895
vt -105.529 -41.0295
vt -106.853 -41.0295
f 578/1510/249 579/1511/249 617/1512/249 629/1513/249 

vt -150.463 -41.0295
vn -0.587774 0 -0.809025
vt -150.969 -41.0295
vt -150.969 -41.5895
vt -150.463 -41.5895
f 613/1514/250 617/1515/250 579/1516/250 580/1517/250 

vt -152.961 -41.5895
vt -151.378 -41.5895
vt -151.378 -41.0295
vt -152.961 -41.0295
f 577/1518/250 578/1519/250 629/1520/250 635/1521/250 

vt -123.986 -41.5895
vt -123.332 -41.5895
vt -123.332 -41.0295
vt -123.986 -41.0295
f 576/1522/29 577/1523/29 635/1524/29 634/1525/29 

vt -71.3971 -41.5895
vn 0.587774 0 -0.809025
vt -69.8149 -41.5895
vt -69.8149 -41.0295
vt -71.3971 -41.0295
f 575/1526/251 576/1527/251 634/1528/251 633/1529/251 

vt 26.4373 -41.5895
vn 0.951054 0 0.309025
vt 27.7618 -41.5895
vt 27.7618 -41.0295
vt 26.4373 -41.0295
f 574/1530/252 575/1531/252 633/1532/252 622/1533/252 

vt -71.8064 -41.5895
vt -71.8064 -41.0295
vt -72.3123 -41.0295
vt -72.3123 -41.5895
f 574/1534/251 622/1535/251 621/1536/251 573/1537/251 

vt 24.3999 -41.5895
vn 0.951054 -3.58933e-18 0.309025
vt 26.281 -41.5895
vt 26.281 -41.0295
vt 24.3999 -41.0295
f 572/1538/253 573/1539/253 621/1540/253 620/1541/253 

vt -72.7884 -41.0295
vn 0.587774 3.42896e-18 -0.809025
vt -72.8935 -41.0295
vt -72.8935 -41.5895
vt -72.7884 -41.5895
f 619/1542/254 620/1543/254 572/1544/254 571/1545/254 

vt 5.70955 25.3138
vn 6.56842e-17 1 1.6975e-15
v 2923.6 -719.6 -12606.9
vt 5.84719 25.2138
v 2887.27 -719.6 -12656.9
vt 5.77454 25.3138
f 599/1546/255 591/1426/255 590/1429/255 636/1547/255 620/1464/255 619/1463/255 637/1548/255 

vt -124.515 -41.0295
vt -124.515 -41.1295
vt -122.804 -41.1295
vt -122.804 -41.0295
f 599/1549/29 598/1550/29 586/1551/29 591/1552/29 

v 2854.78 -999.6 -12656.9
vt 5.70955 -41.5895
v 2887.27 -999.6 -12656.9
vt 5.77454 -41.5895
vt 5.77454 -41.0295
vt 5.70955 -41.0295
vt 5.70955 -41.1295
f 638/1553/155 639/1554/155 637/1555/155 599/1556/155 598/1557/155 

usemtl FrontColor
vt 566.388 1008.61
vn 1.1317e-17 1 2.29318e-17
v 2884.16 -999.6 -12697.4
vt 561.213 1012.37
vt 549.642 996.44
vt 562.435 996.44
f 571/1558/256 640/1559/256 638/1560/256 639/1561/256 

usemtl mramor1
v 2427.03 -719.6 -13029.5
vt -71.6258 -41.0295
vn 0.587774 -1.17099e-14 -0.809025
vt -72.7559 -41.5895
v 2884.16 -769.6 -12697.4
vt -72.7559 -41.1295
vt -71.8985 -41.1295
vt -71.8985 -41.5895
vt -71.6258 -41.5895
f 641/1562/257 619/1542/257 571/1545/257 640/1563/257 642/1564/257 601/1565/257 600/1566/257 602/1567/257 

vt 4.85406 26.0589
v 1999.29 -719.6 -12718.7
vt 3.99857 25.4374
f 641/1568/3 643/1569/3 591/1426/3 593/1423/3 599/1546/3 637/1548/3 619/1463/3 

vn -0.587774 -5.53243e-15 -0.809025
vt -149.987 -41.5895
vt -149.987 -41.0295
vt -150.092 -41.0295
vt -151.15 -41.0295
vt -151.15 -41.5895
vt -150.877 -41.5895
v 2316.74 -769.6 -12949.3
vt -150.877 -41.1295
f 583/1389/258 582/1570/258 614/1571/258 643/1572/258 641/1573/258 602/1574/258 604/1575/258 644/1576/258 587/1388/258 

vt -103.524 -41.5895
vt -103.459 -41.5895
v 1966.79 -719.6 -12656.9
vt -103.459 -41.0295
vt -103.524 -41.0295
f 582/1577/249 585/1578/249 645/1579/249 614/1580/249 

vt 3.93358 -41.5895
vt 3.99857 -41.5895
vt 3.99857 -41.1295
vt 3.99857 -41.0295
vt 3.93358 -41.0295
f 585/1581/155 584/1582/155 586/1583/155 591/1584/155 645/1585/155 

v 1999.29 -769.6 -12606.9
vt 7.40072 -41.1295
vt 7.40072 -41.5895
vt 7.50072 -41.5895
vt 7.50072 -41.1295
f 646/1586/147 605/1587/147 584/1588/147 586/1589/147 

vt 5.84719 -41.0295
vn -2.75615e-08 5.82284e-08 1
vt 3.86093 -41.0295
vt 3.86093 -41.1295
vt 3.86093 -41.5895
v 2854.78 -769.6 -12606.9
v 2854.78 -999.6 -12606.9
v 2923.6 -999.6 -12606.9
vt 5.84719 -41.5895
f 636/1590/259 590/1591/259 589/1592/259 588/1593/259 605/1582/259 646/1583/259 647/1557/259 648/1553/259 649/1594/259 

vt 30.431 -41.5895
vn 0.587773 1.36274e-07 0.809026
vt 31.0444 -41.5895
vt 31.0444 -41.1295
vt 31.0444 -41.0295
v 1682.35 -719.6 -12426.6
vt 30.431 -41.0295
f 609/1595/260 588/1596/260 589/1597/260 590/1598/260 650/1599/260 

vt -122.17 24.8533
v 1847.3 -719.6 -11919
vt -122.5 23.838
v 1794.72 -719.6 -11919
vt -122.395 23.838
v 1768.6 -719.6 -11999.4
vt -122.342 23.9988
v 1623.57 -719.6 -12445.7
vt -122.052 24.8915
vt -122.634 25.3138
vt -122.666 25.2138
f 650/1600/44 651/1601/44 652/1602/44 653/1603/44 654/1604/44 612/1605/44 590/1606/44 

vt -16.6761 -41.0295
vn 0.951054 1.93011e-15 -0.309025
vt -16.6761 -41.5895
vt -16.507 -41.5895
vt -15.6086 -41.5895
vt -15.6086 -41.0295
f 651/1607/261 607/1608/261 608/1609/261 609/1610/261 650/1611/261 

vt -122.395 -1.4392
vt -122.5 -1.4392
vt -122.5 -1.9992
v 1794.72 -999.6 -11919
vt -122.395 -1.9992
f 652/1612/29 651/1613/29 607/1614/29 655/1615/29 

v 1930.47 -999.6 -11501.2
vt -122.666 23.0025
vn 1.29164e-15 -1 -5.91104e-16
vt -122.739 23.1025
f 656/1616/262 655/1602/262 607/1601/262 606/1617/262 

usemtl FrontColor
v 1511.8 -999.6 -11061.2
vt -20.9113 368.228
vt -132.299 705.928
vt -185.741 541.456
v 2923.6 -999.6 -11501.2
vt -576.737 541.456
v 3059.34 -999.6 -11919
vt -630.179 705.928
v 3342.26 -999.6 -11061.2
vt -741.566 368.228
v 3002.42 -999.6 -11061.2
vt -607.769 368.228
v 1851.64 -999.6 -11061.2
vt -154.709 368.228
f 657/1618/44 655/1619/44 656/1620/44 658/1621/44 659/1622/44 660/1623/44 661/1624/44 662/1625/44 

usemtl mramor1
vt 80.06 -9.74402e-13
vn 0.949674 2.47752e-14 0.313241
vt 81.8664 -9.74402e-13
vt 81.8664 0.56
v 1511.8 -719.6 -11061.2
vt 80.06 0.56
v 1511.8 -979.6 -11061.2
vt 80.06 0.04
f 657/1626/263 655/1627/263 652/1628/263 663/1629/263 664/1630/263 

vt -62.4262 63.712
v 1459.15 -999.6 -11061.2
vt -62.3209 63.712
vt -62.9397 65.5883
vt -62.992 65.4275
f 657/1631/44 665/1632/44 611/1633/44 655/1634/44 

vt 62.4921 21.5787
vn 4.01182e-17 1 -1.04513e-17
v 1458.93 -999.6 -11060.6
vt 62.4916 21.5774
v 1665.84 -999.6 -10483.3
vt 62.9055 20.4228
v 1670.1 -999.6 -10477.5
v 1710.47 -999.6 -10507
v 1662.34 -999.6 -10641.2
vt 62.8985 20.7387
v 1651.59 -999.6 -10671.2
vt 62.877 20.7987
v 1640.83 -999.6 -10701.2
vt 62.8554 20.8587
v 1630.08 -999.6 -10731.2
vt 62.8339 20.9187
v 1619.33 -999.6 -10761.2
vt 62.8124 20.9787
v 1608.57 -999.6 -10791.2
vt 62.7909 21.0387
v 1597.82 -999.6 -10821.2
vt 62.7694 21.0987
v 1587.07 -999.6 -10851.2
vt 62.7479 21.1587
v 1576.32 -999.6 -10881.2
vt 62.7264 21.2187
v 1565.56 -999.6 -10911.2
vt 62.7049 21.2787
v 1554.81 -999.6 -10941.2
vt 62.6834 21.3387
v 1544.06 -999.6 -10971.2
vt 62.6619 21.3987
v 1533.3 -999.6 -11001.2
vt 62.6404 21.4587
v 1522.55 -999.6 -11031.2
vt 62.6189 21.5187
vt 62.5974 21.5787
f 665/1635/264 666/1636/264 667/1637/264 668/862/264 669/890/264 670/1638/264 671/1639/264 672/1640/264 673/1641/264 674/1642/264 675/1643/264 676/1644/264 677/1645/264 678/1646/264 679/1647/264 680/1648/264 681/1649/264 682/1650/264 683/1651/264 657/1652/264 

usemtl FrontColor
v 1458.68 -999.6 -11061.2
vt 0 368.228
vn 1.95735e-14 1 1.96942e-14
vt 0.0953498 367.962
vt 0.183095 368.228
f 684/1653/265 666/1654/265 665/1655/265

usemtl mramor1
v 1458.68 -719.6 -11061.2
vt 3.17275 0.56
vn -0.941358 2.87572e-15 0.337408
vt 3.17275 2.30517e-13
vt 3.17419 2.30517e-13
vt 4.40067 2.30517e-13
v 1665.84 -719.6 -10483.3
f 685/1656/266 684/1657/266 666/1658/266 667/1659/266 686/984/266 

vt -82.0203 -2.82815e-16
vn -0.949533 -1.01408e-17 -0.313666
vt -80.0443 -2.82815e-16
vt -80.0443 0.56
vt -82.0203 0.56
f 611/1660/267 684/1661/267 685/1662/267 653/1663/267 

vt -62.3199 63.712
vn -1.95735e-14 -1 -6.44663e-15
f 684/1664/268 611/1633/268 665/1632/268

vt -62.1487 -44.1238
vn 1.77636e-13 -2.7351e-14 -1
vt -62.2549 -44.1238
vt -62.2549 -44.6438
vt -62.2549 -44.6838
vt -62.1496 -44.6838
vt -62.1487 -44.6838
f 685/1665/269 663/1666/269 664/1667/269 657/1668/269 665/1669/269 684/1670/269 

vt 62.9397 65.5883
vn -9.10931e-17 1 9.02783e-17
vt 62.3199 63.712
vt 62.4262 63.712
vt 62.992 65.4275
f 653/1671/270 685/1672/270 663/1673/270 652/1674/270 

v 1522.55 -719.6 -11031.2
vn -3.59415e-15 1 1.01414e-15
vt 62.4912 19.0281
v 1706.21 -719.6 -10512.8
v 1710.47 -719.6 -10507
v 1662.34 -719.6 -10641.2
v 1651.59 -719.6 -10671.2
v 1640.83 -719.6 -10701.2
v 1630.08 -719.6 -10731.2
v 1619.33 -719.6 -10761.2
v 1608.57 -719.6 -10791.2
v 1597.82 -719.6 -10821.2
v 1587.07 -719.6 -10851.2
v 1576.32 -719.6 -10881.2
v 1565.56 -719.6 -10911.2
v 1554.81 -719.6 -10941.2
v 1544.06 -719.6 -10971.2
v 1533.3 -719.6 -11001.2
f 687/970/271 663/865/271 685/1675/271 686/929/271 688/928/271 689/953/271 690/957/271 691/958/271 692/959/271 693/960/271 694/961/271 695/962/271 696/963/271 697/964/271 698/965/271 699/966/271 700/967/271 701/968/271 702/969/271 

v 1522.55 -979.6 -11031.2
vn 0.941358 -2.61645e-18 -0.337408
v 1522.55 -959.6 -11031.2
f 703/1144/272 664/876/272 663/875/272 687/1145/272 704/1146/272 

v 1851.64 -979.6 -11061.2
v 1851.64 -979.6 -11031.2
f 705/1130/182 664/1142/182 703/1143/182 706/1131/182 

vn 8.15706e-14 -1.38607e-12 -1
f 662/866/273 657/870/273 664/871/273 705/867/273 

vt 3.0451 22.0625
v 1851.64 -999.6 -11031.2
vt 3.70329 22.0625
vt 3.70329 22.1225
vt 3.0236 22.1225
f 683/1676/3 707/1677/3 662/1678/3 657/1679/3 

usemtl FrontColor
vt 154.709 356.417
vn -6.60073e-18 1 1.46682e-17
vt 25.1447 356.417
vt 29.3781 344.606
vt 33.6115 332.795
vt 37.8449 320.984
vt 42.0783 309.173
vt 46.3117 297.362
vt 50.545 285.551
vt 54.7784 273.74
vt 59.0118 261.929
vt 63.2452 250.118
vt 67.4786 238.307
vt 71.712 226.496
vt 75.9454 214.685
vt 80.1788 202.874
vt 99.128 150.006
v 1828.49 -999.6 -10345.5
vt 145.593 86.4365
v 1952.42 -999.6 -10175.9
vt 194.383 19.685
v 2901.64 -999.6 -10175.9
vt 568.095 19.685
v 3025.57 -999.6 -10345.5
vt 616.885 86.4365
v 3143.59 -999.6 -10507
vt 663.349 150.006
v 3191.72 -999.6 -10641.2
vt 682.299 202.874
v 3202.48 -999.6 -10671.2
vt 686.532 214.685
v 3213.23 -999.6 -10701.2
vt 690.765 226.496
v 3223.98 -999.6 -10731.2
vt 694.999 238.307
v 3234.73 -999.6 -10761.2
vt 699.232 250.118
v 3245.49 -999.6 -10791.2
vt 703.466 261.929
v 3256.24 -999.6 -10821.2
vt 707.699 273.74
v 3266.99 -999.6 -10851.2
vt 711.932 285.551
v 3277.75 -999.6 -10881.2
vt 716.166 297.362
v 3288.5 -999.6 -10911.2
vt 720.399 309.173
v 3299.25 -999.6 -10941.2
vt 724.633 320.984
v 3310 -999.6 -10971.2
vt 728.866 332.795
v 3320.76 -999.6 -11001.2
vt 733.099 344.606
v 3331.51 -999.6 -11031.2
vt 737.333 356.417
v 3002.42 -999.6 -11031.2
vt 607.769 356.417
v 3002.42 -999.6 -11001.2
vt 607.769 344.606
v 1851.64 -999.6 -11001.2
vt 154.709 344.606
f 707/1680/274 683/1681/274 682/1682/274 681/1683/274 680/1684/274 679/1685/274 678/1686/274 677/1687/274 676/1688/274 675/1689/274 674/1690/274 673/1691/274 672/1692/274 671/1693/274 670/1694/274 669/1695/274 708/1696/274 709/1697/274 710/1698/274 711/1699/274 712/1700/274 713/1701/274 714/1702/274 715/1703/274 716/1704/274 717/1705/274 718/1706/274 719/1707/274 720/1708/274 721/1709/274 722/1710/274 723/1711/274 724/1712/274 725/1713/274 726/1714/274 727/1715/274 728/1716/274 729/1717/274 

usemtl mramor1
vt 3.70329 22.0025
vt 3.06661 22.0025
vt 3.08812 21.9425
v 1851.64 -999.6 -10971.2
vt 3.70329 21.9425
f 729/1718/3 682/1719/3 681/1720/3 730/1721/3 

v 1851.64 -999.6 -10941.2
vt 3.70329 21.8825
vt 3.10962 21.8825
vt 3.13113 21.8225
v 1851.64 -999.6 -10911.2
vt 3.70329 21.8225
f 731/1722/3 680/1723/3 679/1724/3 732/1725/3 

v 1851.64 -999.6 -10881.2
vt 3.70329 21.7625
vt 3.15263 21.7625
vt 3.17414 21.7025
v 1851.64 -999.6 -10851.2
vt 3.70329 21.7025
f 733/1726/3 678/1727/3 677/1728/3 734/1729/3 

v 1851.64 -999.6 -10821.2
vt 3.70329 21.6425
vt 3.19564 21.6425
vt 3.21715 21.5825
v 1851.64 -999.6 -10791.2
vt 3.70329 21.5825
f 735/1730/3 676/1731/3 675/1732/3 736/1733/3 

vt 3.23865 21.5225
v 1851.64 -999.6 -10761.2
vt 3.70329 21.5225
f 736/1733/3 675/1732/3 674/1734/3 737/1735/3 

vt 3.26016 21.4625
v 1851.64 -999.6 -10731.2
vt 3.70329 21.4625
f 737/1735/3 674/1734/3 673/1736/3 738/1737/3 

vt 3.32468 21.2825
v 1851.64 -999.6 -10641.2
vt 3.70329 21.2825
v 1851.64 -999.6 -10671.2
vt 3.70329 21.3425
vt 3.30317 21.3425
f 670/1738/3 739/1739/3 740/1740/3 671/1741/3 

usemtl FrontColor
v 1788.12 -999.6 -10316
vt 129.7 74.8204
vt 83.2357 138.39
f 741/1742/3 708/1696/3 669/1695/3 668/1743/3 

usemtl mramor1
v 3065.94 -999.6 -10316
v 1927.03 -999.6 -10125.9
v 2927.03 -999.6 -10125.9
f 742/1324/3 711/1325/3 710/1326/3 709/1327/3 708/1328/3 741/1329/3 743/1330/3 744/1331/3 

usemtl FrontColor
vt 632.777 74.8204
v 3183.96 -999.6 -10477.5
vt 679.242 138.39
f 742/1744/3 745/1745/3 712/1700/3 711/1699/3 

usemtl mramor1
vt -6.64228 0.54376
vn 0.807331 3.97289e-14 0.590099
v 3188.22 -999.6 -10483.3
v 3188.22 -719.6 -10483.3
f 742/1746/275 745/993/275 746/997/275 747/998/275 355/995/275 744/996/275 

vn -6.19293e-16 1 -1.62583e-16
vt 65.9502 20.4228
v 3389.33 -999.6 -11044.4
vt 66.3524 21.545
vt 66.2583 21.5787
vt 66.2368 21.5187
vt 66.2153 21.4587
vt 66.1938 21.3987
vt 66.1723 21.3387
vt 66.1508 21.2787
vt 66.1293 21.2187
vt 66.1078 21.1587
vt 66.0863 21.0987
vt 66.0648 21.0387
vt 66.0433 20.9787
vt 66.0217 20.9187
vt 66.0002 20.8587
vt 65.9787 20.7987
vt 65.9572 20.7387
f 745/857/276 746/1747/276 748/1748/276 660/1749/276 726/1750/276 725/1751/276 724/1752/276 723/1753/276 722/1754/276 721/1755/276 720/1756/276 719/1757/276 718/1758/276 717/1759/276 716/1760/276 715/1761/276 714/1762/276 713/1763/276 712/911/276 

vt 39.0763 -1.21648e-15
vn 0.941358 2.0371e-17 0.337408
vt 40.2684 -9.27714e-16
v 3395.14 -999.6 -11060.6
vt 40.3028 -1.21648e-15
v 3395.14 -719.6 -11060.6
vt 40.3028 0.56
f 746/1764/277 748/1765/277 749/1766/277 750/1767/277 747/999/277 

vt 65.5212 65.4275
vn -5.29555e-16 1 1.21901e-16
vt 66.0871 63.712
vt 66.1812 63.6782
vt 66.1928 63.7106
v 3085.47 -999.6 -11999.4
vt 65.5735 65.5883
f 659/1768/278 660/1769/278 748/1770/278 749/1771/278 751/1772/278 

vt -41.6108 1.34777e-13
vn -0.949674 1.57688e-15 0.313241
vt -39.8044 1.34777e-13
v 3342.26 -979.6 -11061.2
vt -39.8044 0.04
v 3342.26 -719.6 -11061.2
vt -39.8044 0.56
v 3059.34 -719.6 -11919
vt -41.6108 0.56
f 659/1773/279 660/1774/279 752/1775/279 753/1776/279 754/1777/279 

vn 5.43804e-14 -4.62023e-13 -1
v 3002.42 -979.6 -11061.2
f 660/848/280 661/849/280 755/850/280 752/851/280 

vt 6.00483 22.0625
vt 6.66302 22.0625
vt 6.68452 22.1225
vt 6.00483 22.1225
f 727/1778/3 726/1779/3 660/1780/3 661/1781/3 

vt 6.00483 22.0025
f 729/1718/3 728/1782/3 727/1778/3 661/1781/3 662/1678/3 707/1677/3 

vn -8.02979e-15 -3.46517e-13 -1
v 1851.64 -959.6 -11061.2
v 3002.42 -959.6 -11061.2
f 661/849/281 662/866/281 705/867/281 756/868/281 757/869/281 755/850/281 

v 1851.64 -959.6 -11031.2
f 758/1308/221 756/1309/221 705/1310/221 706/1311/221 

v 1851.64 -959.6 -11001.2
v 3002.42 -959.6 -11001.2
v 3002.42 -959.6 -11031.2
f 759/1129/3 760/1122/3 761/847/3 757/846/3 756/1130/3 758/1131/3 

v 1851.64 -939.6 -11001.2
v 1851.64 -919.6 -11001.2
v 3002.42 -919.6 -11001.2
v 3002.42 -939.6 -11001.2
f 760/838/180 759/1132/180 762/1133/180 763/1134/180 764/1116/180 765/1115/180 

v 1533.3 -959.6 -11001.2
v 1533.3 -939.6 -11001.2
f 759/868/179 766/1135/179 767/1136/179 762/1137/179 

f 759/1106/181 758/1138/181 704/970/181 766/969/181 

f 706/1139/29 703/1140/29 704/1141/29 758/1132/29 

f 704/1146/184 687/1145/184 702/1147/184 767/1148/184 766/1149/184 

v 1544.06 -939.6 -10971.2
v 1544.06 -919.6 -10971.2
f 768/1150/185 767/1148/185 702/1147/185 701/1151/185 769/1152/185 

v 1851.64 -939.6 -10971.2
f 762/1129/3 767/1153/3 768/1154/3 770/1155/3 

v 1851.64 -919.6 -10971.2
f 771/1156/29 770/1137/29 768/1157/29 769/1158/29 

f 763/1159/186 762/1160/186 770/1161/186 771/1162/186 

v 3002.42 -919.6 -10941.2
v 3002.42 -919.6 -10971.2
v 1851.64 -919.6 -10941.2
f 772/1104/178 773/1103/178 764/1105/178 763/1106/178 771/1107/178 774/1108/178 

v 3299.25 -919.6 -10941.2
v 3310 -919.6 -10971.2
f 773/1103/3 772/1104/3 775/939/3 776/938/3 

v 3299.25 -899.6 -10941.2
v 3002.42 -899.6 -10941.2
f 777/1096/177 775/1097/177 772/1098/177 778/1099/177 

v 3299.25 -719.6 -10941.2
v 3310 -719.6 -10971.2
f 776/1100/148 775/1101/148 777/1087/148 779/1091/148 780/1102/148 

v 3288.5 -899.6 -10911.2
v 3288.5 -879.6 -10911.2
v 3288.5 -719.6 -10911.2
f 777/1087/176 781/1088/176 782/1089/176 783/1090/176 779/1091/176 

v 3002.42 -899.6 -10911.2
f 777/1092/3 778/1093/3 784/1094/3 781/1095/3 

v 3002.42 -879.6 -10911.2
v 3002.42 -879.6 -10941.2
f 785/1210/201 784/1211/201 778/1212/201 786/1213/201 

f 782/1208/194 781/1209/194 784/1099/194 785/1081/194 

v 3002.42 -879.6 -10881.2
v 3277.75 -879.6 -10881.2
f 787/1078/3 788/1077/3 782/1095/3 785/1094/3 

v 3277.75 -859.6 -10881.2
v 3002.42 -859.6 -10881.2
f 789/1079/175 788/1080/175 787/1081/175 790/1073/175 

v 3277.75 -719.6 -10881.2
f 788/1082/148 789/1083/148 791/1084/148 783/1085/148 782/1086/148 

v 3266.99 -859.6 -10851.2
v 3266.99 -839.6 -10851.2
v 3266.99 -719.6 -10851.2
f 789/1074/148 792/1075/148 793/1066/148 794/1068/148 791/1076/148 

v 3002.42 -859.6 -10851.2
f 789/1077/3 790/1078/3 795/1070/3 792/1069/3 

v 3002.42 -839.6 -10851.2
v 3002.42 -839.6 -10881.2
f 796/1242/208 795/1243/208 790/1244/208 797/1245/208 

f 793/1071/174 792/1072/174 795/1073/174 796/1065/174 

v 3002.42 -839.6 -10821.2
v 3256.24 -839.6 -10821.2
f 798/1062/3 799/1061/3 793/1069/3 796/1070/3 

v 3256.24 -819.6 -10821.2
v 3002.42 -819.6 -10821.2
f 800/1063/172 799/1064/172 798/1065/172 801/1057/172 

v 3256.24 -719.6 -10821.2
f 793/1066/173 799/1067/173 800/1058/173 802/1060/173 794/1068/173 

v 3245.49 -819.6 -10791.2
v 3245.49 -799.6 -10791.2
v 3245.49 -719.6 -10791.2
f 800/1058/171 803/1059/171 804/1050/171 805/1052/171 802/1060/171 

v 3002.42 -819.6 -10791.2
f 800/1061/3 801/1062/3 806/1054/3 803/1053/3 

v 3002.42 -799.6 -10821.2
v 3002.42 -799.6 -10791.2
f 807/1304/220 808/1305/220 806/1306/220 801/1307/220 

v 1851.64 -799.6 -10821.2
v 1851.64 -799.6 -10791.2
v 1851.64 -799.6 -10761.2
v 3002.42 -799.6 -10761.2
f 809/1241/3 810/1250/3 811/1251/3 812/1252/3 808/1253/3 807/1238/3 

v 1851.64 -819.6 -10821.2
v 1851.64 -819.6 -10791.2
f 810/1246/209 809/1247/209 813/1248/209 814/1249/209 

v 1851.64 -839.6 -10821.2
f 798/1202/207 815/1201/207 813/1234/207 809/1235/207 807/1236/207 801/1237/207 

v 1851.64 -839.6 -10881.2
v 1851.64 -839.6 -10851.2
f 798/1238/3 796/1239/3 797/1204/3 816/1207/3 817/1240/3 815/1241/3 

v 1851.64 -879.6 -10881.2
v 1851.64 -859.6 -10881.2
f 787/1178/200 818/1177/200 819/1200/200 816/1201/200 797/1202/200 790/1203/200 

v 1851.64 -879.6 -10941.2
v 1851.64 -879.6 -10911.2
f 787/1204/3 785/1205/3 786/1104/3 820/1108/3 821/1206/3 818/1207/3 

v 1851.64 -899.6 -10941.2
f 772/1116/192 774/1134/192 822/1176/192 820/1177/192 786/1178/192 778/1179/192 

v 1554.81 -919.6 -10941.2
v 1554.81 -899.6 -10941.2
f 774/1156/191 823/1173/191 824/1174/191 822/1175/191 

f 771/1155/187 769/1154/187 823/1163/187 774/1164/187 

f 823/1165/188 769/1152/188 701/1151/188 700/1166/188 824/1167/188 

v 1565.56 -899.6 -10911.2
v 1565.56 -879.6 -10911.2
f 825/1168/189 824/1167/189 700/1166/189 699/1169/189 826/1170/189 

v 1851.64 -899.6 -10911.2
f 822/1164/190 824/1163/190 825/1171/190 827/1172/190 

f 821/1184/194 827/1175/194 825/1185/194 826/1186/194 

f 820/1180/193 822/1181/193 827/1182/193 821/1183/193 

v 1576.32 -879.6 -10881.2
f 821/1172/195 826/1171/195 828/1187/195 818/1188/195 

v 1576.32 -859.6 -10881.2
f 828/1189/196 826/1170/196 699/1169/196 698/1190/196 829/1191/196 

v 1587.07 -859.6 -10851.2
v 1587.07 -839.6 -10851.2
f 830/1192/197 829/1191/197 698/1190/197 697/1193/197 831/1194/197 

v 1851.64 -859.6 -10851.2
f 819/1188/198 829/1187/198 830/1195/198 832/1196/198 

f 818/1184/199 828/1197/199 829/1198/199 819/1199/199 

f 817/1218/29 832/1199/29 830/1219/29 831/1220/29 

f 816/1214/186 819/1215/186 832/1216/186 817/1217/186 

v 1597.82 -839.6 -10821.2
f 817/1196/202 831/1195/202 833/1221/202 815/1222/202 

v 1597.82 -819.6 -10821.2
f 833/1223/203 831/1194/203 697/1193/203 696/1224/203 834/1225/203 

v 1608.57 -819.6 -10791.2
v 1608.57 -799.6 -10791.2
f 835/1226/204 834/1225/204 696/1224/204 695/1227/204 836/1228/204 

f 813/1222/205 834/1221/205 835/1229/205 814/1230/205 

f 815/1218/206 833/1231/206 834/1232/206 813/1233/206 

f 836/1256/29 810/1257/29 814/1233/29 835/1258/29 

v 1619.33 -799.6 -10761.2
f 810/1230/3 836/1229/3 837/1254/3 811/1255/3 

v 1619.33 -779.6 -10761.2
f 837/1259/210 836/1228/210 695/1227/210 694/1260/210 838/1261/210 

v 1630.08 -779.6 -10731.2
v 1630.08 -759.6 -10731.2
f 839/1262/211 838/1261/211 694/1260/211 693/1263/211 840/1264/211 

v 1851.64 -779.6 -10761.2
v 1851.64 -779.6 -10731.2
f 841/1255/3 838/1254/3 839/1265/3 842/1266/3 

f 811/1257/212 837/1267/212 838/1268/212 841/1269/212 

v 1851.64 -759.6 -10761.2
v 3002.42 -759.6 -10761.2
v 3002.42 -779.6 -10761.2
f 812/1236/213 811/1235/213 841/1270/213 843/1271/213 844/1030/213 845/1038/213 

v 1851.64 -759.6 -10731.2
f 843/1272/186 841/1273/186 842/1274/186 846/1275/186 

f 839/1276/214 840/1277/214 846/1278/214 842/1269/214 

v 1851.64 -759.6 -10701.2
v 1640.83 -759.6 -10701.2
f 847/1014/3 846/1279/3 840/960/3 848/959/3 

v 3002.42 -759.6 -10701.2
v 3002.42 -759.6 -10731.2
f 843/1251/3 846/1279/3 847/1014/3 849/1013/3 850/1035/3 844/1252/3 

v 1851.64 -739.6 -10701.2
v 1851.64 -719.6 -10701.2
v 3002.42 -719.6 -10701.2
v 3002.42 -739.6 -10701.2
f 849/1030/215 847/1271/215 851/1280/215 852/1281/215 853/1282/215 854/1031/215 

v 1640.83 -739.6 -10701.2
f 847/1271/216 848/1283/216 855/1284/216 851/1280/216 

f 848/1285/217 840/1264/217 693/1263/217 692/1286/217 855/1287/217 

v 1651.59 -739.6 -10671.2
f 856/1288/218 855/1287/218 692/1286/218 691/1289/218 

v 1851.64 -739.6 -10671.2
f 857/1015/3 851/1014/3 855/959/3 856/958/3 

v 1851.64 -719.6 -10671.2
f 852/1290/186 851/1291/186 857/1292/186 858/1293/186 

f 856/1294/219 691/1295/219 858/1281/219 857/1280/219 

v 3191.72 -719.6 -10641.2
v 3002.42 -719.6 -10641.2
v 3002.42 -719.6 -10671.2
v 1952.42 -719.6 -10175.9
v 2901.64 -719.6 -10175.9
v 3143.59 -719.6 -10507
f 859/949/3 860/1011/3 861/1012/3 853/1013/3 852/1014/3 858/1015/3 691/958/3 690/957/3 689/953/3 862/952/3 863/951/3 864/950/3 

v 3202.48 -719.6 -10671.2
f 859/1016/3 865/1017/3 861/1018/3 860/1019/3 

vn -2.70935e-17 1 -5.06008e-17
vt 66.3641 19.0268
v 3085.47 -719.6 -11999.4
vt 65.7447 20.9045
vt 65.6925 20.7436
v 3331.51 -719.6 -11031.2
v 3320.76 -719.6 -11001.2
v 3234.73 -719.6 -10761.2
v 3223.98 -719.6 -10731.2
v 3213.23 -719.6 -10701.2
v 1927.03 -719.6 -10125.9
f 747/933/282 750/1783/282 866/1784/282 754/1785/282 753/854/282 867/936/282 868/937/282 780/938/282 779/939/282 783/940/282 791/941/282 794/942/282 802/943/282 805/944/282 869/945/282 870/946/282 871/947/282 865/948/282 859/949/282 864/950/282 863/951/282 862/952/282 689/953/282 688/928/282 686/929/282 872/930/282 355/931/282 

vt 39.7699 0
vt 41.7471 0
vt 41.7471 0.56
vt 39.7699 0.56
f 749/1786/46 751/1787/46 866/1788/46 750/1789/46 

vt -82.6418 0
vt -82.4727 0
vt -82.4727 0.56
vt -82.6418 0.56
f 751/1790/248 659/1791/248 754/1792/248 866/1793/248 

v 3006.77 -719.6 -11919
vt -124.819 -1.4392
vt -124.924 -1.4392
vt -124.924 -1.9992
v 3006.77 -999.6 -11919
vt -124.819 -1.9992
f 873/1794/29 754/1795/29 659/1796/29 874/1797/29 

vt -124.976 23.9988
vt -124.924 23.838
vt -124.819 23.838
v 3171.71 -719.6 -12426.6
vt -125.149 24.8533
vt -124.652 25.2138
vt -124.685 25.3138
v 3230.49 -719.6 -12445.7
vt -125.266 24.8915
f 866/1798/44 754/1799/44 873/1800/44 875/1801/44 636/1802/44 620/1803/44 876/1804/44 

v 3050.03 -999.6 -12052.2
vt -82.7203 3.81176e-15
vn -0.951054 -2.32717e-15 -0.309025
vt -82.4403 3.81176e-15
vt -82.4403 0.56
vt -83.5078 0.56
v 3171.71 -999.6 -12426.6
vt -83.5078 3.81176e-15
f 877/1805/283 874/1806/283 873/1807/283 875/1808/283 878/1809/283 

vt 6.34342 24.8533
vt 6.01353 23.838
vt 6.10007 24.1043
f 878/1810/229 874/1811/229 877/1812/229

f 649/1547/229 874/1811/229 878/1810/229

f 649/1547/229 603/1421/229 874/1811/229

vt 5.70955 25.2138
f 648/1813/229 603/1421/229 649/1547/229

f 569/1498/229 603/1421/229 648/1813/229

f 565/1497/229 603/1421/229 569/1498/229

f 600/1422/229 603/1421/229 565/1497/229

f 565/1497/229 602/1568/229 600/1422/229

f 565/1497/229 604/1425/229 602/1568/229

f 604/1425/229 565/1497/229 564/1506/229

vt 4.55969 -41.5895
vt 5.14843 -41.5895
vt 5.14843 -41.0295
vt 4.55969 -41.0295
f 564/1814/155 565/1815/155 632/1816/155 631/1817/155 

vt -48.9577 -41.5895
vn -0.587774 0 0.809025
vt -47.4807 -41.5895
vt -47.4807 -41.0295
vt -48.9577 -41.0295
f 565/1818/284 566/1819/284 628/1820/284 632/1821/284 

vt 32.646 -41.5895
vn 0.587774 0 0.809025
vt 34.1231 -41.5895
vt 34.1231 -41.0295
vt 32.646 -41.0295
f 563/1822/285 564/1823/285 631/1824/285 630/1825/285 

f 562/1459/229 564/1506/229 563/1505/229

vt 4.30987 27.8749
f 564/1506/229 562/1459/229 561/1826/229

f 564/1506/229 561/1826/229 557/1375/229

f 557/1375/229 604/1425/229 564/1506/229

f 584/1426/229 604/1425/229 557/1375/229

f 557/1375/229 583/1377/229 584/1426/229

vt -13.244 -41.5895
vt -12.0247 -41.5895
vt -12.0247 -41.0295
vt -13.244 -41.0295
f 562/1827/240 563/1828/240 630/1829/240 616/1830/240 

usemtl FrontColor
vt 337.817 1111.57
vt 349.387 1095.65
f 602/1418/3 604/1831/3 595/1832/3 592/1419/3 

usemtl mramor1
vt -76.2634 -41.5895
vn -0.809025 0 0.587774
vt -76.2634 -41.1295
vt -76.3634 -41.1295
vt -76.3634 -41.5895
f 595/1833/286 594/1834/286 644/1835/286 604/1836/286 

vt -123.497 25.8178
vt -122.804 25.3138
vt -122.745 25.3947
vt -123.439 25.8987
f 594/1837/44 586/1838/44 587/1839/44 644/1840/44 

f 638/1546/229 569/1498/229 648/1813/229

f 569/1498/229 638/1546/229 570/1462/229

vt 5.76833 25.3947
f 570/1462/229 638/1546/229 640/1841/229

vt -151.8 -41.5895
vt -151.8 -41.1295
vt -151.9 -41.1295
vt -151.9 -41.5895
f 638/1842/247 598/1843/247 642/1844/247 640/1845/247 

vt -126.206 -41.5895
vt -126.206 -41.1295
vt -126.306 -41.1295
vt -126.306 -41.5895
f 648/1846/186 647/1847/186 598/1848/186 638/1849/186 

vt -124.515 25.2138
vt -122.804 25.2138
vt -124.515 25.3138
f 647/1850/44 646/1851/44 586/1838/44 598/1852/44 

f 649/1547/3 638/1546/3 648/1813/3

vn -5.61675e-17 -1 -6.59327e-17
vt -123.821 25.8178
vt -123.88 25.8987
vt -124.573 25.3947
f 598/1852/287 597/1853/287 601/1854/287 642/1855/287 

f 570/1462/229 640/1841/229 571/1463/229

vt -145.013 -41.5895
vt -143.237 -41.5895
vt -143.237 -41.0295
vt -145.013 -41.0295
f 570/1856/248 571/1857/248 619/1858/248 618/1859/248 

vt -124.58 23.1025
vt -124.652 23.0025
f 603/1860/44 874/1800/44 659/1799/44 658/1861/44 

v 2923.6 -499.6 -11501.2
vt -133.978 -0.9992
vn -0.809019 0 0.587782
v 2887.27 -499.6 -11551.2
vt -134.101 -0.9992
vt -134.101 -1.9992
vt -133.978 -1.9992
f 879/1862/288 880/1863/288 603/1864/288 658/1865/288 

v 1930.47 -499.6 -11501.2
v 1966.79 -499.6 -11551.2
f 879/1861/44 881/1616/44 882/1617/44 880/1860/44 

usemtl FrontColor
vt -576.737 0
vt -185.741 0
vt -185.741 196.85
vt -576.737 196.85
f 658/1866/29 656/1867/29 881/1868/29 879/1869/29 

usemtl mramor1
vt -97.8027 -0.9992
vn 0.80902 0 0.587782
vt -97.9263 -0.9992
vt -97.9263 -1.9992
vt -97.8027 -1.9992
f 882/1870/289 881/1871/289 656/1872/289 606/1873/289 

usemtl FrontColor
vt 200.042 0
vt 562.435 0
vt 562.435 196.85
vt 200.042 196.85
f 606/1874/155 603/1875/155 880/1876/155 882/1877/155 

usemtl mramor1
vt -45.8791 -41.5895
vt -45.2657 -41.5895
vt -45.2657 -41.0295
vt -45.8791 -41.0295
f 649/1878/284 878/1879/284 875/1880/284 636/1881/284 

v 3230.49 -999.6 -12445.7
vt -73.6121 -41.5895
vt -73.6121 -41.0295
f 883/1882/251 572/1544/251 620/1543/251 876/1883/251 

vt 23.2393 -41.5895
vt 24.1779 -41.5895
vt 24.1779 -41.0295
vt 23.2393 -41.0295
f 751/1884/252 883/1885/252 876/1886/252 866/1887/252 

vn -0.941358 2.61645e-18 -0.337408
v 3331.51 -979.6 -11031.2
v 3331.51 -959.6 -11031.2
f 752/839/290 884/840/290 885/841/290 867/842/290 753/843/290 

v 3002.42 -979.6 -11031.2
f 884/844/3 752/845/3 755/846/3 886/847/3 

f 761/831/147 886/832/147 755/833/147 757/834/147 

f 885/835/29 884/836/29 886/837/29 761/838/29 

v 3320.76 -959.6 -11001.2
f 761/1128/3 760/1105/3 887/937/3 885/936/3 

v 3320.76 -939.6 -11001.2
f 888/1124/179 887/1125/179 760/869/179 765/1126/179 

f 885/841/148 887/1127/148 888/1117/148 868/1119/148 867/842/148 

v 3310 -939.6 -10971.2
f 888/1117/148 889/1118/148 776/1100/148 780/1102/148 868/1119/148 

v 3002.42 -939.6 -10971.2
f 889/1120/3 888/1121/3 765/1122/3 890/1123/3 

f 773/1109/147 890/1110/147 765/1111/147 764/1112/147 

f 776/1113/29 889/1114/29 890/1115/29 773/1116/29 

v 3234.73 -799.6 -10761.2
v 3234.73 -779.6 -10761.2
f 804/1050/148 891/1051/148 892/1039/148 869/1041/148 805/1052/148 

f 812/1043/3 891/1042/3 804/1053/3 808/1054/3 

f 892/1046/29 891/1047/29 812/1048/29 845/1049/29 

v 3002.42 -779.6 -10731.2
v 3223.98 -779.6 -10731.2
f 892/1042/3 845/1043/3 893/1044/3 894/1045/3 

f 850/1300/220 893/1301/220 845/1302/220 844/1303/220 

v 3223.98 -759.6 -10731.2
f 895/1036/169 894/1037/169 893/1038/169 850/1030/169 

f 892/1039/148 894/1040/148 895/1032/148 870/1034/148 869/1041/148 

v 3213.23 -759.6 -10701.2
v 3213.23 -739.6 -10701.2
f 895/1032/148 896/1033/148 897/1024/148 871/1027/148 870/1034/148 

f 849/1013/3 896/947/3 895/946/3 850/1035/3 

f 897/1028/168 896/1029/168 849/1030/168 854/1031/168 

v 3002.42 -739.6 -10671.2
v 3202.48 -739.6 -10671.2
f 897/947/3 854/1013/3 898/1012/3 899/948/3 

f 861/1296/220 898/1297/220 854/1298/220 853/1299/220 

f 865/1020/29 899/1021/29 898/1022/29 861/1023/29 

f 897/1024/167 899/1025/167 865/1026/167 871/1027/167 

f 808/1048/170 804/1055/170 803/1056/170 806/1057/170 

vn -0.807331 9.3259e-15 0.590099
vt 22.6917 8.1646e-13
vt 22.7061 8.1646e-13
vt 23.1061 8.1646e-13
vt 23.5769 8.1646e-13
f 686/985/291 667/1888/291 668/1889/291 741/1890/291 743/1891/291 872/988/291 

vt 63.4278 -1.02049e-12
vn -4.62023e-15 -1.65008e-14 1
vt 65.4278 -1.02049e-12
f 743/1892/292 744/1893/292 355/991/292 872/992/292 

vt 6.62001 21.9425
vt 6.64151 22.0025
v 3002.42 -999.6 -10971.2
vt 6.00483 21.9425
f 724/1894/3 725/1895/3 728/1782/3 900/1896/3 

vt 6.5985 21.8825
v 3002.42 -999.6 -10941.2
vt 6.00483 21.8825
v 3002.42 -999.6 -10911.2
vt 6.00483 21.8225
vt 6.577 21.8225
f 723/1897/3 901/1898/3 902/1899/3 722/1900/3 

v 3002.42 -999.6 -10881.2
vt 6.00483 21.7625
vt 6.55549 21.7625
f 903/1901/3 721/1902/3 722/1900/3 902/1899/3 

v 3002.42 -999.6 -10851.2
vt 6.00483 21.7025
vt 6.53399 21.7025
f 904/1903/3 720/1904/3 721/1902/3 903/1901/3 

vt 6.49097 21.5825
v 3002.42 -999.6 -10791.2
vt 6.00483 21.5825
v 3002.42 -999.6 -10761.2
vt 6.00483 21.5225
vt 6.46947 21.5225
f 718/1905/3 905/1906/3 906/1907/3 717/1908/3 

v 3002.42 -999.6 -10731.2
vt 6.00483 21.4625
v 3002.42 -999.6 -10701.2
vt 6.00483 21.4025
vt 6.42646 21.4025
vt 6.44796 21.4625
f 907/1909/3 908/1910/3 715/1911/3 716/1912/3 

v 3002.42 -999.6 -10671.2
vt 6.00483 21.3425
vt 6.40495 21.3425
f 909/1913/3 714/1914/3 715/1911/3 908/1910/3 

v 3002.42 -999.6 -10641.2
vt 6.00483 21.2825
vt 6.38345 21.2825
f 910/1915/3 713/1916/3 714/1914/3 909/1913/3 

vt 42.7589 0
vt 42.928 0
vt 42.928 0.56
vt 42.7589 0.56
f 655/1917/240 611/1918/240 653/1919/240 652/1920/240 

vt -103.269 -41.5895
vt -102.331 -41.5895
vt -102.331 -41.0295
vt -103.269 -41.0295
f 610/1921/249 611/1922/249 653/1923/249 654/1924/249 

vt -149.882 -41.5895
vt -149.164 -41.5895
vt -149.164 -41.0295
vt -149.882 -41.0295
f 581/1925/250 610/1926/250 654/1927/250 612/1928/250 

vt 63.3361 66.9033
vn -8.64697e-16 1 5.84055e-16
vt 63.2635 66.8033
vt 63.4011 66.9033
f 645/1929/293 614/1373/293 612/1372/293 590/1930/293 591/1931/293 

vt 3.93358 25.3138
f 645/1932/3 591/1426/3 643/1569/3 614/1374/3 

f 605/1427/3 584/1426/3 588/1429/3

usemtl FrontColor
vt -392.809 1570.01
vn 2.60123e-15 -1 -1.88985e-15
vt -381.239 1578.42
f 626/1933/294 553/1334/294 624/1934/294

vt -369.668 1570.01
vn -1.60778e-14 -1 1.16809e-14
f 556/1935/295 624/1934/295 553/1334/295 552/1333/295 

g Mesh7 Component_2_1 Model

usemtl mramor1
v -6.35728 298.174 -3840.14
vt 0.298977 0.517842
vn 0.467077 -0.304061 -0.830293
v 1621.51 1356.36 -3311.91
vt 0.298977 -0.174985
v 1639.35 1316.64 -3287.33
vt 0.316193 -0.174985
v 11.4841 258.457 -3815.56
vt 0.316193 0.517842
f 911/1936/296 912/1937/296 913/1938/296 914/1939/296 

vt 4.02934 6.84894
vn -0.110253 -0.302927 0.946615
vt 3.36148 7.18161
v 22.5101 258.435 -3849.49
vt 3.35322 7.16501
v 1650.38 1316.62 -3321.26
vt 4.02107 6.83234
f 912/1940/297 911/1941/297 915/1942/297 916/1943/297 

v 1929.22 1356.96 -2364.91
vt 0.275122 -0.210511
vn -0.577348 0.794774 0.187092
vt 0.321423 0.129205
vt -0.226305 0.553474
v 923.164 300 -979.479
vt -0.36617 -0.472723
f 917/1944/298 912/1945/298 911/1946/298 918/1947/298 

vt 3.26443 7.63998
vn -0.755758 -0.606905 0.245958
vt 3.07941 7.95951
vt 3.06336 7.95022
v 1657.19 1316.63 -3300.29
vt 3.06746 7.94314
v 1951.27 1317.21 -2395.23
vt 3.24429 7.63777
v 1958.09 1317.22 -2374.26
vt 3.24839 7.63069
f 917/1948/299 912/1949/299 916/1950/299 919/1951/299 920/1952/299 921/1953/299 

vt -0.385636 0.046156
vn -0.951053 0.000197292 0.309028
vt -0.198815 0.333643
v 1621.51 1256.36 -3311.85
vt -0.227687 0.352405
v 1929.22 1256.96 -2364.84
vt -0.414508 0.064918
f 917/1954/300 912/1955/300 922/1956/300 923/1957/300 

v 3232.65 1356.36 -3311.93
vt 1.11526 0.362371
vn -7.34017e-09 1 -0.000638449
v 2427.07 1355.98 -3897.2
vt 0.837887 0.563898
vt 0.56051 0.362371
vt 0.666458 0.0362947
v 2924.96 1356.96 -2364.92
vt 1.00932 0.0362947
f 924/1958/301 925/1959/301 912/1960/301 917/1961/301 926/1962/301 

vt 0.298977 -0.689271
vn -0.467079 0.607472 0.642507
vt 0.298977 -0.346414
v 2409.23 1316.27 -3872.62
vt 0.28176 -0.346414
v 2427.07 1316.28 -3859.66
vt 0.28176 -0.354007
v 3196.97 1316.63 -3300.31
vt 0.28176 -0.681678
v 3214.81 1316.64 -3287.35
vt 0.28176 -0.689271
f 924/1963/302 925/1964/302 927/1965/302 928/1966/302 929/1967/302 930/1968/302 

vt 0.491192 0.013803
vn 0.587776 -0.000516516 -0.809024
vt 0.739632 -0.222478
v 3232.65 1256.36 -3311.86
vt 0.763361 -0.197527
v 2427.07 1255.98 -3897.14
vt 0.514921 0.0387532
f 925/1969/303 924/1970/303 931/1971/303 932/1972/303 

v 4860.51 298.174 -3840.19
vt 1.67966 0.837887
vn 0.356816 0.794341 -0.491635
v 2946.98 297.286 -5230.42
vt 0.974367 1.24509
v 2941.93 300.568 -5228.78
vt 0.972507 1.24401
v 2894.62 331.327 -5213.42
vt 0.955065 1.23394
v 2497.38 429.844 -5342.55
vt 0.808651 1.2539
v 2427.06 447.285 -5365.41
vt 0.782731 1.25743
vt 0.782731 0.662901
vt 1.07965 0.491473
f 933/1973/304 934/1974/304 935/1975/304 936/1976/304 937/1977/304 938/1978/304 925/1979/304 924/1980/304 

v 4824.83 258.448 -3828.58
vt -0.28176 -1.02809
vn 0.467079 -0.607472 -0.642507
v 2929.14 257.569 -5205.84
vt -0.28176 -0.221283
vt -0.298977 -0.221283
vt -0.298977 -1.03569
v 4842.67 258.457 -3815.61
vt -0.28176 -1.03569
f 939/1981/305 940/1982/305 934/1983/305 933/1984/305 941/1985/305 

vt -1.67966 0.837887
vn -0.356816 -0.794341 0.491635
vt -1.07965 0.491473
vt -1.07308 0.495269
vt -0.789307 0.659105
vt -0.782731 0.662901
v 2409.22 407.568 -5340.83
vt -0.782731 1.25743
v 2427.06 403.144 -5335.03
vt -0.789307 1.25654
v 2479.54 390.127 -5317.97
vt -0.808651 1.2539
v 2876.77 291.61 -5188.84
vt -0.955065 1.23394
v 2924.09 260.851 -5204.2
vt -0.972507 1.24401
vt -0.974367 1.24509
vt -1.67308 0.841683
f 941/1986/306 930/1987/306 929/1988/306 928/1989/306 927/1990/306 942/1991/306 943/1992/306 944/1993/306 945/1994/306 946/1995/306 940/1996/306 939/1997/306 

vt -0.298977 1.87357
vn 0.467096 0.304061 0.830282
vt -0.298977 1.18074
vt -0.28176 1.18074
vt -0.28176 1.87357
f 933/1998/307 924/1999/307 930/2000/307 941/2001/307 

vt 1.08828 0.546973
vn -0.110275 0.302927 -0.946612
vt 1.61201 1.00054
v 4831.64 258.435 -3849.55
vt 1.60074 1.01355
v 3203.79 1316.62 -3321.28
vt 1.07701 0.559988
f 924/2002/308 933/2003/308 947/2004/308 948/2005/308 

vt 1.41126 1.23761
vn 0.577352 0.794774 0.187078
vt 0.863528 0.813337
vt 0.909829 0.473621
v 3931.05 300 -979.513
vt 1.55112 0.211408
f 933/2006/309 924/2007/309 926/2008/309 949/2009/309 

vt 0.44459 0.108301
vn -0.755764 0.606905 -0.245941
vt 0.643753 0.38738
vt 0.62974 0.397381
vt 0.625329 0.3912
v 2902.91 1317.21 -2395.24
vt 0.434987 0.124482
v 2896.1 1317.22 -2374.27
vt 0.430577 0.118302
f 926/2010/310 924/2011/310 948/2012/310 929/2013/310 950/2014/310 951/2015/310 

vt -0.0833538 0.767857
vn 0.95106 0.000197292 0.309006
vt 0.103467 0.48037
v 2924.96 1256.96 -2364.85
vt 0.132339 0.499132
vt -0.0544821 0.786619
f 924/2016/311 926/2017/311 952/2018/311 931/2019/311 

vt -1.00932 0.38294
vn 1.14969e-05 0.000638449 1
vt -1.00932 0.348508
vt -0.666458 0.348508
vt -0.666458 0.38294
f 952/2020/312 926/2021/312 917/2022/312 923/2023/312 

vt 0.666458 0.298977
vn -9.1405e-06 0.606555 -0.795042
vt 1.00932 0.298977
v 2924.96 1317.21 -2395.24
vt 1.00932 0.316193
vt 1.00172 0.316193
vt 0.674051 0.316193
v 1929.22 1317.21 -2395.23
vt 0.666458 0.316193
f 917/2024/313 926/2025/313 953/2026/313 950/2027/313 920/2028/313 954/2029/313 

vt 0.666458 -0.182724
vn 6.97348e-06 0.795042 0.606555
vt 0.320044 -0.782731
v 2148.42 300 -979.493
vt 0.741926 -0.782731
v 2208.52 784 -1613.9
vt 0.762625 -0.507978
v 2631.07 784 -1613.9
vt 0.90812 -0.507978
v 2675.79 300 -979.499
vt 0.923513 -0.782731
vt 1.35573 -0.782731
vt 1.00932 -0.182724
f 917/2030/314 918/2031/314 955/2032/314 956/2033/314 957/2034/314 958/2035/314 949/2036/314 926/2037/314 

vt 3.57661 7.68801
vn -0.645505 -0.303978 -0.700657
vt 3.62129 8.4328
vt 3.60278 8.43391
v 952.031 260.261 -988.833
vt 3.5581 7.68912
f 918/2038/315 917/2039/315 921/2040/315 959/2041/315 

vt -0.585537 0.121218
vn -0.86603 0.303277 -0.397511
vt 0.0722366 0.338805
vt 0.0668298 0.35515
v 923.164 260.248 -1009.81
vt -0.590944 0.137563
f 918/2042/316 917/2043/316 954/2044/316 960/2045/316 

v 3909 260.248 -1009.84
vt -1.34814 -0.782731
vn -6.97348e-06 -0.795042 -0.606555
v 2675.79 260.248 -1009.83
vt -0.923513 -0.782731
v 2631.07 744.248 -1644.23
vt -0.90812 -0.507978
v 2208.52 744.248 -1644.22
vt -0.762625 -0.507978
v 2148.41 260.248 -1009.82
vt -0.741926 -0.782731
v 945.217 260.248 -1009.81
vt -0.327638 -0.782731
vt -0.320044 -0.782731
vt -0.666458 -0.182724
vt -0.674051 -0.182724
vt -1.00172 -0.182724
vt -1.00932 -0.182724
v 3931.05 260.248 -1009.84
vt -1.35573 -0.782731
f 961/2046/317 962/2047/317 963/2048/317 964/2049/317 965/2050/317 966/2051/317 960/2052/317 954/2053/317 920/2054/317 950/2055/317 953/2056/317 967/2057/317 

vt -1.35573 0.298977
vn 9.1405e-06 -0.606555 0.795042
vt -0.923513 0.298977
vt -0.923513 0.316193
vt -1.34814 0.316193
vt -1.35573 0.316193
f 949/2058/318 958/2059/318 962/2060/318 961/2061/318 967/2062/318 

vt -0.88501 -0.0175339
vn -0.998434 -0.0339295 0.0444846
vt -0.62789 0.0805233
vt -0.634025 0.0966094
vt -0.891145 -0.00144789
f 958/2063/319 957/2064/319 963/2065/319 962/2066/319 

vt -0.90812 0.298977
vt -0.762625 0.298977
vt -0.762625 0.316193
vt -0.90812 0.316193
f 957/2067/318 956/2068/318 964/2069/318 963/2070/318 

vt 0.526247 0.119489
vn 0.997175 -0.0455669 0.0597153
vt 0.783733 0.0214158
vt 0.789861 0.0375044
vt 0.532375 0.135577
f 956/2071/320 955/2072/320 965/2073/320 964/2074/320 

vt -0.741926 0.298977
vt -0.320044 0.298977
vt -0.320044 0.316193
vt -0.327638 0.316193
vt -0.741926 0.316193
f 955/2075/318 918/2076/318 960/2077/318 966/2078/318 965/2079/318 

vt 0.723257 0.0756617
vn 0.866021 0.303277 -0.397531
vt 1.38103 -0.141925
vt 1.38644 -0.12558
vt 0.728664 0.0920068
f 926/2080/321 949/2081/321 967/2082/321 953/2083/321 

vt -1.0542 -0.903352
vn -0.645489 0.303978 0.700672
vt -0.443367 -0.576412
vt -0.451491 -0.561234
v 3902.18 260.261 -988.867
vt -1.06233 -0.888173
f 949/2084/322 926/2085/322 951/2086/322 968/2087/322 

vt -1.55112 0.211408
vn -0.577352 -0.794774 -0.187078
vt -0.909829 0.473621
vt -0.908804 0.481145
vt -0.864553 0.805813
vt -0.863528 0.813337
vt -1.41126 1.23761
vt -1.41228 1.23008
vt -1.5501 0.218932
f 968/2088/323 951/2089/323 950/2090/323 929/2091/323 948/2092/323 947/2093/323 939/2094/323 961/2095/323 

vt -0.844983 0.669354
vn 0.755764 -0.606905 0.245941
vt -0.243361 -0.173673
vt -0.229347 -0.163672
vt -0.233758 -0.157492
vt -0.826558 0.673174
vt -0.830969 0.679355
f 933/2096/324 949/2097/324 968/2098/324 961/2099/324 939/2100/324 947/2101/324 

vt 3.96422 7.61421
vt 4.3363 8.26093
vt 4.3322 8.26801
vt 4.1553 8.57334
vt 4.1512 8.58042
vt 3.40508 8.57929
v 29.3251 258.448 -3828.52
vt 3.40918 8.57222
vt 3.96012 7.62129
f 959/2102/298 921/2103/298 920/2104/298 919/2105/298 916/2106/298 915/2107/298 969/2108/298 966/2109/298 

vt 4.24845 5.93648
vn 0.755758 0.606905 -0.245958
vt 3.69102 6.90255
vt 3.67496 6.89328
vt 3.67905 6.8862
vt 4.2283 5.9343
vt 4.23239 5.92721
f 911/2110/325 918/2111/325 959/2112/325 966/2113/325 969/2114/325 915/2115/325 

vt -1.00932 0.0362947
vn 7.34017e-09 -1 0.000638449
vt -0.666458 0.0362947
vt -0.56051 0.362371
vt -0.837887 0.563898
vt -1.11526 0.362371
f 952/2116/326 923/2117/326 922/2118/326 932/2119/326 931/2120/326 

vt 0.242752 0.711826
vn -0.587795 -0.000516516 -0.80901
vt 0.491192 0.948106
vt 0.467463 0.973056
vt 0.219023 0.736776
f 912/2121/327 925/2122/327 932/2123/327 922/2124/327 

vt -0.298977 0.666458
vn -0.467094 -0.607472 -0.642496
vt -0.298977 1.00932
v 2444.92 1316.27 -3872.62
vt -0.316193 1.00932
vt -0.316193 1.00172
vt -0.316193 0.674051
vt -0.316193 0.666458
f 912/2125/328 925/2126/328 970/2127/328 928/2128/328 919/2129/328 913/2130/328 

vt 0.114199 0.837887
vn 0.356828 -0.794341 0.491627
v 1907.36 297.286 -5230.57
vt -0.591177 1.24514
v 1912.41 300.568 -5228.93
vt -0.593037 1.24406
v 1959.87 331.417 -5213.53
vt -0.61053 1.23396
vt -0.485808 0.491473
f 911/2131/329 971/2132/329 972/2133/329 973/2134/329 938/1991/329 925/1990/329 912/2135/329 

vt 0.316193 0.327638
vn 0.467094 0.607472 0.642496
v 1925.2 257.569 -5205.99
vt 0.316193 1.13454
vt 0.298977 1.13454
vt 0.298977 0.320044
vt 0.316193 0.320044
f 969/2136/330 974/2137/330 971/2138/330 911/2139/330 914/2140/330 

vt -0.114199 0.837887
vn -0.356828 0.794341 -0.491627
vt 0.485808 0.491473
vt 0.492384 0.495269
vt 0.776155 0.659105
v 2444.9 407.568 -5340.83
vt 0.776155 1.25654
v 1977.71 291.7 -5188.95
vt 0.61053 1.23396
v 1930.25 260.85 -5204.35
vt 0.593037 1.24406
vt 0.591177 1.24514
vt -0.107623 0.841683
f 914/2141/331 913/2142/331 919/2143/331 928/2144/331 970/1979/331 975/1978/331 943/2145/331 976/2146/331 977/2147/331 974/2148/331 969/2149/331 

vt -0.298977 0.662901
vn -0.93417 -0.303411 0.187797
vt -0.298977 1.25743
vt -0.316193 1.25743
vt -0.316193 0.662901
f 925/2150/332 938/2151/332 975/2152/332 970/2153/332 

vt 0.298977 0.662901
vn -0.934175 0.303411 -0.187775
vt 0.298977 1.25743
vt 0.28176 1.25743
vt 0.28176 0.662901
f 925/2154/333 938/2155/333 942/2156/333 927/2157/333 

vt -0.298977 -0.60575
vn 0.126146 -0.562427 -0.817167
vt -0.298977 -0.63191
vt -0.28176 -0.63191
vt -0.28176 -0.612387
vt -0.28176 -0.60575
f 938/2158/334 937/2159/334 944/2160/334 943/2161/334 942/2162/334 

vt -0.298977 -0.779678
vt -0.28176 -0.779678
f 937/2159/334 936/2163/334 945/2164/334 944/2160/334 

vt 0.298977 1.44408
vn -0.467096 -0.304061 -0.830282
vt 0.298977 1.46422
vt 0.28176 1.46422
vt 0.28176 1.44408
f 936/2165/335 935/2166/335 946/2167/335 945/2168/335 

vt 0.298977 1.46637
vt 0.28176 1.46637
f 935/2166/335 934/2169/335 940/2170/335 946/2167/335 

vt 0.316193 0.945371
vn 0.126165 0.562427 0.817164
vt 0.298977 0.945371
vt 0.298977 0.771578
vt 0.316193 0.771578
vt 0.316193 0.938734
f 975/2171/336 938/2172/336 973/2173/336 976/2174/336 943/2175/336 

vt -0.298977 0.0882469
vn -0.467077 0.304061 0.830293
vt -0.298977 0.108445
vt -0.316193 0.108445
vt -0.316193 0.0882469
f 973/2176/337 972/2177/337 977/2178/337 976/2179/337 

vt -0.298977 0.110594
vt -0.316193 0.110594
f 972/2177/337 971/2180/337 974/2181/337 977/2178/337 

g Mesh8 Component_1_1 Model

v 1623.57 300 -6117.85
v 2161.16 649.455 -5943.4
v 2167.05 636.339 -5935.29
v 1629.46 286.884 -6109.73
f 978/1936/296 979/1937/296 980/1938/296 981/1939/296 

v 1633.1 286.877 -6120.93
v 2170.69 636.332 -5946.49
f 979/1940/297 978/1941/297 982/1942/297 983/1943/297 

v 2262.78 649.655 -5630.66
v 1930.54 300.603 -5173.14
f 984/1944/298 979/1945/298 978/1946/298 985/1947/298 

v 2172.94 636.336 -5939.57
v 2270.06 636.527 -5640.68
v 2272.31 636.531 -5633.75
f 984/1948/299 979/1949/299 983/1950/299 986/1951/299 987/1952/299 988/1953/299 

v 2161.16 616.431 -5943.38
v 2262.78 616.631 -5630.64
f 984/1954/300 979/1955/300 989/1956/300 990/1957/300 

v 2693.22 649.455 -5943.41
v 2427.19 649.332 -6136.69
v 2591.61 649.655 -5630.67
f 991/1958/301 992/1959/301 979/1960/301 984/1961/301 993/1962/301 

v 2421.3 636.215 -6128.57
v 2427.19 636.218 -6124.29
v 2681.44 636.336 -5939.57
v 2687.33 636.339 -5935.29
f 991/1963/302 992/1964/302 994/1965/302 995/1966/302 996/1967/302 997/1968/302 

v 2693.22 616.431 -5943.39
v 2427.19 616.308 -6136.67
f 992/1969/303 991/1970/303 998/1971/303 999/1972/303 

v 3230.8 300 -6117.86
v 2427.18 299.627 -6701.72
vt 0.782731 1.35573
f 1000/1973/304 1001/2182/304 992/1979/304 991/1980/304 

vt -0.298977 0
v 3224.91 286.884 -6109.75
v 3219.02 286.881 -6114.03
v 2427.18 286.514 -6689.32
vt -0.28176 -0.00759329
v 2421.29 286.511 -6693.6
vt -0.28176 -2.4545e-15
f 1001/2183/305 1000/1984/305 1002/1985/305 1003/1981/305 1004/2184/305 1005/2185/305 

f 1000/1998/307 991/1999/307 997/2000/307 1002/2001/307 

v 3221.27 286.877 -6120.95
v 2683.69 636.332 -5946.5
f 991/2002/308 1000/2003/308 1006/2004/308 1007/2005/308 

v 2923.86 300.603 -5173.15
f 1000/2006/309 991/2007/309 993/2008/309 1008/2009/309 

v 2584.33 636.527 -5640.68
v 2582.08 636.531 -5633.76
f 993/2010/310 991/2011/310 1007/2012/310 996/2013/310 1009/2014/310 1010/2015/310 

v 2591.61 616.631 -5630.65
f 991/2016/311 993/2017/311 1011/2018/311 998/2019/311 

f 1011/2020/312 993/2021/312 984/2022/312 990/2023/312 

v 2591.61 596.775 -5671.01
vt 1.00932 0.368325
v 2584.33 596.775 -5671.01
vt 1.00172 0.368325
v 2270.06 596.775 -5671.01
vt 0.674051 0.368325
v 2262.78 596.775 -5671.01
vt 0.666458 0.368325
f 984/2024/313 993/2025/313 1012/2186/313 1013/2187/313 1014/2188/313 1015/2189/313 

v 2335.16 300.603 -5173.15
v 2351.04 428.432 -5340.7
vt 0.75848 -0.562998
v 2427.06 447.285 -5365.41
vt 0.837742 -0.530589
v 2497.51 428.432 -5340.7
vt 0.911202 -0.562998
v 2509.32 300.603 -5173.15
f 1016/2032/314 1017/2190/314 1018/2191/314 1019/2192/314 1020/2035/314 1008/2036/314 993/2037/314 984/2030/314 985/2031/314 

v 2509.32 287.475 -5183.16
v 2509.32 247.723 -5213.49
vt -0.923513 0.368325
v 2916.58 247.723 -5213.5
vt -1.34814 0.368325
v 2923.86 247.723 -5213.5
vt -1.35573 0.368325
f 1008/2058/318 1020/2059/318 1021/2060/318 1022/2193/318 1023/2194/318 1024/2195/318 

v 2335.16 287.475 -5183.16
v 2335.16 247.723 -5213.49
vt -0.741926 0.368325
f 1021/2060/318 1025/2079/318 1026/2196/318 1022/2193/318 

v 1930.54 247.723 -5213.48
vt -0.320044 0.368325
v 1937.82 247.723 -5213.48
vt -0.327638 0.368325
f 1016/2075/318 985/2076/318 1027/2197/318 1028/2198/318 1026/2196/318 1025/2079/318 

vt 0.0504574 0.404644
vt -0.607317 0.187058
f 985/2042/316 984/2043/316 1015/2199/316 1027/2200/316 

v 1940.07 287.48 -5176.23
f 985/2038/315 984/2039/315 988/2040/315 1029/2041/315 

v 1635.35 286.881 -6114.01
v 1937.82 287.475 -5183.16
f 1029/2102/298 988/2103/298 987/2104/298 986/2105/298 983/2106/298 982/2107/298 1030/2108/298 1031/2109/298 

f 978/2110/325 985/2111/325 1029/2112/325 1031/2113/325 1030/2114/325 982/2115/325 

f 1023/2046/317 1022/2047/317 1026/2050/317 1028/2051/317 1027/2052/317 1015/2053/317 1014/2054/317 1013/2055/317 1012/2056/317 1024/2057/317 

vt 1.40281 -0.0760852
vt 0.745036 0.141501
f 993/2080/321 1008/2081/321 1024/2201/321 1012/2202/321 

v 2914.33 287.48 -5176.24
f 1008/2084/322 993/2085/322 1010/2086/322 1032/2087/322 

v 2916.58 287.475 -5183.17
f 1032/2088/323 1010/2089/323 1009/2090/323 996/2091/323 1007/2092/323 1006/2093/323 1003/2094/323 1033/2095/323 

f 1000/2096/324 1008/2097/324 1032/2098/324 1033/2099/324 1003/2100/324 1006/2101/324 

f 1011/2116/326 990/2117/326 989/2118/326 999/2119/326 998/2120/326 

f 979/2121/327 992/2122/327 999/2123/327 989/2124/327 

v 2433.08 636.215 -6128.57
f 979/2125/328 992/2126/328 1034/2127/328 995/2128/328 986/2129/328 980/2130/328 

vt -0.782731 1.35573
f 978/2131/329 1001/2203/329 992/1990/329 979/2135/329 

vt 0.298977 1.35573
vt 0.316193 1.34814
v 2433.07 286.511 -6693.6
vt 0.316193 1.35573
f 1001/2204/330 978/2139/330 981/2140/330 1030/2136/330 1004/2205/330 1035/2206/330 

vt 0.776155 1.35193
f 981/2141/331 980/2142/331 986/2143/331 995/2144/331 1034/1979/331 1035/2182/331 1004/2207/331 1030/2149/331 

vt -0.298977 1.35573
vt -0.316193 1.35573
f 992/2150/332 1001/2208/332 1035/2209/332 1034/2153/332 

vt 0.28176 1.35573
f 992/2154/333 1001/2204/333 1005/2210/333 994/2157/333 

vt -0.789307 1.35193
f 1002/1986/306 997/1987/306 996/1988/306 995/1989/306 994/1990/306 1005/2203/306 1004/2211/306 1003/1997/306 

g Mesh9 Model

v 4795.22 0 -3813.17
vt 9.59043 7.62635
v 3230.47 0 -3297
vt 6.46095 6.59399
v 3198.93 0 -3199.91
vt 6.39786 6.39983
v 3135.84 0 -3005.75
vt 6.27168 6.0115
v 3072.75 0 -2811.59
vt 6.1455 5.62318
v 3009.66 0 -2617.43
vt 6.01932 5.23486
v 2923.58 0 -2352.5
vt 5.84716 4.705
v 3890.51 0 -1029.51
vt 7.78102 2.05903
v 3890.72 0 -1029.51
vt 7.78145 2.05903
f 1036/2212/3 1037/2213/3 1038/2214/3 1039/2215/3 1040/2216/3 1041/2217/3 1042/2218/3 1043/2219/3 1044/2220/3 

v 3074.4 0 -5063.79
vt 6.1488 10.1276
v 2527.04 0 -5063.79
vt 5.05408 10.1276
v 2477.04 0 -5113.79
vt 4.95408 10.2276
v 2427.04 0 -5113.79
vt 4.85408 10.2276
v 2427.01 0 -3880.73
vt 4.85402 7.76145
v 4795.32 0 -3813.5
vt 9.59065 7.627
f 1045/2221/3 1046/2222/3 1047/2223/3 1048/2224/3 1049/2225/3 1037/2213/3 1036/2212/3 1050/2226/3 

usemtl FrontColor
v 3005.58 0 -5113.79
vt 1183.3 2013.3
v 2527.04 0 -5113.79
vt 994.897 2013.3
vt 994.897 1993.62
vt 1210.39 1993.62
vt 1887.92 1501.38
vt 1887.88 1501.25
vt 1531.78 405.32
vt 1531.7 405.32
v 2757.62 0 -1029.51
vt 1085.68 405.32
v 2683.64 0 -1959.03
vt 1056.55 771.27
v 2633.48 0 -1959.03
vt 1036.8 771.27
v 2637.46 0 -1909.03
vt 1038.37 751.585
v 2654.23 0 -1698.33
vt 1044.97 668.636
v 2707.78 0 -1025.55
vt 1066.05 403.758
v 2711.76 0 -975.546
vt 1067.62 384.073
v 2789.4 0 -0.0908954
vt 1098.19 0.0357856
v 2839.56 0 -0
vt 1117.94 0
v 2761.6 0 -979.513
vt 1087.24 385.635
v 3927.05 0 -979.513
vt 1546.08 385.635
v 4854.1 0 -3832.6
vt 1911.06 1508.9
v 2939.84 0 -5223.35
vt 1157.42 2056.44
v 2923.6 0 -5173.35
vt 1151.02 2036.75
f 1051/2227/3 1052/2228/3 1046/2229/3 1045/2230/3 1050/2231/3 1036/2232/3 1044/2233/3 1043/2234/3 1053/2235/3 1054/2236/3 1055/2237/3 1056/2238/3 1057/2239/3 1058/2240/3 1059/2241/3 1060/2242/3 1061/2243/3 1062/2244/3 1063/2245/3 1064/2246/3 1065/2247/3 1066/2248/3 

usemtl mramor1
v 2427.04 0 -5173.35
vt 4.85408 10.3467
vt 5.05408 10.2276
vt 6.01116 10.2276
vt 5.84719 10.3467
f 1067/2249/3 1048/2224/3 1047/2223/3 1052/2250/3 1051/2251/3 1066/2252/3 

v 1930.5 0 -5173.35
vt 3.86101 10.3467
v 1848.52 0 -5113.79
vt 3.69704 10.2276
v 2327.04 0 -5113.79
vt 4.65408 10.2276
v 2377.04 0 -5113.79
vt 4.75408 10.2276
f 1068/2253/3 1069/2254/3 1070/2255/3 1071/2256/3 1048/2224/3 1067/2249/3 

v 1930.5 300 -5173.35
vt 9.20517 0.6
v 1848.52 300 -5113.79
vt 9.0025 0.6
vt 9.0025 0
vt 9.20517 0
f 1072/2257/285 1073/2258/285 1069/2259/285 1068/2260/285 

v 0 300 -3832.6
vt 0 7.6652
v 58.8854 300 -3813.17
vt 0.117771 7.62635
v 58.779 300 -3813.5
vt 0.117558 7.627
v 1779.7 300 -5063.79
vt 3.5594 10.1276
v 1930.47 300 -5173.35
vt 3.86093 10.3467
v 1914.23 300 -5223.33
vt 3.82845 10.4467
f 1074/2261/3 1075/2262/3 1076/2263/3 1077/2264/3 1073/2254/3 1072/2253/3 1078/2265/3 1079/2266/3 

v 927.052 300 -979.513
vt 1.8541 1.95903
v 963.592 300 -1029.51
vt 1.92718 2.05903
v 963.379 300 -1029.51
vt 1.92676 2.05903
f 1074/2261/3 1080/2267/3 1081/2268/3 1082/2269/3 1075/2262/3 

v 0 0 -3832.6
vt -7.29002 0
v 927.052 0 -979.513
vt -1.29017 0
vt -1.29017 0.6
vt -7.29002 0.6
f 1083/2270/249 1084/2271/249 1080/2272/249 1074/2273/249 

usemtl FrontColor
v 2327.04 0 -5063.79
vt 916.157 1993.62
vt 916.157 2013.3
vt 727.764 2013.3
vt 760.041 2036.75
v 1930.47 0 -5173.35
vt 760.026 2036.75
v 1914.23 0 -5223.33
vt 753.633 2056.43
vt 0 1508.9
vt 364.981 385.635
v 2065.58 0 -979.513
vt 813.222 385.635
v 1960.95 0 -1.59197
vt 772.027 0.626759
v 2011.23 0 -1.50087
vt 791.821 0.590895
v 2198.68 0 -1753.42
vt 865.62 690.323
v 2215.32 0 -1909.03
vt 872.175 751.585
v 2220.67 0 -1959.03
vt 874.281 771.27
v 2170.39 0 -1959.03
vt 854.484 771.27
v 2070.93 0 -1029.51
vt 815.328 405.32
v 963.592 0 -1029.51
vt 379.367 405.32
v 963.379 0 -1029.51
vt 379.283 405.32
v 58.8854 0 -3813.17
vt 23.1832 1501.25
v 58.779 0 -3813.5
vt 23.1413 1501.38
v 1779.7 0 -5063.79
vt 700.669 1993.62
f 1085/2274/3 1070/2275/3 1069/2276/3 1068/2277/3 1086/2278/3 1087/2279/3 1083/2280/3 1084/2281/3 1088/2282/3 1089/2283/3 1090/2284/3 1091/2285/3 1092/2286/3 1093/2287/3 1094/2288/3 1095/2289/3 1096/2290/3 1097/2291/3 1098/2292/3 1099/2293/3 1100/2294/3 

usemtl mramor1
v 2327.04 300 -5063.79
vt 10.1276 0.6
vt 10.1276 0
vt 10.2276 0
v 2327.04 300 -5113.79
vt 10.2276 0.6
f 1101/2295/147 1085/2296/147 1070/2297/147 1102/2298/147 

vt 4.65408 0.6
vn -4.39093e-16 1.05718e-18 1
v 2427.04 300 -5063.79
vt 4.85408 0.6
v 2527.04 300 -5063.79
vt 5.05408 0.6
vt 5.05408 1.07067e-17
vt 6.1488 1.07067e-17
v 3074.4 300 -5063.79
vt 6.1488 0.6
v 3074.4 587.8 -5063.79
vt 6.1488 1.1756
v 2427.04 587.8 -5063.79
vt 4.85408 1.1756
v 2427.04 577.823 -5063.79
vt 4.85408 1.15565
v 1779.7 577.823 -5063.79
vt 3.5594 1.15565
vt 3.5594 0.6
vt 3.5594 1.07067e-17
vt 4.65408 1.07067e-17
f 1101/2299/338 1103/2300/338 1104/2301/338 1046/2302/338 1045/2303/338 1105/2304/338 1106/2305/338 1107/2306/338 1108/2307/338 1109/2308/338 1077/2309/338 1100/2310/338 1085/2311/338 

vt -4.85408 10.1276
vn -3.46326e-31 -1 -2.40637e-16
vt -4.65408 10.1276
v 2377.04 300 -5113.79
vt -4.75408 10.2276
v 2427.04 300 -5113.79
vt -4.85408 10.2276
f 1103/2312/339 1101/2313/339 1110/2314/339 1111/2315/339 

v 2477.04 250 -5113.79
vt 4.95408 -6.87843
vn -5.705e-17 -0.707107 0.707107
vt 5.05408 -6.73701
vt 4.85408 -6.73701
vt 4.65408 -6.73701
v 2377.04 250 -5113.79
vt 4.75408 -6.87843
f 1112/2316/340 1104/2317/340 1103/2318/340 1101/2319/340 1113/2320/340 

vt -3.5875 -4.82385e-17
vn -0.707107 -4.49356e-18 0.707107
vt -3.5875 0.6
vt -3.72892 0.5
vt -3.72892 -4.82385e-17
f 1046/2321/341 1104/2322/341 1112/2323/341 1047/2324/341 

v 2527.04 300 -5113.79
f 1104/2295/147 1046/2296/147 1052/2297/147 1114/2298/147 

vt -5.05408 0
vt -5.05408 0.6
vt -4.85408 0.6
v 2427.04 577.823 -5113.79
vt -4.85408 1.15565
v 2427.04 587.8 -5113.79
vt -4.85408 1.1756
v 3005.58 587.8 -5113.79
vt -6.01116 1.1756
v 3005.58 300 -5113.79
vt -6.01116 0.6
vt -6.01116 0
f 1052/2325/29 1114/2326/29 1111/2327/29 1115/2328/29 1116/2329/29 1117/2330/29 1118/2331/29 1051/2332/29 

vt -4.65408 0.6
vt -4.75408 0.6
vt -4.95408 0
vt -4.95408 0.5
vt -4.75408 0.5
vt -4.75408 0
vt -4.65408 0
f 1102/2333/29 1110/2334/29 1111/2327/29 1114/2326/29 1052/2325/29 1047/2335/29 1112/2336/29 1113/2337/29 1071/2338/29 1070/2339/29 

vt -3.69704 0
vt -3.69704 0.6
v 1848.52 577.823 -5113.79
vt -3.69704 1.15565
f 1070/2339/29 1069/2340/29 1073/2341/29 1119/2342/29 1115/2328/29 1111/2327/29 1110/2334/29 1102/2333/29 

vt -9.0025 0.6
vt -8.83237 0.6
vt -8.83237 1.15565
vt -9.0025 1.15565
f 1073/2343/250 1077/2344/250 1109/2345/250 1119/2346/250 

vt 4.85408 10.1276
f 1119/2254/3 1109/2264/3 1108/2347/3 1115/2224/3 

vt -10.2277 1.1756
vn -1 0 -2.24035e-05
vt -10.2277 1.15565
vt -10.1277 1.15565
vt -10.1277 1.1756
f 1116/2348/342 1115/2349/342 1108/2350/342 1107/2351/342 

f 1117/2251/3 1116/2224/3 1107/2347/3 1106/2221/3 

vt 0.978187 0.6
vt 1.14832 0.6
vt 1.14832 1.1756
vt 0.978187 1.1756
f 1105/2352/251 1118/2353/251 1117/2354/251 1106/2355/251 

v 4795.22 300 -3813.17
vn -9.65504e-15 1 1.17651e-14
v 4854.1 300 -3832.6
vt 9.7082 7.6652
v 2939.84 300 -5223.35
vt 5.87969 10.4467
v 2923.6 300 -5173.35
v 4795.32 300 -3813.5
f 1120/2212/343 1121/2356/343 1122/2357/343 1123/2252/343 1118/2251/343 1105/2221/343 1124/2226/343 

v 3927.05 300 -979.513
vt 7.8541 1.95903
v 3890.72 300 -1029.51
v 3890.51 300 -1029.51
f 1125/2358/3 1121/2356/3 1120/2212/3 1126/2220/3 1127/2219/3 

vt 4.29025 0
vt 10.2901 0
vt 10.2901 0.6
vt 4.29025 0.6
f 1063/2359/252 1064/2360/252 1121/2361/252 1125/2362/252 

vt -3.34878 -1.1515e-15
vn 0.587774 9.67033e-17 -0.809025
vt 1.38348 -1.1515e-15
vt 1.38348 0.6
vt -3.34878 0.6
f 1064/2363/344 1065/2364/344 1122/2365/344 1121/2366/344 

vt -11.7523 0
vt -11.6472 0
vt -11.6472 0.6
vt -11.7523 0.6
f 1065/2367/248 1066/2368/248 1123/2369/248 1122/2370/248 

v 2887.27 0 -5223.35
vt 5.77454 10.4467
v 2854.78 0 -5223.35
vt 5.70955 10.4467
v 2897.31 0 -5254.25
vt 5.79462 10.5085
f 1128/2371/3 1129/2372/3 1066/2252/3 1065/2357/3 1130/2373/3 

v 2427.05 0 -5595.9
vt 4.8541 11.1918
v 2427.05 0 -5534.1
vt 4.8541 11.0682
f 1130/2373/3 1131/2374/3 1132/2375/3 1129/2372/3 1128/2371/3 

v 1956.76 0 -5254.23
vt 3.91352 10.5085
vn 7.71855e-18 1 6.99661e-18
v 3171.71 0 -6098.75
vt 6.34342 12.1975
v 2953.92 0 -6256.98
vt 5.90783 12.514
v 2983.3 0 -6297.43
vt 5.96661 12.5949
v 2892.58 0 -6363.34
vt 5.78516 12.7267
v 2863.19 0 -6322.89
vt 5.72638 12.6458
v 2427.04 8.72075e-15 -6322.85
vt 4.85407 12.6457
vt 3.98151 12.6456
v 1900.15 1.74415e-14 -6256.98
vt 3.80029 12.514
v 1682.35 0 -6098.75
vt 3.3647 12.1975
f 1133/2376/345 1131/2374/345 1130/2373/345 1134/2377/345 1135/2378/345 1136/2379/345 1137/2380/345 1138/2381/345 1139/2382/345 45/2383/345 1140/2384/345 1141/2385/345 

v 1966.79 0 -5223.35
vt 3.93358 10.4467
v 1999.33 0 -5223.35
vt 3.99865 10.4467
f 1142/2386/3 1143/2387/3 1132/2375/3 1131/2374/3 1133/2376/3 

f 1086/2265/3 1143/2387/3 1142/2386/3 1133/2376/3 1087/2266/3 

vt 9.23759 1.85234e-17
vn 0.587774 2.98701e-18 0.809025
vt 9.34273 1.85234e-17
v 1956.76 300 -5254.23
vt 9.34273 0.6
vt 9.23759 0.6
f 1087/2388/346 1133/2389/346 1144/2390/346 1079/2391/346 

usemtl FrontColor
vt 662.342 2401.08
vn -2.77972e-17 1 7.60626e-18
vt 748.089 2463.38
v 1870.76 0 -6297.43
vt 736.519 2479.3
v 1828.22 0 -6266.53
vt 719.773 2467.14
v 1623.57 0 -6117.85
vt 639.201 2408.6
vt 770.378 2068.59
f 1141/2392/347 1140/2393/347 1145/2394/347 1146/2395/347 1147/2396/347 1087/2279/347 1133/2397/347 

usemtl mramor1
vt 9.8915 6.36633e-15
vn 0.587774 8.06845e-16 0.809025
vt 10.4299 6.40121e-15
v 1900.15 249.837 -6256.98
vt 10.4299 0.499674
vt 10.6539 0.499674
vt 10.6539 6.40121e-15
v 2265.23 0 -6522.22
vt 11.3324 6.36633e-15
v 2265.23 300 -6522.22
vt 11.3324 0.6
v 1682.35 300 -6098.75
vt 9.8915 0.6
f 1141/2398/348 1140/2399/348 1148/2400/348 44/2401/348 45/2402/348 1149/2403/348 1150/2404/348 1151/2405/348 

vt 7.9904 1.35581e-17
vn 0.809025 -1.29993e-18 -0.587774
v 1870.76 249.837 -6297.43
vt 7.9904 0.499674
vt 7.8904 0.499674
vt 7.8904 4.84411e-17
f 1145/2406/349 1152/2407/349 1148/2408/349 1140/2409/349 

vt -10.4299 0
vt -10.3248 0
v 1828.22 299.837 -6266.53
vt -10.3248 0.599674
v 1870.76 299.837 -6297.43
vt -10.4299 0.599674
vt -10.4299 0.499674
f 1145/2410/250 1146/2411/250 1153/2412/250 1154/2413/250 1152/2414/250 

v 2153.61 2.88765e-13 -7361.37
vt -4.30722 14.7227
vn 5.34115e-17 -1 -3.16005e-19
v 2279.85 0 -7361.37
vt -4.55969 14.7227
v 2279.85 0 -7311.37
vt -4.55969 14.6227
v 1682.35 0 -6877.27
vt -3.3647 13.7545
vt -3.74151 12.5949
vt -3.65645 12.5331
v 1623.57 0 -6896.37
vt -3.24714 13.7927
v 2194.78 0 -7311.37
vt -4.38956 14.6227
f 1155/2415/350 1156/2416/350 1157/2417/350 1158/2418/350 1145/2419/350 1146/2420/350 1159/2421/350 1160/2422/350 

vt -4.30722 5.77529e-16
v 2153.61 299.837 -7361.37
vt -4.30722 0.599674
v 2700.45 299.837 -7361.37
vt -5.40091 0.599674
v 2700.45 0 -7361.37
vt -5.40091 0
v 2574.21 0 -7361.37
vt -5.14843 0
v 2505.39 0 -7361.37
vt -5.01079 0
v 2505.39 249.837 -7361.37
vt -5.01079 0.499674
v 2348.67 249.837 -7361.37
vt -4.69734 0.499674
v 2348.67 0 -7361.37
vt -4.69734 0
vt -4.55969 0
f 1155/2423/29 1161/2424/29 1162/2425/29 1163/2426/29 1164/2427/29 1165/2428/29 1166/2429/29 1167/2430/29 1168/2431/29 1156/2432/29 

vt -8.62741 0.599674
vn -0.771961 1.47675e-18 0.63567
vt -8.62741 5.9626e-16
vt -8.49787 1.87308e-17
v 2194.78 299.837 -7311.37
vt -8.49787 0.599674
f 1161/2433/351 1155/2434/351 1160/2435/351 1169/2436/351 

vt -12.1461 0
vt -10.734 0
v 1623.57 299.837 -6896.37
vt -10.734 0.599674
vt -12.1461 0.599674
f 1160/2437/250 1159/2438/250 1170/2439/250 1169/2440/250 

vt -12.1142 0
vt -10.7897 0
vt -10.7897 0.599674
vt -12.1142 0.599674
f 1159/2441/249 1146/2442/249 1153/2443/249 1170/2444/249 

vt -9.81884 0
v 1623.57 300 -6117.85
vt -9.81884 0.6
v 1828.22 300 -6266.53
vt -10.3248 0.6
f 1146/2411/250 1147/2445/250 1171/2446/250 1172/2447/250 1153/2412/250 

vt -10.6334 2.1477e-17
vn -0.951054 3.1265e-18 0.309025
vt -8.75224 2.1477e-17
vt -8.75224 0.6
vt -10.6334 0.6
f 1147/2448/352 1087/2449/352 1079/2450/352 1171/2451/352 

vt 8.64714 0
vt 8.75224 0
vt 8.75224 0.6
vt 8.64714 0.6
f 1086/2452/240 1087/2453/240 1079/2454/240 1078/2455/240 

vt -9.23759 0
vt -4.5054 0
vt -4.5054 0.6
vt -9.23759 0.6
f 1087/2456/250 1083/2457/250 1074/2458/250 1079/2459/250 

vt -3.86101 0
vt -3.86093 0
vt -3.86093 0.6
vt -3.86101 0.6
f 1068/2460/29 1086/2461/29 1078/2462/29 1072/2463/29 

vn -1.94644e-17 1 -3.3265e-17
vt 4.53045 13.0444
v 2235.84 300 -6562.67
vt 4.47167 13.1253
v 1961.37 300 -6363.26
vt 3.92274 12.7265
v 1870.76 300 -6297.43
vt 3.74151 12.5949
vt 3.65645 12.5331
vt 3.24714 12.2357
f 1079/2266/353 1144/2376/353 1151/2385/353 1150/2464/353 1173/2465/353 1174/2466/353 1175/2467/353 1172/2468/353 1171/2469/353 

vt 8.78473 0
vt 10.5607 0
vt 10.5607 0.6
vt 8.78473 0.6
f 1133/2470/240 1141/2471/240 1151/2472/240 1144/2473/240 

v 2588.84 300 -6522.22
vt 5.17767 13.0444
vn -2.031e-16 1 -2.42299e-16
v 2618.22 300 -6562.67
vt 5.23645 13.1253
v 2427.03 300 -6701.58
vt 4.85406 13.4032
v 2427.03 300 -6639.77
vt 4.85406 13.2795
f 1176/2474/354 1177/2475/354 1178/2476/354 1173/2465/354 1150/2464/354 1179/2477/354 

vn -8.36992e-16 1 1.43043e-15
v 3171.71 300 -6098.75
v 2897.31 300 -5254.25
v 3230.49 300 -6117.85
vt 6.46098 12.2357
v 3025.84 300 -6266.53
vt 6.05168 12.5331
v 2983.3 300 -6297.43
f 1177/2475/355 1176/2474/355 1180/2377/355 1181/2373/355 1122/2357/355 1182/2478/355 1183/2479/355 1184/2379/355 

v 2588.84 0 -6522.22
vt -3.47831 0
vt -2.80007 0
v 2863.19 249.837 -6322.89
vt -2.80007 0.499674
v 2953.92 249.837 -6256.98
vt -2.57579 0.499674
vt -2.57579 0
vt -2.03738 0
vt -2.03738 0.6
vt -3.47831 0.6
f 1185/2480/284 1138/2481/284 1186/2482/284 1187/2483/284 1135/2484/284 1134/2485/284 1180/2486/284 1176/2487/284 

v 2427.03 0 -6639.77
vn 1.9992e-17 1 -2.75175e-17
f 1188/2477/356 1139/2382/356 1138/2381/356 1185/2474/356 

vn 1.63992e-17 1 -3.58919e-17
f 1149/2464/357 45/2383/357 1139/2382/357 1188/2477/357 

usemtl FrontColor
v 1961.37 0 -6363.26
vt 772.192 2505.22
vn 8.36177e-18 1 -1.77807e-17
vt 783.763 2489.3
vt 891.821 2567.8
vt 955.524 2614.08
vt 1019.23 2567.8
vt 1127.24 2489.33
vt 1138.81 2505.25
v 2427.03 0 -6701.58
vt 955.524 2638.42
v 2235.84 0 -6562.67
vt 880.251 2583.73
f 1189/2488/358 45/2489/358 1149/2490/358 1188/2491/358 1185/2492/358 1138/2493/358 1137/2494/358 1190/2495/358 1191/2496/358 

usemtl mramor1
v 1961.37 249.837 -6363.26
vt -7.9904 0.499674
vn -0.809025 -9.351e-16 0.587774
vt -7.9904 -9.96248e-15
vt -7.8904 -9.92759e-15
vt -7.8904 0.499674
f 1192/2497/359 1189/2498/359 45/2499/359 44/2500/359 

vt -11.3324 2.29649e-15
vn -0.587774 -2.87407e-16 -0.809025
vt -10.6539 2.29649e-15
vt -10.6539 0.499674
vt -10.6539 0.6
vt -11.3324 0.6
f 1191/2501/360 1189/2502/360 1192/2503/360 1174/2504/360 1173/2505/360 

v 3171.71 0 -6877.27
vt 6.34342 13.7545
vn 4.38254e-18 1 -5.21253e-18
v 2574.21 0 -7311.37
vt 5.14843 14.6227
vt 5.01079 14.7227
vt 4.69734 14.7227
vt 4.55969 14.6227
vt 3.3647 13.7545
f 1193/2506/361 1194/2507/361 1165/2508/361 1168/2509/361 1157/2510/361 1158/2511/361 1145/2467/361 1140/2384/361 45/2383/361 1189/2466/361 1191/2465/361 1190/2476/361 1137/2380/361 1136/2379/361 

vt -5.14843 14.6227
vt -5.14843 14.7227
vt -5.40091 14.7227
v 2659.28 0 -7311.37
vt -5.31856 14.6227
v 3230.49 0 -6896.37
vt -6.46098 13.7927
v 3025.84 0 -6266.53
vt -6.05168 12.5331
vt -5.96661 12.5949
vt -6.34342 13.7545
f 1194/2512/44 1164/2513/44 1163/2514/44 1195/2515/44 1196/2516/44 1197/2517/44 1136/2518/44 1193/2519/44 

vt 14.669 0
vt 14.7986 0
vt 14.7986 0.599674
v 2659.28 299.837 -7311.37
vt 14.669 0.599674
f 1195/2520/116 1163/2521/116 1162/2522/116 1198/2523/116 

vt 5.40091 14.7227
vn 1.04374e-18 1 -4.39677e-18
vt 4.30722 14.7227
vt 4.38956 14.6227
vt 3.24714 13.7927
v 1682.35 299.837 -6877.27
v 2308.22 299.837 -7331.98
vt 4.61643 14.664
v 2545.84 299.837 -7331.98
vt 5.09169 14.664
v 3171.71 299.837 -6877.27
v 2983.3 299.837 -6297.43
v 3025.84 299.837 -6266.53
v 3230.49 299.837 -6896.37
vt 6.46098 13.7927
vt 5.31856 14.6227
f 1162/2524/362 1161/2525/362 1169/2526/362 1170/2527/362 1153/2468/362 1154/2467/362 1199/2511/362 1200/2528/362 1201/2529/362 1202/2506/362 1203/2379/362 1204/2479/362 1205/2530/362 1198/2531/362 

vt -10.4299 0.6
vn -0.587774 5.60368e-19 -0.809025
f 1175/2532/363 1154/2413/363 1153/2412/363 1172/2447/363 

vn -0.587774 -6.78937e-17 -0.809025
f 1174/2504/364 1192/2503/364 1152/2414/364 1154/2413/364 1175/2532/364 

vn 5.21468e-16 -1 -3.78858e-16
vt -3.92274 12.7265
vt -3.98151 12.6456
vt -3.80029 12.514
f 1152/2419/365 1192/2533/365 44/2534/365 1148/2535/365 

vt 10.8222 0
vt 12.0415 0
vt 12.0415 0.599674
vt 10.8222 0.599674
vt 10.8222 0.499674
f 1145/2536/240 1158/2537/240 1199/2538/240 1154/2539/240 1152/2540/240 

vt 12.4539 -2.27012e-15
vn 0.587774 -2.48098e-16 0.809025
vt 12.4539 0.499674
vt 12.3539 0.599674
vt 10.8067 0.599674
vt 10.8067 -2.27012e-15
vt 12.2838 -2.27012e-15
f 1168/2541/366 1167/2542/366 1200/2543/366 1199/2544/366 1158/2545/366 1157/2546/366 

vt 4.61643 -6.91361
vn -5.77845e-17 -0.506725 0.862108
vt 4.69734 -7.0296
vt 5.01079 -7.0296
vt 5.09169 -6.91361
f 1200/2547/367 1167/2548/367 1166/2549/367 1201/2550/367 

vt -2.95257 0.599674
vn -0.587774 -1.2029e-16 0.809025
vt -4.49979 0.599674
vt -4.59979 0.499674
vt -4.59979 -1.78706e-15
vt -4.42965 -1.78706e-15
vt -2.95257 -1.78706e-15
f 1202/2551/368 1201/2552/368 1166/2553/368 1165/2554/368 1194/2555/368 1193/2556/368 

vt -15.0416 -3.39091e-09
vn -0.951054 -1.9024e-09 -0.309025
vt -13.8222 -3.39091e-09
v 2983.3 249.837 -6297.43
vt -13.8222 0.499674
vt -13.8222 0.599674
vt -15.0416 0.599674
f 1193/2557/369 1136/2558/369 1206/2559/369 1203/2560/369 1202/2561/369 

vt -13.5966 9.26967e-15
vn -0.809025 -3.59876e-15 -0.587774
vt -13.5966 0.499674
vt -13.6966 0.499674
vt -13.6966 9.26967e-15
f 1135/2562/370 1187/2563/370 1206/2564/370 1136/2565/370 

vt -5.90783 12.514
vt -5.72638 12.6458
v 2892.58 249.837 -6363.34
vt -5.78516 12.7267
f 1187/2566/44 1186/2567/44 1207/2568/44 1206/2518/44 

vt 13.5966 0.499674
vt 13.5966 0
vt 13.6966 0
vt 13.6966 0.499674
f 1186/2569/235 1138/2570/235 1137/2571/235 1207/2572/235 

vt 3.95096 0.6
vn 0.587774 -2.11132e-08 -0.809025
vt 3.47831 0.6
vt 2.57579 0.6
vt 2.57579 0.599675
vt 2.57579 0.499675
vt 2.80007 0.499675
vt 2.80007 2.89178e-07
vt 3.95096 2.89178e-07
f 1178/2573/371 1177/2574/371 1184/2575/371 1203/2576/371 1206/2577/371 1207/2578/371 1137/2579/371 1190/2580/371 

vt 2.47065 0.6
vn 0.587774 -3.09042e-10 -0.809025
vt 2.47065 0.599674
vt 2.57579 0.599674
f 1183/2581/372 1204/2582/372 1203/2583/372 1184/2575/372 

v 3230.49 0 -6117.85
vt 1.96472 -3.25682e-16
vn 0.587774 2.37784e-17 -0.809025
vt 2.47065 -3.25682e-16
vt 1.96472 0.6
f 1208/2584/373 1197/2585/373 1204/2582/373 1183/2581/373 1182/2586/373 

usemtl FrontColor
vt 1191.27 2467.14
vt 1174.53 2479.3
vt 1162.96 2463.38
vt 1248.71 2401.08
vt 1140.67 2068.6
vt 1271.85 2408.6
f 1197/2587/3 1136/2588/3 1135/2589/3 1134/2590/3 1130/2591/3 1065/2247/3 1208/2592/3 

usemtl mramor1
vt 2.47065 -8.43258e-08
vn 0.587774 6.1567e-09 -0.809025
vt 2.57579 -8.43258e-08
vt 2.57579 0.499674
f 1197/2593/374 1136/2594/374 1206/2595/374 1203/2583/374 1204/2582/374 

vt 13.7897 0
vt 15.1142 0
vt 15.1142 0.599674
vt 13.7897 0.599674
f 1197/2596/252 1196/2597/252 1205/2598/252 1204/2599/252 

vt 2.87992 0
vt 4.29201 0
vt 4.29201 0.599674
vt 2.87992 0.599674
f 1196/2600/251 1195/2601/251 1198/2602/251 1205/2603/251 

vt -13.5608 0
vt -11.7848 0
vt -11.7848 0.6
vt -13.5608 0.6
f 1134/2604/248 1130/2605/248 1181/2606/248 1180/2607/248 

vt -1.48863 8.87976e-18
vn -0.587774 7.45724e-19 0.809025
vt -1.38348 8.87976e-18
vt -1.38348 0.6
vt -1.48863 0.6
f 1130/2608/375 1065/2609/375 1122/2610/375 1181/2611/375 

vt 11.7523 4.64245e-17
vn 0.951054 -1.96414e-17 0.309025
vt 13.6334 4.64245e-17
vt 13.6334 0.6
vt 11.7523 0.6
f 1065/2612/376 1208/2613/376 1182/2614/376 1122/2615/376 

vt -11.8051 0
vt -11.3324 0
vt -11.8051 0.6
f 1190/2616/250 1191/2617/250 1173/2505/250 1178/2618/250 

vt 11.3324 0
vt 11.7324 0
vt 11.7324 0.6
f 1149/2619/285 1188/2620/285 1179/2621/285 1150/2404/285 

vt -3.87832 1.62452e-16
vn -0.587774 1.1948e-17 0.809025
vt -3.47832 1.62452e-16
vt -3.47832 0.6
vt -3.87832 0.6
f 1188/2622/377 1185/2623/377 1176/2624/377 1179/2625/377 

v 2427.04 0 -5223.35
vt 4.85408 10.4467
f 1143/2387/3 1209/2626/3 1132/2375/3

f 1067/2249/3 1209/2626/3 1143/2387/3 1068/2253/3 

f 1066/2252/3 1129/2372/3 1209/2626/3 1067/2249/3 

f 1129/2372/3 1132/2375/3 1209/2626/3

vt -1.14832 0
vt -1.14832 0.6
vt -1.35099 0.6
vt -1.35099 0
f 1051/2627/284 1118/2628/284 1123/2629/284 1066/2630/284 

vt 5.5232 0
vt 7.8541 0
vt 7.8541 0.6
v 2761.6 300 -979.513
vt 5.5232 0.6
f 1062/2631/155 1063/2632/155 1125/2633/155 1210/2634/155 

v 2757.62 300 -1029.51
vt 5.51524 2.05903
vt 5.5232 1.95903
f 1125/2358/3 1127/2219/3 1211/2635/3 1210/2636/3 

vt -7.78102 0
vt -5.51524 0
vt -5.51524 0.6
vt -7.78102 0.6
f 1043/2637/29 1053/2638/29 1211/2639/29 1127/2640/29 

v 1930.45 0 -2352.5
vt 3.86089 4.705
vt 4.14187 2.05903
vt 5.26696 3.91805
vt 5.36727 3.91805
f 1212/2641/3 1096/2268/3 1095/2642/3 1094/90/3 1093/89/3 1055/2643/3 1054/2644/3 1053/2635/3 1043/2219/3 1042/2218/3 

v 1781.27 0 -2811.59
vt 3.56255 5.62318
v 1776.94 0 -2824.94
vt 3.55388 5.64987
v 1718.19 0 -3005.75
vt 3.43637 6.0115
v 1655.1 0 -3199.91
vt 3.31019 6.39983
v 1623.55 0 -3297
vt 3.2471 6.59399
v 1844.36 0 -2617.43
vt 3.68873 5.23485
f 1213/2645/3 1214/2646/3 1215/2647/3 1216/2648/3 1217/2649/3 1098/2262/3 1097/2269/3 1096/2268/3 1212/2641/3 1218/2650/3 

v 2097.86 0 -2581.58
vt 4.19573 5.16316
v 2168.67 0 -2678.47
vt 4.33734 5.35693
f 1213/2645/3 1219/2651/3 1220/2652/3 1215/2647/3 1214/2646/3 

v 2171.81 0 -2527.86
vt 4.34362 5.05571
v 2222.85 0 -2564.94
vt 4.4457 5.12987
v 2273.89 0 -2602.02
vt 4.54778 5.20404
v 2027.06 0 -2484.7
vt 4.05412 4.96939
v 2069.73 0 -2453.69
vt 4.13946 4.90738
v 2027.06 0 -2484.7
v 2097.86 0 -2581.58
f 1221/2653/3 1222/2654/3 1223/2655/3 1220/2652/3 1219/2651/3 1213/2645/3 1218/2650/3 1224/2656/3 1212/2641/3 1225/2657/3 1226/2656/3 1227/2651/3 

v 2682.21 0 -2527.86
vt 5.36443 5.05571
v 2631.17 0 -2564.94
vt 5.26234 5.12987
f 1228/2658/3 1229/2659/3 1222/2654/3 1221/2653/3 

v 2756.15 0 -2581.58
vt 5.51231 5.16315
v 2685.34 0 -2678.46
vt 5.37069 5.35692
v 2580.13 0 -2602.02
vt 5.16026 5.20404
f 1228/2658/3 1230/2660/3 1231/2661/3 1232/2662/3 1229/2659/3 

v 2733.25 0 -2490.77
vt 5.4665 4.98155
v 2784.29 0 -2453.69
vt 5.56859 4.90739
v 2826.96 0 -2484.69
vt 5.65392 4.96939
f 1230/2660/3 1228/2658/3 1233/2663/3 1234/2664/3 1235/2665/3 

v 2120.77 0 -2490.77
vt 4.24154 4.98155
f 1236/2666/3 1233/2663/3 1228/2658/3 1221/2653/3 

f 1225/2657/3 1234/2664/3 1233/2663/3 1236/2666/3 

f 1212/2641/3 1042/2218/3 1234/2664/3 1225/2657/3 

f 1042/2218/3 1235/2665/3 1234/2664/3

f 1042/2218/3 1041/2217/3 1235/2665/3

f 1040/2216/3 1230/2660/3 1235/2665/3 1041/2217/3 

f 1040/2216/3 1039/2215/3 1231/2661/3 1230/2660/3 

v 3108.98 0 -3134.57
vt 6.21797 6.26913
v 3058.05 0 -3097.56
vt 6.1161 6.19513
v 2955.38 0 -3022.97
vt 5.91075 6.04594
v 2852.7 0 -2948.37
vt 5.7054 5.89675
v 2614.54 0 -2775.34
vt 5.22907 5.55068
f 1039/2215/3 1038/2214/3 1237/2667/3 1238/2668/3 1239/2669/3 1240/2670/3 1241/2671/3 1231/2661/3 

v 3074.19 0 -3245.44
vt 6.14839 6.49088
f 1037/2213/3 1242/2672/3 1237/2667/3 1038/2214/3 

v 3058.31 0 -3297
vt 6.11662 6.59399
f 1037/2213/3 1243/2673/3 1242/2672/3

v 2480.22 0 -3716.99
vt 4.96043 7.43398
f 1037/2213/3 1049/2225/3 1244/2674/3 1243/2673/3 

v 2427.01 0 -3717
vt 4.85402 7.43399
v 2480.21 0 -3717
vt 4.96042 7.43399
f 1244/2674/3 1049/2225/3 1245/2675/3 1246/2676/3 

v 2373.81 0 -3717
vt 4.74763 7.43399
f 1049/2225/3 1247/2677/3 1245/2675/3

v 2373.81 0 -3716.99
vt 4.74762 7.43398
v 1795.72 0 -3297
vt 3.59143 6.59399
f 1248/2678/3 1247/2677/3 1049/2225/3 1217/2649/3 1249/2679/3 

usemtl FrontColor
vt 934.57 1463.38
v 2334.82 0 -3596.99
vt 919.219 1416.14
v 2334.82 0 -3597
vt 919.22 1416.14
v 2354.32 0 -3657
vt 926.896 1439.76
vt 934.572 1463.38
f 1248/2680/3 1250/2681/3 1251/2682/3 1252/2683/3 1247/2684/3 

usemtl mramor1
vt 4.66963 7.19399
v 1859.17 0 -3297
vt 3.71833 6.59399
v 1921.89 0 -3297
vt 3.84379 6.59399
f 1250/2685/3 1248/2678/3 1249/2679/3 1253/2686/3 1254/2687/3 

v 1780.49 0 -3245.22
vt 3.56098 6.49044
v 1836.98 0 -3226.58
vt 3.67397 6.45317
v 1858.81 0 -3295.86
vt 3.71762 6.59173
f 1249/2679/3 1255/2688/3 1256/2689/3 1257/2690/3 1253/2686/3 

f 1255/2688/3 1249/2679/3 1217/2649/3

v 1745.52 0 -3134.22
vt 3.49104 6.26844
f 1255/2688/3 1217/2649/3 1216/2648/3 1258/2691/3 

v 2239.47 0 -2775.35
vt 4.47895 5.5507
v 2052.66 0 -2911.08
vt 4.10532 5.82215
v 2001.62 0 -2948.16
vt 4.00323 5.89632
v 1950.28 0 -2985.46
vt 3.90056 5.97091
v 1898.94 0 -3022.75
vt 3.79788 6.04551
v 1847.9 0 -3059.84
vt 3.6958 6.11968
v 1796.27 0 -3097.35
vt 3.59253 6.1947
f 1220/2652/3 1259/2692/3 1260/2693/3 1261/2694/3 1262/2695/3 1263/2696/3 1264/2697/3 1265/2698/3 1258/2691/3 1216/2648/3 1215/2647/3 

v 2324.93 0 -2639.1
vt 4.64986 5.2782
v 2375.97 0 -2676.18
vt 4.75194 5.35237
f 1259/2692/3 1220/2652/3 1223/2655/3 1266/2699/3 1267/2700/3 

v 2529.09 0 -2639.1
vt 5.05818 5.2782
f 1223/2655/3 1232/2662/3 1268/2701/3 1266/2699/3 

v 2580.13 0 -2602.02
v 2478.05 0 -2676.18
vt 4.9561 5.35237
f 1232/2662/3 1223/2655/3 1222/2654/3 1229/2659/3 1269/2662/3 1231/2661/3 1241/2671/3 1270/2702/3 1268/2701/3 

v 2426.99 0 -3031.94
vt 4.85399 6.06389
f 1241/2671/3 1271/2703/3 1259/2692/3 1267/2700/3 1270/2702/3 

v 2788.77 0 -3151.29
vt 5.57754 6.30257
v 2731.61 0 -3132.43
vt 5.46322 6.26486
v 2801.33 0 -2911.08
vt 5.60265 5.82215
v 2731.59 0 -3132.42
vt 5.46318 6.26485
f 1272/2704/3 1273/2705/3 1274/2706/3 1275/2707/3 1271/2703/3 1241/2671/3 1240/2670/3 

v 2742.87 0 -3297
vt 5.48573 6.59399
v 2679.78 0 -3297
vt 5.35956 6.59399
f 1276/2708/3 1277/2709/3 1273/2705/3 1272/2704/3 

v 2597.19 0 -3357
vt 5.19438 6.71399
v 2805.95 0 -3297
vt 5.61191 6.59399
v 2558.2 0 -3477
vt 5.1164 6.95399
v 2577.7 0 -3417
vt 5.15539 6.83399
f 1278/2710/3 1277/2709/3 1276/2708/3 1279/2711/3 1280/2712/3 1281/2713/3 

v 2427 0 -3357
vt 4.854 6.71399
v 2679.74 0 -3297
vt 5.35948 6.59399
f 1282/2714/3 1271/2703/3 1275/2707/3 1283/2715/3 1277/2709/3 1278/2710/3 

v 2256.83 0 -3357
vt 4.51366 6.71399
v 2174.25 0 -3297
vt 4.34849 6.59399
v 2122.4 0 -3132.43
vt 4.2448 6.26485
f 1271/2703/3 1282/2714/3 1284/2716/3 1285/2717/3 1286/2718/3 

v 2427 0 -3417
vt 4.854 6.83399
v 2276.33 0 -3417
vt 4.55266 6.83399
f 1282/2714/3 1287/2719/3 1288/2720/3 1284/2716/3 

f 1278/2710/3 1281/2713/3 1287/2719/3 1282/2714/3 

v 2427 0 -3477
vt 4.85401 6.95399
f 1287/2719/3 1281/2713/3 1280/2712/3 1289/2721/3 

v 2538.7 0 -3537
vt 5.0774 7.07399
v 2427 0 -3537
vt 4.85401 7.07399
f 1280/2712/3 1290/2722/3 1291/2723/3 1289/2721/3 

v 2869.04 0 -3297
vt 5.73809 6.59399
v 2932.13 0 -3297
vt 5.86426 6.59399
v 2519.21 0 -3596.99
vt 5.03842 7.19399
f 1290/2722/3 1280/2712/3 1279/2711/3 1292/2724/3 1293/2725/3 1294/2726/3 

v 2845.77 0 -3170.09
vt 5.69155 6.34018
v 2903.07 0 -3188.99
vt 5.80614 6.37798
f 1292/2724/3 1279/2711/3 1295/2727/3 1296/2728/3 

v 2845.56 0 -3170.02
vt 5.69112 6.34004
f 1297/2729/3 1295/2727/3 1279/2711/3 1276/2708/3 1272/2704/3 

v 2903.71 0 -2985.46
vt 5.80741 5.97091
f 1295/2727/3 1297/2729/3 1298/2730/3

f 1296/2728/3 1295/2727/3 1298/2730/3 1297/2729/3 1272/2704/3 1240/2670/3 1239/2669/3 

v 3017.37 0 -3226.7
vt 6.03474 6.45339
v 2959.96 0 -3207.76
vt 5.91992 6.41552
v 3006.09 0 -3059.84
vt 6.01217 6.11968
v 2959.53 0 -3207.62
vt 5.91906 6.41523
f 1299/2731/3 1300/2732/3 1301/2733/3 1302/2734/3 1296/2728/3 1239/2669/3 1238/2668/3 

v 2995.22 0 -3297
vt 5.99044 6.59399
f 1303/2735/3 1293/2725/3 1300/2732/3 1299/2731/3 

f 1244/2674/3 1294/2726/3 1293/2725/3 1303/2735/3 1243/2673/3 

usemtl FrontColor
vt 976.463 1463.38
v 2499.71 0 -3657
vt 984.137 1439.76
v 2519.2 0 -3597
vt 991.813 1416.14
vt 991.814 1416.14
f 1244/2736/3 1304/2737/3 1305/2738/3 1294/2739/3 

usemtl mramor1
vt 4.99941 7.31399
v 2427.01 0 -3657
vt 4.85401 7.31399
f 1304/2740/3 1244/2674/3 1246/2676/3 1245/2675/3 1306/2741/3 

vt 4.70863 7.31399
f 1247/2677/3 1252/2742/3 1306/2741/3 1245/2675/3 

vt 4.66964 7.19399
v 2427.01 0 -3597
vt 4.85401 7.19399
f 1251/2743/3 1307/2744/3 1306/2741/3 1252/2742/3 

v 2315.32 0 -3537
vt 4.63065 7.07399
f 1251/2743/3 1308/2745/3 1291/2723/3 1307/2744/3 

v 2048.07 0 -3297
vt 4.09614 6.59399
v 2295.83 0 -3477
vt 4.59165 6.95399
v 1985.34 0 -3297
vt 3.97069 6.59399
f 1309/2746/3 1310/2747/3 1308/2745/3 1251/2743/3 1250/2685/3 1254/2687/3 1311/2748/3 

v 2111.52 0 -3297
vt 4.22304 6.59399
f 1285/2717/3 1284/2716/3 1288/2720/3 1310/2747/3 1309/2746/3 1312/2749/3 

f 1310/2747/3 1288/2720/3 1287/2719/3 1289/2721/3 

f 1308/2745/3 1310/2747/3 1289/2721/3 1291/2723/3 

v 2008.43 0 -3170.03
vt 4.01686 6.34005
v 2065.58 0 -3151.17
vt 4.13116 6.30234
v 2111.16 0 -3295.86
vt 4.22233 6.59173
f 1312/2749/3 1309/2746/3 1313/2750/3 1314/2751/3 1315/2752/3 

v 1984.99 0 -3295.86
vt 3.96997 6.59173
v 1951.28 0 -3188.88
vt 3.90256 6.37776
f 1311/2748/3 1316/2753/3 1317/2754/3 1313/2750/3 1309/2746/3 

v 1894.46 0 -3207.62
vt 3.78892 6.41525
f 1311/2748/3 1254/2687/3 1318/2755/3 1317/2754/3 1316/2753/3 

f 1318/2755/3 1254/2687/3 1253/2686/3 1257/2690/3 1256/2689/3 

f 1265/2698/3 1264/2697/3 1318/2755/3 1256/2689/3 

f 1318/2755/3 1264/2697/3 1263/2696/3 1317/2754/3 

f 1317/2754/3 1263/2696/3 1262/2695/3 1313/2750/3 

f 1313/2750/3 1262/2695/3 1261/2694/3 1314/2751/3 

f 1261/2694/3 1260/2693/3 1286/2718/3 1314/2751/3 

f 1286/2718/3 1260/2693/3 1259/2692/3 1271/2703/3 

f 1312/2749/3 1315/2752/3 1314/2751/3 1286/2718/3 1285/2717/3 

f 1256/2689/3 1255/2688/3 1258/2691/3 1265/2698/3 

vt 5.03841 7.19399
f 1291/2723/3 1290/2722/3 1305/2756/3 1307/2744/3 

f 1294/2726/3 1305/2756/3 1290/2722/3

f 1305/2756/3 1304/2740/3 1306/2741/3 1307/2744/3 

f 1299/2731/3 1242/2672/3 1243/2673/3 1303/2735/3 

f 1238/2668/3 1237/2667/3 1242/2672/3 1299/2731/3 

f 1302/2734/3 1300/2732/3 1293/2725/3 1292/2724/3 1296/2728/3 

f 1300/2732/3 1302/2734/3 1301/2733/3

f 1275/2707/3 1273/2705/3 1277/2709/3 1283/2715/3 

f 1273/2705/3 1275/2707/3 1274/2706/3

f 1266/2699/3 1268/2701/3 1270/2702/3 1267/2700/3 

vt 4.65408 10.1276
f 1048/2224/3 1071/2256/3 1085/2757/3 1100/2264/3 1099/2263/3 1217/2649/3 1049/2225/3 

vt 10.5936 0
vn 0.707107 0 0.707107
vt 10.5936 0.5
vt 10.4522 0.6
vt 10.4522 0
f 1071/2758/378 1113/2759/378 1101/2760/378 1085/2761/378 

vt 8.83237 0
vt 8.83237 0.6
vt 4.57806 0.6
vt 4.57806 0
f 1100/2762/285 1077/2763/285 1076/2764/285 1099/2765/285 

vt 7.21667 0
vt 7.21736 0
vt 7.21736 0.6
vt 7.21667 0.6
f 1098/2766/240 1099/2767/240 1076/2768/240 1075/2769/240 

usemtl FrontColor
vt 639.194 1298.03
f 1217/2770/3 1099/2293/3 1098/2292/3

usemtl mramor1
vt 1.36283 0
vt 1.36283 0.6
f 1097/2771/240 1098/2766/240 1075/2769/240 1082/2772/240 

vt -1.92718 0
vn -6.75184e-13 0 -1
vt -1.92676 0
vt -1.92676 0.6
vt -1.92718 0.6
f 1096/2773/379 1097/2774/379 1082/2775/379 1081/2776/379 

vt -4.14187 0
vn 1.30386e-16 0 -1
v 2070.93 300 -1029.51
vt -4.14187 0.6
f 1095/2777/380 1096/2773/380 1081/2776/380 1319/2778/380 

v 2065.58 300 -979.513
vt 4.13117 1.95903
f 1081/2268/3 1080/2267/3 1320/2779/3 1319/2642/3 

vt 1.8541 0
vt 4.13117 0
vt 4.13117 0.6
vt 1.8541 0.6
f 1084/2780/155 1088/2781/155 1320/2782/155 1080/2783/155 

vt -2.48799 0.6
vn -0.994325 6.59965e-17 -0.10639
vt -2.38742 0.6
vt -2.38742 2.5734e-16
vt -0.420415 2.5734e-16
v 1960.95 485 -1.59197
vt -0.420415 0.97
v 2170.39 485 -1959.03
vt -4.35763 0.97
vt -4.35763 2.5734e-16
vt -2.48799 2.5734e-16
f 1319/2784/381 1320/2785/381 1088/2786/381 1089/2787/381 1321/2788/381 1322/2789/381 1094/2790/381 1095/2791/381 

vt 3.92189 0
vn -0.00181191 0 0.999998
vt 4.02244 0
v 2011.23 485 -1.50087
vt 4.02244 0.97
vt 3.92189 0.97
f 1089/2792/382 1090/2793/382 1323/2794/382 1321/2795/382 

usemtl FrontColor
v 1960.78 0 -0
vt 771.96 0
v 2011.06 0 -8.7619e-15
vt 791.758 3.44957e-15
f 1324/2796/3 1325/2797/3 1090/2284/3 1089/2283/3 

v 2789.4 0 -2.88765e-13
vt 1098.19 1.13687e-13
f 1060/2242/3 1090/2284/3 1325/2797/3 1326/2798/3 

usemtl mramor1
vt 4.39735 3.50684
vt 5.57879 0.000181791
vt 5.42351 1.95109
vt 5.41555 2.05109
vt 5.30845 3.39667
vt 5.27491 3.81805
vt 4.43065 3.81805
f 1091/2799/3 1090/86/3 1060/2800/3 1059/2801/3 1058/2802/3 1057/2803/3 1056/2804/3 1092/2805/3 

vt 0.430932 3.24441e-34
vn 0.994325 0 0.10639
vt 3.95477 2.97748e-33
v 2198.68 485 -1753.42
vt 3.95477 0.97
vt 0.430932 0.97
f 1090/2806/383 1091/2807/383 1327/2808/383 1323/2809/383 

vt 3.95477 0
vt 4.26776 0
v 2215.32 485 -1909.03
vt 4.26776 0.97
f 1091/2810/383 1092/2811/383 1328/2812/383 1327/2808/383 

vt 4.36833 0
v 2220.67 485 -1959.03
vt 4.36833 0.97
f 1092/2811/383 1093/2813/383 1329/2814/383 1328/2812/383 

f 1092/2805/3 1056/2804/3 1055/2643/3 1093/89/3 

vt -3.48781 6.5989e-15
vn -0.996847 1.18659e-15 0.0793422
vt -3.38749 6.5989e-15
v 2637.46 485 -1909.03
vt -3.38749 0.97
v 2633.48 485 -1959.03
vt -3.48781 0.97
f 1055/2815/384 1056/2816/384 1330/2817/384 1331/2818/384 

vt -3.38749 6.60323e-15
vn -0.996847 1.18737e-15 0.0793422
vt -2.96478 6.60323e-15
v 2654.23 485 -1698.33
vt -2.96478 0.97
f 1056/2819/385 1057/2820/385 1332/2821/385 1330/2817/385 

vt -1.61494 6.60323e-15
v 2707.78 485 -1025.55
vt -1.61494 0.97
f 1057/2820/385 1058/2822/385 1333/2823/385 1332/2821/385 

vt -1.61494 6.11465e-15
vn -0.996847 1.09952e-15 0.0793422
vt -1.51463 6.11465e-15
v 2711.76 300 -975.546
vt -1.51463 0.6
v 2711.76 301.994 -975.546
vt -1.51463 0.603988
v 2711.76 485 -975.546
vt -1.51463 0.97
f 1058/2824/386 1059/2825/386 1334/2826/386 1335/2827/386 1336/2828/386 1333/2823/386 

vt 0.442452 6.06432e-15
vn -0.996847 1.09047e-15 0.0793422
v 2789.4 485 -0.0908954
vt 0.442452 0.97
vt -1.51463 6.06432e-15
f 1060/2829/387 1337/2830/387 1336/2828/387 1335/2827/387 1334/2826/387 1059/2831/387 

vt 5.57878 0
vt 5.67911 0
v 2839.56 485 -4.10871e-14
vt 5.67911 0.97
vt 5.57878 0.97
f 1060/2832/382 1061/2833/382 1338/2834/382 1337/2835/382 

usemtl FrontColor
f 1061/2243/3 1060/2242/3 1326/2798/3

usemtl mramor1
vt 1.51463 6.44436e-15
vn 0.996847 -1.13834e-15 -0.0793422
vt 1.51463 0.6
vt 1.61494 0.6
vt 1.61494 6.44436e-15
vt 3.47985 6.44436e-15
v 2683.64 485 -1959.03
vt 3.47985 0.97
v 2757.62 485 -1029.51
vt 1.61494 0.97
vt -0.450594 0.97
vt -0.450594 6.44436e-15
f 1062/2836/388 1210/2837/388 1211/2838/388 1053/2839/388 1054/2840/388 1339/2841/388 1340/2842/388 1338/2843/388 1061/2844/388 

vt -5.36727 0
vt -5.26696 0
vt -5.26696 0.97
vt -5.36727 0.97
f 1054/2845/29 1055/2846/29 1331/2847/29 1339/2848/29 

vn 1.44335e-15 1 -1.15642e-16
vt 5.67912 -2.9998e-17
f 1336/2801/389 1337/2800/389 1338/2849/389 1340/2635/389 1339/2644/389 1331/2643/389 1330/2804/389 1332/2803/389 1333/2802/389 

vt -4.44135 0
vt -4.34078 0
vt -4.34078 0.97
vt -4.44135 0.97
f 1093/2850/29 1094/2851/29 1322/2852/29 1329/2853/29 

f 1321/85/3 1323/86/3 1327/2799/3 1328/2805/3 1329/89/3 1322/90/3 

f 1219/2651/3 1224/2656/3 1225/2657/3 1236/2666/3 1221/2653/3 

f 1212/2641/3 1224/2656/3 1218/2650/3

vt -7.78145 0
vt -7.78145 0.6
f 1044/2854/29 1043/2637/29 1127/2640/29 1126/2855/29 

vt -10.2168 0
vt -4.36291 0
vt -4.36291 0.6
vt -10.2168 0.6
f 1036/2856/248 1044/2857/248 1126/2858/248 1120/2859/248 

vt -10.2174 2.54438e-21
vn -0.951054 3.76148e-22 -0.309025
vt -10.2168 2.54438e-21
vt -10.2174 0.6
f 1050/2860/390 1036/2861/390 1120/2859/390 1124/2862/390 

vt 3.27612 0.6
vt -0.978187 0.6
vt -0.978187 0
vt 3.27612 0
f 1124/2863/284 1105/2864/284 1045/2865/284 1050/2866/284 

vt -5.05408 10.1276
vt -5.05408 10.2276
f 1104/2867/44 1103/2312/44 1111/2315/44 1114/2868/44 

