# Alias OBJ Model File
# Exported from SketchUp, (c) 2000-2012 Trimble Navigation Limited
# File units = centimeters

mtllib research room.mtl

g Mesh1 Group1 Model

usemtl Color_M00
v 60034.5 476.7 -35867.5
vt 354.331 1.9685
vn 0 1 -0
v 59305.5 476.7 -35867.5
vt 0 1.9685
v 59305.5 476.7 -35863.4
vt 0 0
v 60034.5 476.7 -35863.4
vt 354.331 0
f 1/1/1 2/2/1 3/3/1 4/4/1 

usemtl FrontColor
v 59305.5 71.7 -35867.5
vt 0 3.55271e-15
vn 0 0 -1
v 59305.5 274.2 -35867.5
vt 0 98.4252
vt 0 196.85
vt -354.331 196.85
v 60034.5 71.7 -35867.5
vt -354.331 0
f 5/5/2 6/6/2 2/7/2 1/8/2 7/9/2 

v 59305.5 71.7 -35863.4
vn -1 0 -0
v 59305.5 274.2 -35863.4
vt -1.9685 98.4252
vt -1.9685 3.55271e-15
f 8/5/3 9/6/3 6/10/3 5/11/3 

usemtl Color_M00
v 60034.5 71.7 -35863.4
vn 0 0 1
vt 354.331 196.85
f 10/4/4 4/12/4 3/7/4 9/6/4 8/5/4 

vt 1.9685 0
vn 1 0 -0
vt 1.9685 196.85
f 7/13/5 1/14/5 4/7/5 10/3/5 

vt 3.56215e-32 1.9685
vn -1.00265e-17 -1 -0
vt -354.331 1.9685
vt 3.56215e-32 0
f 5/15/6 7/16/6 10/9/6 8/17/6 

vt -1.9685 196.85
f 2/18/3 6/10/3 9/6/3 3/7/3 

g Mesh2 Group3 Group2 Model

usemtl mramor
v 1332.57 840 -6020.92
vt -2.05572 7.42885
vn -0.949674 0 -0.313241
v 1166.31 840 -5516.85
vt -1.8924 7.42885
v 1166.31 1440 -5516.85
vt -1.8924 7.61347
v 1332.57 1440 -6020.92
vt -2.05572 7.61347
f 11/19/7 12/20/7 13/21/7 14/22/7 

v 2518.46 840 -6357.83
vt -2.92295 9.38223
vn 0 -1 -0
v 2518.46 840 -6307.83
vt -2.92295 9.36685
v 2393.1 840 -6307.83
vt -2.88437 9.36685
v 1938.77 840 -6929.42
vt -2.74458 9.55811
v 1792.34 840 -6485.48
vt -2.69952 9.42151
v 1766.88 840 -6408.31
vt -2.69169 9.39776
v 1760.55 840 -6389.1
vt -2.68974 9.39186
v 1365.61 840 -6929.42
vt -2.56822 9.55811
v 1219.18 840 -6485.48
vt -2.52317 9.42151
v 1385.45 840 -6021.6
vt -2.57433 9.27878
v 1384.87 840 -6019.85
vt -2.57415 9.27824
v 1365.61 840 -5961.47
vt -2.56822 9.26028
v 1219.18 840 -5517.52
vt -2.52317 9.12368
v 1507.27 840 -4713.77
vt -2.61181 8.87637
v 1481.81 840 -4636.59
vt -2.60398 8.85262
vt -2.5069 9.12347
vt -2.55806 9.27857
v 1166.31 840 -6484.8
vt -2.5069 9.4213
v 1348.59 840 -7037.44
vt -2.56299 9.59135
v 1743.53 840 -6497.12
vt -2.6845 9.42509
v 1913.08 840 -7011.17
vt -2.73667 9.58326
v 1988.68 840 -6945.87
vt -2.75994 9.56317
v 2418.49 840 -6357.83
vt -2.89219 9.38223
f 15/23/8 16/24/8 17/25/8 18/26/8 19/27/8 20/28/8 21/29/8 22/30/8 23/31/8 24/32/8 25/33/8 26/34/8 27/35/8 28/36/8 29/37/8 12/38/8 11/39/8 30/40/8 31/41/8 32/42/8 33/43/8 34/44/8 35/45/8 

v 2819.95 840 -6307.83
vt 1.59893 9.36972
v 2694.56 840 -6307.83
vt 1.56035 9.36972
v 2694.56 840 -6357.83
vt 1.56035 9.38511
vt 1.50617 9.38511
vt 1.50617 9.36972
vt 1.4676 9.36972
vt 1.3278 9.56098
vt 1.28274 9.42438
v 1960.38 840 -6016.62
vt 1.33445 9.28012
v 2418.49 840 -5389.88
vt 1.47541 9.08728
v 2794.56 840 -5389.88
vt 1.59112 9.08728
v 3252.67 840 -6016.62
vt 1.73208 9.28012
v 3420.72 840 -6485.48
vt 1.78379 9.42438
v 3274.29 840 -6929.42
vt 1.73873 9.56098
f 36/46/1 37/47/1 38/48/1 15/49/1 16/50/1 17/51/1 18/52/1 19/53/1 39/54/1 40/55/1 41/56/1 42/57/1 43/58/1 44/59/1 

vt 4.34689 7.42885
vt 4.38546 7.42885
v 2518.46 1270.6 -6307.83
vt 4.38546 7.56134
v 2694.56 1270.6 -6307.83
vt 4.43964 7.56134
vt 4.43964 7.42885
vt 4.47822 7.42885
v 2819.95 1440 -6307.83
vt 4.47822 7.61347
v 2393.1 1440 -6307.83
vt 4.34689 7.61347
f 17/60/4 16/61/4 45/62/4 46/63/4 37/64/4 36/65/4 47/66/4 48/67/4 

vt -0.191779 7.42885
v 2518.46 1270.6 -6357.83
vt -0.191779 7.56134
vt -0.207163 7.56134
vt -0.207163 7.42885
f 15/68/5 49/69/5 45/70/5 16/71/5 

v 2794.56 840 -6357.83
vt -3.0079 7.42885
vt -2.97713 7.42885
v 2694.56 1270.6 -6357.83
vt -2.97713 7.56134
vt -2.92295 7.56134
vt -2.92295 7.42885
vt -2.89219 7.42885
v 2418.49 1440 -6357.83
vt -2.89219 7.61347
v 2794.56 1440 -6357.83
vt -3.0079 7.61347
f 50/72/2 38/73/2 51/74/2 49/75/2 15/76/2 35/77/2 52/78/2 53/79/2 

vt -3.01571 9.36685
vt -2.97713 9.36685
vt -2.97713 9.38223
vt -3.0079 9.38223
v 3224.38 840 -6945.87
vt -3.14015 9.56317
v 3299.97 840 -7011.17
vt -3.16341 9.58326
v 3469.53 840 -6497.12
vt -3.21558 9.42509
v 3864.46 840 -7037.44
vt -3.3371 9.59135
v 4046.75 840 -6484.8
vt -3.39319 9.4213
v 3880.48 840 -6020.92
vt -3.34203 9.27857
v 4046.75 840 -5516.85
vt -3.39319 9.12347
v 3731.24 840 -4636.59
vt -3.29611 8.85262
v 3705.79 840 -4713.77
vt -3.28828 8.87637
v 3993.87 840 -5517.52
vt -3.37692 9.12368
v 3847.44 840 -5961.47
vt -3.33186 9.26028
v 3828.18 840 -6019.85
vt -3.32594 9.27824
v 3825.82 840 -6016.62
vt -3.32521 9.27725
v 3993.87 840 -6485.48
vt -3.37692 9.42151
v 3847.44 840 -6929.42
vt -3.33186 9.55811
v 3452.51 840 -6389.1
vt -3.21034 9.39186
v 3446.17 840 -6408.31
vt -3.2084 9.39776
vt -3.20056 9.42151
vt -3.15551 9.55811
f 36/80/8 37/81/8 38/82/8 50/83/8 54/84/8 55/85/8 56/86/8 57/87/8 58/88/8 59/89/8 60/90/8 61/91/8 62/92/8 63/93/8 64/94/8 65/95/8 66/96/8 67/97/8 68/98/8 69/99/8 70/100/8 43/101/8 44/102/8 

vt -4.10429 7.56134
vt -4.10429 7.42885
vt -4.08891 7.42885
vt -4.08891 7.56134
f 51/103/3 38/104/3 37/105/3 46/106/3 

vt -2.92295 9.12665
vt -2.97713 9.12665
vt -2.97713 9.11126
vt -2.92295 9.11126
f 49/107/8 51/108/8 46/109/8 45/110/8 

vt -3.27636 7.42885
vn -0.807331 0 -0.590099
vt -3.05224 7.42885
vt -3.05224 7.61347
v 3224.38 1440 -6945.87
vt -3.27636 7.61347
f 54/111/9 50/112/9 53/113/9 71/114/9 

v 3299.97 1440 -7011.17
vt 4.62592 9.58326
vt 4.60266 9.56317
vt 4.47041 9.38223
vt 4.3547 9.38223
v 1988.68 1440 -6945.87
vt 4.22245 9.56317
v 1913.08 1440 -7011.17
vt 4.19919 9.58326
v 1743.53 1440 -6497.12
vt 4.14702 9.42509
v 1348.59 1440 -7037.44
vt 4.0255 9.59135
v 1166.31 1440 -6484.8
vt 3.96941 9.4213
vt 4.02057 9.27857
vt 3.96941 9.12347
v 1481.81 1440 -4636.59
vt 4.06649 8.85262
v 1507.27 1440 -4713.77
vt 4.07432 8.87637
v 1219.18 1440 -5517.52
vt 3.98568 9.12368
v 1365.61 1440 -5961.47
vt 4.03074 9.26028
v 1384.87 1440 -6019.85
vt 4.03666 9.27824
v 1385.45 1440 -6021.6
vt 4.03684 9.27878
v 1219.18 1440 -6485.48
vt 3.98568 9.42151
v 1365.61 1440 -6929.42
vt 4.03074 9.55811
v 1760.55 1440 -6389.1
vt 4.15225 9.39186
v 1766.88 1440 -6408.31
vt 4.1542 9.39776
v 1792.34 1440 -6485.48
vt 4.16204 9.42151
v 1938.77 1440 -6929.42
vt 4.20709 9.55811
vt 4.34689 9.36685
vt 4.47822 9.36685
v 3274.29 1440 -6929.42
vt 4.61802 9.55811
v 3420.72 1440 -6485.48
vt 4.66308 9.42151
v 3446.17 1440 -6408.31
vt 4.67091 9.39776
v 3452.51 1440 -6389.1
vt 4.67286 9.39186
v 3847.44 1440 -6929.42
vt 4.79438 9.55811
v 3993.87 1440 -6485.48
vt 4.83943 9.42151
v 3825.82 1440 -6016.62
vt 4.78772 9.27725
v 3828.18 1440 -6019.85
vt 4.78845 9.27824
v 3847.44 1440 -5961.47
vt 4.79438 9.26028
v 3993.87 1440 -5517.52
vt 4.83943 9.12368
v 3705.79 1440 -4713.77
vt 4.75079 8.87637
v 3731.24 1440 -4636.59
vt 4.75862 8.85262
v 4046.75 1440 -5516.85
vt 4.8557 9.12347
v 3880.48 1440 -6020.92
vt 4.80454 9.27857
v 4046.75 1440 -6484.8
vt 4.8557 9.4213
v 3864.46 1440 -7037.44
vt 4.79961 9.59135
v 3469.53 1440 -6497.12
vt 4.67809 9.42509
f 72/115/1 71/116/1 53/117/1 52/118/1 73/119/1 74/120/1 75/121/1 76/122/1 77/123/1 14/124/1 13/125/1 78/126/1 79/127/1 80/128/1 81/129/1 82/130/1 83/131/1 84/132/1 85/133/1 86/134/1 87/135/1 88/136/1 89/137/1 48/138/1 47/139/1 90/140/1 91/141/1 92/142/1 93/143/1 94/144/1 95/145/1 96/146/1 97/147/1 98/148/1 99/149/1 100/150/1 101/151/1 102/152/1 103/153/1 104/154/1 105/155/1 106/156/1 

vt -3.62444 7.42885
vn -0.653653 0 -0.756794
vt -3.59371 7.42885
vt -3.59371 7.61347
vt -3.62444 7.61347
f 55/157/10 54/158/10 71/159/10 72/160/10 

vt 1.39072 7.42885
vn 0.949674 0 -0.313241
vt 1.55727 7.42885
vt 1.55727 7.61347
vt 1.39072 7.61347
f 56/161/11 55/162/11 72/163/11 106/164/11 

vt -3.41532 7.42885
vt -3.2094 7.42885
vt -3.2094 7.61347
vt -3.41532 7.61347
f 57/165/9 56/166/9 106/167/9 105/168/9 

vt 1.33149 7.42885
vt 1.51054 7.42885
vt 1.51054 7.61347
vt 1.33149 7.61347
f 58/169/11 57/170/11 105/171/11 104/172/11 

vt 3.84687 7.42885
vn 0.941358 0 0.337408
vt 3.99849 7.42885
vt 3.99849 7.61347
vt 3.84687 7.61347
f 59/173/12 58/174/12 104/175/12 103/176/12 

vt 1.04864 7.42885
vt 1.21196 7.42885
vt 1.21196 7.61347
vt 1.04864 7.61347
f 60/177/11 59/178/11 103/179/11 102/180/11 

vt 3.4304 7.42885
vt 3.71812 7.42885
vt 3.71812 7.61347
vt 3.4304 7.61347
f 61/181/12 60/182/12 102/183/12 101/184/12 

vt 0.615673 7.42885
vn -0.949674 0 0.313241
vt 0.640676 7.42885
vt 0.640676 7.61347
vt 0.615673 7.61347
f 62/185/13 61/186/13 101/187/13 100/188/13 

vt -2.25031 7.42885
vn -0.941358 0 -0.337408
vt -1.9876 7.42885
vt -1.9876 7.61347
vt -2.25031 7.61347
f 63/189/14 62/190/14 100/191/14 99/192/14 

v 3426.57 840 -5385.67
vt 1.78559 9.08598
v 3081.14 840 -4421.92
vt 1.6793 8.78944
v 3577.88 840 -5101.53
vt 1.83214 8.99855
vt 1.8715 8.87924
vt 1.96014 9.12655
vt 1.91508 9.26315
f 107/193/1 108/194/1 109/195/1 62/196/1 63/197/1 64/198/1 

v 3028.03 840 -4421.92
vt 4.54225 8.78657
vt 4.55859 8.78657
vt 4.66488 9.08311
v 3473.59 840 -5516.85
vt 4.67934 9.12347
v 3469.53 840 -5529.17
vt 4.67809 9.12726
v 3307.33 840 -6020.92
vt 4.62819 9.27857
v 3291.31 840 -6069.49
vt 4.62326 9.29351
vt 4.61137 9.27725
vt 4.47041 9.0844
vt 4.3547 9.0844
vt 4.21374 9.27725
v 1921.75 840 -6069.49
vt 4.20185 9.29351
v 1905.73 840 -6020.92
vt 4.19693 9.27857
v 1743.53 840 -5529.17
vt 4.14702 9.12726
v 1739.46 840 -5516.85
vt 4.14577 9.12347
v 1766.88 840 -5440.35
vt 4.1542 9.09993
v 1792.34 840 -5517.52
vt 4.16204 9.12368
v 1938.77 840 -5961.47
vt 4.20709 9.26028
v 2393.1 840 -5339.88
vt 4.34689 9.06902
v 2819.95 840 -5339.88
vt 4.47822 9.06902
v 3274.29 840 -5961.47
vt 4.61802 9.26028
v 3420.72 840 -5517.52
vt 4.66308 9.12368
f 110/199/1 108/200/1 107/201/1 111/202/1 112/203/1 113/204/1 114/205/1 42/206/1 41/207/1 40/208/1 39/209/1 115/210/1 116/211/1 117/212/1 118/213/1 119/214/1 120/215/1 121/216/1 122/217/1 123/218/1 124/219/1 125/220/1 

vt 1.90916 9.28111
vt 1.90843 9.28012
vt 1.7988 9.13013
vt 1.80005 9.12634
f 107/193/1 64/198/1 65/221/1 66/222/1 112/223/1 111/224/1 

vt 0.245822 7.42885
vt 0.264738 7.42885
vt 0.264738 7.61347
vt 0.245822 7.61347
f 65/225/13 64/226/13 98/227/13 97/228/13 

vt 0.408576 7.42885
vt 0.408576 7.61347
f 64/226/13 63/229/13 99/230/13 98/227/13 

vt 4.61724 7.42885
vn 0.807331 0 0.590099
vt 4.61847 7.42885
vt 4.61847 7.61347
vt 4.61724 7.61347
f 66/231/15 65/232/15 97/233/15 96/234/15 

vt -2.53068 7.42885
vt -2.37743 7.42885
vt -2.37743 7.61347
vt -2.53068 7.61347
f 67/235/14 66/236/14 96/237/14 95/238/14 

v 3426.57 840 -6353.62
vt 1.78559 9.38381
vt 1.74889 9.28144
vt 1.96014 9.42438
vt 1.91508 9.56098
vt 1.79357 9.39473
f 126/239/1 113/240/1 112/223/1 66/222/1 67/241/1 68/242/1 69/243/1 

vt 4.66488 9.38094
f 70/142/1 43/141/1 42/206/1 114/205/1 113/204/1 126/244/1 

vt 0.0704907 7.42885
vt 0.0954941 7.42885
vt 0.0954941 7.61347
vt 0.0704907 7.61347
f 43/245/13 70/246/13 92/247/13 91/248/13 

vt 0.101716 7.42885
vt 0.101716 7.61347
f 70/246/13 69/249/13 93/250/13 92/247/13 

usemtl FrontColor
vt 900.078 774.481
vt 897.585 782.041
vt 889.868 760.512
f 69/251/1 70/252/1 126/253/1

usemtl mramor
vt 4.64199 7.42885
vt 4.84791 7.42885
vt 4.84791 7.61347
vt 4.64199 7.61347
f 69/254/15 68/255/15 94/256/15 93/257/15 

vt -0.0181056 7.42885
vt 0.125732 7.42885
vt 0.125732 7.61347
vt -0.0181056 7.61347
f 68/258/13 67/259/13 95/260/13 94/261/13 

vt -0.0733474 7.42885
vt -0.0733474 7.61347
f 44/262/13 43/245/13 91/248/13 90/263/13 

vt 4.50694 7.42885
vt 4.74385 7.42885
vt 4.74385 7.61347
vt 4.50694 7.61347
f 36/264/15 44/265/15 90/266/15 47/267/15 

v 1786.48 840 -6353.62
vt 4.16023 9.38094
f 19/136/1 20/135/1 127/268/1 116/211/1 115/210/1 39/209/1 

vt 3.67329 7.42885
vn 0.949674 0 0.313241
vt 3.69829 7.42885
vt 3.69829 7.61347
vt 3.67329 7.61347
f 20/269/16 19/270/16 88/271/16 87/272/16 

vt 3.84213 7.42885
vt 3.84213 7.61347
f 19/270/16 18/273/16 89/274/16 88/271/16 

vt 1.06333 7.42885
vn -0.807331 0 0.590099
vt 1.30023 7.42885
vt 1.30023 7.61347
vt 1.06333 7.61347
f 18/275/17 17/276/17 48/277/17 89/278/17 

vt 3.66707 7.42885
vt 3.66707 7.61347
f 21/279/16 20/269/16 87/272/16 86/280/16 

f 20/135/1 21/134/1 127/268/1

vt 1.15737 9.28111
vt 1.26773 9.13013
vt 1.31763 9.28144
vt 1.28094 9.38381
vt 1.27296 9.39473
vt 1.15144 9.56098
vt 1.10639 9.42438
vt 1.15755 9.28165
f 25/281/1 117/282/1 116/283/1 127/284/1 21/285/1 22/286/1 23/287/1 24/288/1 

v 1738.62 840 -5451.14
vt 4.14551 9.10325
v 1760.55 840 -5421.15
vt 4.15225 9.09402
f 25/130/1 26/129/1 128/289/1 129/290/1 119/214/1 118/213/1 117/212/1 

vt 3.50405 7.42885
vt 3.52296 7.42885
vt 3.52296 7.61347
vt 3.50405 7.61347
f 26/291/16 25/292/16 82/293/16 81/294/16 

vt 3.52353 7.42885
vt 3.52353 7.61347
f 25/292/16 24/295/16 83/296/16 82/293/16 

vt 1.35737 7.42885
vn 0.941358 0 -0.337408
vt 1.50899 7.42885
vt 1.50899 7.61347
vt 1.35737 7.61347
f 24/297/18 23/298/18 84/299/18 83/300/18 

vt 3.64305 7.42885
vt 3.78689 7.42885
vt 3.78689 7.61347
vt 3.64305 7.61347
f 23/301/16 22/302/16 85/303/16 84/304/16 

vt 0.959261 7.42885
vt 1.16519 7.42885
vt 1.16519 7.61347
vt 0.959261 7.61347
f 22/305/17 21/306/17 86/307/17 85/308/17 

vt 3.36021 7.42885
vt 3.36021 7.61347
f 27/309/16 26/291/16 81/294/16 80/310/16 

vt 1.19503 8.87924
v 1635.17 840 -5101.53
vt 1.23439 8.99855
v 2131.91 840 -4421.92
vt 1.38723 8.78944
v 1786.48 840 -5385.67
vt 1.28094 9.08598
vt 1.27296 9.0969
vt 1.26622 9.10613
vt 1.15144 9.26315
vt 1.10639 9.12655
f 28/311/1 130/312/1 131/313/1 132/314/1 129/315/1 128/316/1 26/317/1 27/318/1 

v 2185.03 840 -4421.92
vt 4.28286 8.78657
vt 4.16023 9.08311
vt 4.26652 8.78657
f 133/319/1 120/215/1 119/214/1 132/320/1 131/321/1 

v 2983.5 840 -4421.92
vt 4.52855 8.78657
f 123/218/1 122/217/1 121/216/1 120/215/1 133/319/1 134/322/1 110/199/1 125/220/1 124/219/1 

f 129/290/1 132/320/1 119/214/1

vt 0.965909 7.42885
vt 1.22862 7.42885
vt 1.22862 7.61347
vt 0.965909 7.61347
f 28/323/18 27/324/18 80/325/18 79/326/18 

vt 3.12811 7.42885
vt 3.15311 7.42885
vt 3.15311 7.61347
vt 3.12811 7.61347
f 29/327/16 28/328/16 79/329/16 78/330/16 

vt 0.228594 7.42885
vn -0.941358 0 0.337408
vt 0.516313 7.42885
vt 0.516313 7.61347
vt 0.228594 7.61347
f 12/331/19 29/332/19 78/333/19 13/334/19 

vt 0.170093 7.42885
vn 0.807331 0 -0.590099
vt 0.394208 7.42885
vt 0.394208 7.61347
vt 0.170093 7.61347
f 35/335/20 34/336/20 73/337/20 52/338/20 

vt -0.515754 7.42885
vn 0.653653 0 -0.756794
vt -0.485018 7.42885
vt -0.485018 7.61347
vt -0.515754 7.61347
f 34/339/21 33/340/21 74/341/21 73/342/21 

vt -2.40103 7.42885
vt -2.23448 7.42885
vt -2.23448 7.61347
vt -2.40103 7.61347
f 33/343/7 32/344/7 75/345/7 74/346/7 

vt 0.327246 7.42885
vt 0.533175 7.42885
vt 0.533175 7.61347
vt 0.327246 7.61347
f 32/347/20 31/348/20 76/349/20 75/350/20 

vt -2.3543 7.42885
vt -2.17525 7.42885
vt -2.17525 7.61347
vt -2.3543 7.61347
f 31/351/7 30/352/7 77/353/7 76/354/7 

vt -0.0517728 7.42885
vt 0.09985 7.42885
vt 0.09985 7.61347
vt -0.0517728 7.61347
f 30/355/19 11/356/19 14/357/19 77/358/19 

g Mesh3 Group4 Group2 Model

usemtl Color_M00
v 2975.53 756.7 -8900.1
v 2246.53 756.7 -8900.1
v 2246.53 756.7 -8896.05
v 2975.53 756.7 -8896.05
f 135/1/1 136/2/1 137/3/1 138/4/1 

usemtl FrontColor
v 2246.53 351.7 -8900.1
v 2246.53 554.2 -8900.1
v 2975.53 351.7 -8900.1
f 139/5/2 140/6/2 136/7/2 135/8/2 141/9/2 

v 2246.53 351.7 -8896.05
v 2246.53 554.2 -8896.05
f 142/5/3 143/6/3 140/10/3 139/11/3 

usemtl Color_M00
v 2975.53 351.7 -8896.05
f 144/4/4 138/12/4 137/7/4 143/6/4 142/5/4 

f 141/13/5 135/14/5 138/7/5 144/3/5 

f 139/15/6 141/16/6 144/9/6 142/17/6 

f 136/18/3 140/10/3 143/6/3 137/7/3 

g Mesh4 Group5 Group2 Model

v 2965.43 1349.4 -4341.92
v 2236.43 1349.4 -4341.92
v 2236.43 1349.4 -4337.87
v 2965.43 1349.4 -4337.87
f 145/1/1 146/2/1 147/3/1 148/4/1 

usemtl FrontColor
v 2236.43 944.4 -4341.92
v 2236.43 1146.9 -4341.92
v 2965.43 944.4 -4341.92
f 149/5/2 150/6/2 146/7/2 145/8/2 151/9/2 

v 2236.43 944.4 -4337.87
v 2236.43 1146.9 -4337.87
f 152/5/3 153/6/3 150/10/3 149/11/3 

usemtl Color_M00
v 2965.43 944.4 -4337.87
f 154/4/4 148/12/4 147/7/4 153/6/4 152/5/4 

f 151/13/5 145/14/5 148/7/5 154/3/5 

f 149/15/6 151/16/6 154/9/6 152/17/6 

f 146/18/3 150/10/3 153/6/3 147/7/3 

g Mesh5 Group7 Group6 Group2 Model

v 2975.53 1036.7 -7751.07
v 2246.53 1036.7 -7751.07
v 2246.53 1036.7 -7747.02
v 2975.53 1036.7 -7747.02
f 155/1/1 156/2/1 157/3/1 158/4/1 

usemtl mramor
v 2246.53 631.7 -7751.07
vt 0 1.80478e-17
v 2246.53 834.2 -7751.07
vt 0 0.5
vt 0 1
vt -1.8 1
v 2975.53 631.7 -7751.07
vt -1.8 0
f 159/359/2 160/360/2 156/361/2 155/362/2 161/363/2 

v 2246.53 631.7 -7747.02
v 2246.53 834.2 -7747.02
vt -0.01 0.5
vt -0.01 1.80478e-17
f 162/359/3 163/360/3 160/364/3 159/365/3 

usemtl Color_M00
v 2975.53 631.7 -7747.02
f 164/4/4 158/12/4 157/7/4 163/6/4 162/5/4 

f 161/13/5 155/14/5 158/7/5 164/3/5 

f 159/15/6 161/16/6 164/9/6 162/17/6 

f 156/18/3 160/10/3 163/6/3 157/7/3 

g Mesh6 Group6 Group2 Model

usemtl mramor
v 3437.47 560 -8386.98
vt 1.78894 10.0095
vn -0.807331 -2.0547e-15 -0.590099
v 3325.54 560 -8233.85
vt 1.7545 9.96234
v 3224.73 560 -8095.92
vt 1.72348 9.9199
v 3119.66 560 -7952.18
vt 1.69115 9.87568
v 3119.66 1036.7 -7952.18
vt 1.80957 9.78912
v 3031.14 1036.7 -7831.07
vt 1.78233 9.75186
v 3031.14 1160 -7831.07
vt 1.81296 9.72947
v 3437.47 1160 -8386.98
vt 1.93799 9.90052
f 165/366/22 166/367/22 167/368/22 168/369/22 169/370/22 170/371/22 171/372/22 172/373/22 

v 3160.03 560 -7922.67
vt 1.70357 9.8666
v 3420.45 560 -8278.97
vt 1.7837 9.97623
v 3550.42 560 -7884.95
vt 1.82369 9.85499
v 3396.3 560 -7441.07
vt 1.77627 9.71841
v 3449.23 560 -7441.07
vt 1.79256 9.71841
v 3603.2 560 -7884.54
vt 1.83993 9.85486
v 3224.38 560 -8094.91
vt 1.72337 9.91959
f 167/368/1 168/369/1 173/374/1 174/375/1 175/376/1 176/377/1 177/378/1 178/379/1 165/366/1 166/367/1 179/380/1 

v 2156.53 560 -7781.07
vt 1.3948 9.82303
vn 2.52168e-17 1 -7.95499e-17
v 2141.55 560 -7801.56
vt 1.39019 9.82933
v 2181.91 560 -7831.07
vt 1.40261 9.83841
v 2093.4 560 -7952.17
vt 1.37538 9.87567
v 2053.03 560 -7922.66
vt 1.36296 9.86659
v 1792.6 560 -8278.97
vt 1.28283 9.97623
v 1662.64 560 -7884.95
vt 1.24284 9.85499
v 1816.61 560 -7441.48
vt 1.29021 9.71854
v 1816.75 560 -7441.07
vt 1.29026 9.71841
v 2156.53 560 -7441.07
vt 1.3948 9.71841
v 3056.53 560 -7441.07
vt 1.67173 9.71841
v 3031.14 560 -7831.07
vt 1.66391 9.83841
v 3071.51 560 -7801.56
vt 1.67634 9.82933
v 3056.53 560 -7781.07
vt 1.67173 9.82303
f 180/381/23 181/382/23 182/383/23 183/384/23 184/385/23 185/386/23 186/387/23 187/388/23 188/389/23 189/390/23 190/391/23 176/377/23 175/376/23 174/375/23 173/374/23 168/369/23 191/392/23 192/393/23 193/394/23 

vn -0.807331 4.46095e-15 0.590099
v 2156.53 1160 -7781.07
vt 1.54385 9.93197
v 1792.6 1160 -8278.97
vt 1.43187 10.0852
v 2053.03 1036.7 -7922.66
vt 1.48138 9.95315
v 2141.55 1036.7 -7801.56
vt 1.50861 9.91589
f 181/382/24 180/381/24 194/395/24 195/396/24 185/386/24 184/385/24 196/397/24 197/398/24 

f 182/383/1 181/382/1 180/381/1

v 2181.91 1036.7 -7831.07
vt 3.50628 7.02462
vn -0.590099 1.95434e-15 -0.807331
vt 3.6247 7.11117
vt 3.61562 7.12359
vt 3.4972 7.03704
f 198/399/25 182/400/25 181/401/25 197/402/25 

vt 1.66391 9.6538
vn 4.53376e-16 1.01635e-15 -1
vt 1.66391 9.69173
vt 1.40261 9.69173
v 2181.91 1160 -7831.07
vt 1.40261 9.6538
f 171/403/26 170/404/26 191/392/26 182/383/26 198/405/26 199/406/26 

v 3071.51 1036.7 -7801.56
vt 0.470872 8.42867
vn 0.590099 8.84635e-16 -0.807331
vt 0.589289 8.34211
vt 0.598367 8.35453
vt 0.47995 8.44109
f 200/407/27 192/408/27 191/409/27 170/410/27 

vt 1.55792 9.91589
vn 0.807331 -1.04681e-17 0.590099
v 3160.03 1036.7 -7922.67
vt 1.58516 9.95315
v 3420.45 1160 -8278.97
vt 1.63466 10.0852
v 3056.53 1160 -7781.07
vt 1.52268 9.93197
f 200/411/28 201/412/28 173/374/28 174/375/28 202/413/28 203/414/28 193/394/28 192/393/28 

vt -2.19908 8.36635
vt -2.15292 8.36635
vt -2.15292 8.38173
vt -2.19908 8.38173
f 201/415/8 200/416/8 170/417/8 169/418/8 

vt -0.182006 7.28688
vn -0.590099 -3.25325e-31 0.807331
vt -0.300423 7.37344
vt -0.309501 7.36102
vt -0.191085 7.27446
f 173/419/29 201/420/29 169/421/29 168/422/29 

vt 1.60838 9.9184
vt 1.64837 9.79716
v 3550.42 1160 -7884.95
f 174/423/13 175/424/13 204/376/13 202/375/13 

v 3271.32 800 -7081.07
vt 1.80758 9.58342
vn -0.944683 1.94049e-15 -0.327985
v 3271.32 820 -7081.07
vt 1.81339 9.5814
v 3260.9 820 -7051.07
vt 1.81018 9.57217
v 3260.9 840 -7051.07
vt 1.816 9.57015
v 3250.48 840 -7021.07
vt 1.81279 9.56092
v 3224.38 840 -6945.87
vt 1.80476 9.53779
v 3224.38 1160 -6945.87
vt 1.89778 9.50549
vt 1.99809 9.79444
v 3396.3 580 -7441.07
vt 1.78209 9.71639
v 3385.89 580 -7411.07
vt 1.77888 9.70716
v 3385.89 600 -7411.07
vt 1.78469 9.70514
v 3375.47 600 -7381.07
vt 1.78149 9.69591
v 3375.47 620 -7381.07
vt 1.7873 9.69389
v 3365.06 620 -7351.07
vt 1.7841 9.68466
v 3365.06 640 -7351.07
vt 1.78991 9.68265
v 3354.64 640 -7321.07
vt 1.78671 9.67341
v 3354.64 660 -7321.07
vt 1.79252 9.6714
v 3344.23 660 -7291.07
vt 1.78932 9.66217
v 3344.23 680 -7291.07
vt 1.79513 9.66015
v 3333.81 680 -7261.07
vt 1.79192 9.65092
v 3333.81 700 -7261.07
vt 1.79774 9.6489
v 3323.39 700 -7231.07
vt 1.79453 9.63967
v 3323.39 720 -7231.07
vt 1.80035 9.63765
v 3312.98 720 -7201.07
vt 1.79714 9.62842
v 3312.98 740 -7201.07
vt 1.80296 9.6264
v 3302.56 740 -7171.07
vt 1.79975 9.61717
v 3302.56 760 -7171.07
vt 1.80556 9.61515
v 3292.15 760 -7141.07
vt 1.80236 9.60592
v 3292.15 780 -7141.07
vt 1.80817 9.6039
v 3281.73 780 -7111.07
vt 1.80497 9.59467
v 3281.73 800 -7111.07
vt 1.81078 9.59265
f 205/425/30 206/426/30 207/427/30 208/428/30 209/429/30 210/430/30 211/431/30 204/432/30 175/376/30 176/377/30 212/433/30 213/434/30 214/435/30 215/436/30 216/437/30 217/438/30 218/439/30 219/440/30 220/441/30 221/442/30 222/443/30 223/444/30 224/445/30 225/446/30 226/447/30 227/448/30 228/449/30 229/450/30 230/451/30 231/452/30 232/453/30 233/454/30 234/455/30 

v 3056.53 800 -7081.07
vt 1.67173 9.60764
v 3056.53 820 -7081.07
vt 1.67173 9.60149
vt 1.73781 9.60149
vt 1.73781 9.60764
f 235/456/2 236/457/2 206/458/2 205/459/2 

v 2156.53 800 -7081.07
vt 1.3948 9.60764
v 2156.53 820 -7081.07
vt 1.3948 9.60149
v 2156.53 840 -7081.07
vt 1.3948 9.59533
v 3056.53 840 -7081.07
vt 1.67173 9.59533
f 235/456/2 237/460/2 238/461/2 239/462/2 240/463/2 236/457/2 

v 3056.53 800 -7111.07
vt 1.67173 9.61687
v 3056.53 800 -7141.07
vt 1.67173 9.6261
v 2156.53 800 -7141.07
vt 1.3948 9.6261
v 2156.53 800 -7111.07
vt 1.3948 9.61687
f 235/456/1 241/464/1 242/465/1 243/466/1 244/467/1 237/460/1 

vt 1.74102 9.61687
vn 6.55927e-16 1 1.13866e-16
f 234/468/31 241/464/31 235/456/31 205/459/31 

v 3056.53 780 -7111.07
vt 4.14508 9.65125
vt 4.14508 9.6451
vt 4.21437 9.6451
vt 4.21437 9.65125
f 245/469/2 241/470/2 234/471/2 233/472/2 

vt 1.66557 9.61687
v 3056.53 780 -7141.07
vt 1.66557 9.6261
f 241/473/5 245/464/5 246/465/5 242/474/5 

vt 1.74422 9.6261
f 246/465/1 245/464/1 233/468/1 232/475/1 

usemtl FrontColor
vt 658.22 296.549
v 3334.52 780 -7110.66
vt 679.001 296.388
v 3344.93 780 -7140.66
vt 683.102 308.199
vt 662.32 308.36
f 233/476/1 247/477/1 248/478/1 232/479/1 

vt -676.674 86.6142
vn 0.00778247 0 -0.99997
vt -655.892 86.6142
vt -655.892 94.4882
v 3334.52 800 -7110.66
vt -676.674 94.4882
f 247/480/32 233/481/32 234/482/32 249/483/32 

vt 654.119 284.738
v 3324.1 800 -7080.66
vt 674.901 284.577
f 205/484/1 250/485/1 249/477/1 234/476/1 

vt -651.883 102.362
v 3324.1 820 -7080.66
vt -672.665 102.362
vt -672.665 94.4882
vt -651.883 94.4882
f 206/486/32 251/487/32 250/488/32 205/489/32 

vt 650.018 272.927
v 3313.68 820 -7050.66
vt 670.8 272.766
f 207/490/1 252/491/1 251/485/1 206/484/1 

vt -647.875 110.236
v 3313.68 840 -7050.66
vt -668.657 110.236
vt -668.657 102.362
vt -647.875 102.362
f 208/492/32 253/493/32 252/494/32 207/495/32 

v 3277.16 840 -6945.87
vt 656.421 231.512
vt 645.918 261.116
vt 635.639 231.512
f 254/496/1 253/491/1 208/490/1 209/497/1 210/498/1 

usemtl mramor
vt 1.73461 9.59841
v 3056.53 840 -7051.07
vt 1.67173 9.59841
v 3056.53 840 -7021.07
vt 1.67173 9.58918
vt 1.73141 9.58918
f 208/499/1 255/500/1 256/501/1 209/502/1 

vt 1.73461 9.60456
v 3056.53 820 -7051.07
vt 1.67173 9.60456
f 255/500/2 208/499/2 207/503/2 257/504/2 

f 236/456/1 257/500/1 207/499/1 206/459/1 

vt 1.67788 9.59841
vt 1.67788 9.60764
f 255/500/5 257/505/5 236/506/5 240/456/5 

v 2156.53 840 -7051.07
vt 1.3948 9.59841
v 2156.53 840 -7021.07
vt 1.3948 9.58918
f 255/500/1 240/456/1 239/460/1 258/507/1 259/508/1 256/501/1 

vt 1.38865 9.60764
v 2156.53 820 -7051.07
vt 1.38865 9.59841
f 239/460/3 238/509/3 260/510/3 258/507/3 

v 1941.74 820 -7081.07
vt 1.32871 9.60764
v 1952.15 820 -7051.07
vt 1.33192 9.59841
f 238/460/1 261/511/1 262/512/1 260/507/1 

vt 3.86815 9.62971
vt 3.86815 9.63587
v 1941.74 800 -7081.07
vt 3.80206 9.63587
vt 3.80206 9.62971
f 238/513/2 237/514/2 263/515/2 261/516/2 

v 1931.32 800 -7111.07
vt 1.32551 9.61687
f 264/517/1 263/511/1 237/460/1 244/467/1 

v 1888.95 800 -7080.66
vt 1.31247 9.60752
vn -2.72791e-15 1 9.47103e-16
v 1878.54 800 -7110.66
vt 1.30927 9.61675
f 265/518/33 263/511/33 264/517/33 266/519/33 

v 1888.95 820 -7080.66
vt -2.32331 7.50885
vn -0.00778247 -5.66803e-19 -0.99997
vt -2.33955 7.50885
vt -2.33955 7.5027
vt -2.32331 7.5027
f 267/520/34 261/521/34 263/522/34 265/523/34 

v 1899.37 820 -7050.66
vt 1.31568 9.59828
f 268/524/33 262/512/33 261/511/33 267/518/33 

vn -0.00778247 3.28509e-19 -0.99997
v 1899.37 840 -7050.66
vt 1.31573 9.59213
v 1952.15 840 -7051.07
vt 1.33197 9.59226
f 262/512/35 268/524/35 269/525/35 270/526/35 

v 1913.08 1160 -7011.17
vt 1.3199 9.58613
vn 0.944683 -4.09214e-15 -0.327985
v 1935.89 1160 -6945.46
vt 1.32692 9.56592
v 1935.89 840 -6945.46
vt 1.41993 9.59821
v 1913.08 840 -7011.17
vt 1.41291 9.61843
v 1909.78 840 -7020.66
vt 1.4119 9.62135
vt 1.40869 9.63058
vt 1.41451 9.6326
vt 1.4113 9.64183
vt 1.41711 9.64385
vt 1.41391 9.65308
v 1878.54 780 -7110.66
vt 1.41972 9.6551
v 1868.12 780 -7140.66
vt 1.41652 9.66433
v 1868.12 760 -7140.66
vt 1.42233 9.66634
v 1857.71 760 -7170.66
vt 1.41913 9.67558
v 1857.71 740 -7170.66
vt 1.42494 9.67759
v 1847.29 740 -7200.66
vt 1.42174 9.68682
v 1847.29 720 -7200.66
vt 1.42755 9.68884
v 1836.87 720 -7230.66
vt 1.42434 9.69807
v 1836.87 700 -7230.66
vt 1.43016 9.70009
v 1826.46 700 -7260.66
vt 1.42695 9.70932
v 1826.46 680 -7260.66
vt 1.43277 9.71134
v 1816.04 680 -7290.66
vt 1.42956 9.72057
v 1816.04 660 -7290.66
vt 1.43537 9.72259
v 1805.63 660 -7320.66
vt 1.43217 9.73182
v 1805.63 640 -7320.66
vt 1.43798 9.73384
v 1795.21 640 -7350.66
vt 1.43478 9.74307
v 1795.21 620 -7350.66
vt 1.44059 9.74509
v 1784.8 620 -7380.66
vt 1.43739 9.75432
v 1784.8 600 -7380.66
vt 1.4432 9.75634
v 1774.38 600 -7410.66
vt 1.44 9.76557
v 1774.38 560 -7410.66
vt 1.45162 9.7696
v 1763.96 560 -7440.66
vt 1.44842 9.77884
v 1763.82 560 -7441.07
vt 1.44837 9.77896
v 1609.85 560 -7884.54
vt 1.401 9.91542
v 1609.85 1160 -7884.54
vt 1.2266 9.85486
f 271/527/36 272/528/36 273/529/36 274/530/36 275/531/36 269/532/36 268/533/36 267/534/36 265/535/36 266/536/36 276/537/36 277/538/36 278/539/36 279/540/36 280/541/36 281/542/36 282/543/36 283/544/36 284/545/36 285/546/36 286/547/36 287/548/36 288/549/36 289/550/36 290/551/36 291/552/36 292/553/36 293/554/36 294/555/36 295/556/36 296/557/36 297/558/36 298/559/36 299/560/36 300/561/36 

vn -3.91091e-15 1 1.47996e-15
v 1988.68 840 -6945.87
vt 1.34316 9.56604
v 1965.86 840 -7011.58
vt 1.33614 9.58626
v 1962.57 840 -7021.07
vt 1.33512 9.58918
vt 1.31888 9.58905
f 274/527/37 301/562/37 302/563/37 303/564/37 270/512/37 269/524/37 275/565/37 

v 1965.86 1160 -7011.58
vn 0.944683 -4.34029e-15 -0.327985
v 1988.68 1160 -6945.87
v 1931.32 780 -7111.07
v 1920.91 780 -7141.07
v 1920.91 760 -7141.07
v 1910.49 760 -7171.07
v 1910.49 740 -7171.07
v 1900.08 740 -7201.07
v 1900.08 720 -7201.07
v 1889.66 720 -7231.07
v 1889.66 700 -7231.07
v 1879.24 700 -7261.07
v 1879.24 680 -7261.07
v 1868.83 680 -7291.07
v 1868.83 660 -7291.07
v 1858.41 660 -7321.07
v 1858.41 640 -7321.07
v 1848 640 -7351.07
v 1848 620 -7351.07
v 1837.58 620 -7381.07
v 1837.58 600 -7381.07
v 1827.17 600 -7411.07
v 1827.17 560 -7411.07
v 1662.64 1160 -7884.95
f 304/527/38 305/528/38 301/529/38 302/530/38 303/531/38 270/532/38 262/533/38 261/534/38 263/535/38 264/536/38 306/537/38 307/538/38 308/539/38 309/540/38 310/541/38 311/542/38 312/543/38 313/544/38 314/545/38 315/546/38 316/547/38 317/548/38 318/549/38 319/550/38 320/551/38 321/552/38 322/553/38 323/554/38 324/555/38 325/556/38 326/557/38 188/558/38 187/559/38 186/560/38 327/561/38 

vn 1.65034e-17 1 -4.4401e-17
vt 1.72337 9.56604
v 3299.97 1160 -7011.17
vt 1.74663 9.58613
v 3603.2 1160 -7884.54
v 1775.58 1160 -8386.98
vt 1.27759 10.0095
f 195/386/39 194/381/39 203/394/39 202/375/39 204/376/39 211/566/39 328/567/39 329/379/39 172/366/39 171/392/39 199/383/39 330/568/39 300/561/39 271/527/39 305/562/39 304/563/39 327/387/39 

vt 1.67173 10.0076
vt 1.3948 10.0076
f 180/381/4 193/394/4 203/569/4 194/570/4 

f 192/393/1 191/392/1 182/383/1 180/381/1 193/394/1 

vn -0.944683 1.84645e-15 -0.327985
v 3303.27 840 -7020.66
v 3277.16 840 -6945.46
v 3277.16 1160 -6945.46
vt 1.90479 9.52571
vt 1.77632 9.71854
v 3449.09 560 -7440.66
v 3449.09 580 -7440.66
v 3438.67 580 -7410.66
v 3438.67 600 -7410.66
v 3428.26 600 -7380.66
v 3428.26 620 -7380.66
v 3417.84 620 -7350.66
v 3417.84 640 -7350.66
v 3407.43 640 -7320.66
v 3407.43 660 -7320.66
v 3397.01 660 -7290.66
v 3397.01 680 -7290.66
v 3386.59 680 -7260.66
v 3386.59 700 -7260.66
v 3376.18 700 -7230.66
v 3376.18 720 -7230.66
v 3365.76 720 -7200.66
v 3365.76 740 -7200.66
v 3355.35 740 -7170.66
v 3355.35 760 -7170.66
v 3344.93 760 -7140.66
f 250/425/40 251/426/40 252/427/40 253/428/40 331/429/40 332/430/40 333/431/40 328/571/40 329/432/40 178/376/40 177/572/40 334/377/40 335/433/40 336/434/40 337/435/40 338/436/40 339/437/40 340/438/40 341/439/40 342/440/40 343/441/40 344/442/40 345/443/40 346/444/40 347/445/40 348/446/40 349/447/40 350/448/40 351/449/40 352/450/40 353/451/40 354/452/40 248/453/40 247/454/40 249/455/40 

vt 2.01526 9.91269
vt 1.96426 10.0673
f 178/573/11 165/574/11 172/366/11 329/379/11 

usemtl FrontColor
vt 703.327 426.471
vt 724.109 426.309
vt 724.165 426.471
f 176/575/1 334/576/1 177/577/1

vt -720.769 0
vt -699.987 0
vt -699.987 7.87402
vt -720.769 7.87402
f 334/578/32 176/579/32 212/580/32 335/581/32 

usemtl mramor
vt 1.77627 9.72456
vt 1.67173 9.72456
v 3056.53 580 -7441.07
f 176/582/2 190/583/2 355/391/2 212/377/2 

v 2156.53 600 -7441.07
vt 1.3948 9.7061
v 3056.53 600 -7441.07
vt 1.67173 9.7061
vt 1.67173 9.71226
f 190/391/2 189/390/2 356/584/2 357/585/2 355/586/2 

vt 1.3825 9.71841
v 2156.53 560 -7411.07
vt 1.3825 9.70918
v 2156.53 600 -7411.07
vt 1.3948 9.70918
f 189/587/3 358/588/3 359/589/3 356/390/3 

vt 1.29346 9.70918
f 188/389/1 326/590/1 358/589/1 189/390/1 

vt 1.27722 9.70905
vt 1.27397 9.71841
vt 1.27401 9.71828
f 296/591/1 326/590/1 188/389/1 298/592/1 297/593/1 

vn -0.00778247 0 -0.99997
vt 1.27732 9.69675
vt 1.29356 9.69687
f 326/590/41 296/591/41 295/594/41 325/595/41 

vt 1.28042 9.69982
vt 1.29667 9.69995
f 294/596/1 324/597/1 325/590/1 295/591/1 

vt 1.28047 9.69367
vt 1.29671 9.6938
f 324/597/41 294/596/41 293/598/41 323/599/41 

vt 1.28363 9.69059
vt 1.29987 9.69072
f 292/600/1 322/601/1 323/597/1 293/596/1 

vt 1.29982 9.69687
vt 1.28358 9.69675
f 291/600/41 321/601/41 322/602/41 292/603/41 

vt 1.28683 9.68136
vt 1.30308 9.68149
f 290/604/1 320/605/1 321/601/1 291/600/1 

vt 1.28688 9.67521
vt 1.30312 9.67533
f 320/605/41 290/604/41 289/606/41 319/607/41 

vt 1.29004 9.67213
vt 1.30628 9.67226
f 288/608/1 318/609/1 319/605/1 289/604/1 

vt 1.30623 9.67841
vt 1.28999 9.67828
f 287/608/41 317/609/41 318/610/41 288/611/41 

vt 1.29324 9.6629
vt 1.30949 9.66303
f 286/612/1 316/613/1 317/609/1 287/608/1 

vt 1.29329 9.65675
vt 1.30953 9.65687
f 316/613/41 286/612/41 285/614/41 315/615/41 

vt 1.29645 9.65367
vt 1.31269 9.6538
f 284/616/1 314/617/1 315/613/1 285/612/1 

vn -0.00778247 -2.83401e-19 -0.99997
vt 1.2965 9.64752
vt 1.31274 9.64764
f 314/617/42 284/616/42 283/618/42 313/619/42 

vt 1.29965 9.64444
vt 1.31589 9.64456
f 282/620/33 312/621/33 313/617/33 283/616/33 

vt 1.31585 9.65072
vt 1.29961 9.65059
f 281/620/34 311/621/34 312/622/34 282/623/34 

vt 1.30286 9.63521
vt 1.3191 9.63533
f 280/624/33 310/625/33 311/621/33 281/620/33 

vt 1.30291 9.62905
vt 1.31915 9.62918
f 310/625/35 280/624/35 279/626/35 309/627/35 

vt 1.30606 9.62598
vt 1.3223 9.6261
f 278/628/33 308/629/33 309/625/33 279/624/33 

vt 1.32226 9.63226
vt 1.30602 9.63213
f 277/628/34 307/629/34 308/630/34 278/631/34 

f 276/519/33 306/517/33 307/629/33 277/628/33 

vt 1.42505 9.63975
vt 1.41924 9.63773
f 306/632/34 276/537/34 266/536/34 264/633/34 

vt 1.3948 9.61072
v 2156.53 780 -7111.07
vt 1.32551 9.61072
f 244/634/2 360/467/2 306/517/2 264/635/2 

vt 1.40096 9.6261
v 2156.53 780 -7141.07
vt 1.40096 9.61687
f 243/636/3 361/466/3 360/467/3 244/637/3 

v 3056.53 760 -7141.07
v 2156.53 760 -7141.07
vt 1.3948 9.61995
vt 1.3948 9.6138
vt 1.67173 9.6138
vt 1.67173 9.61995
f 362/465/2 363/466/2 361/638/2 243/639/2 242/640/2 246/641/2 

vn 0 1 1.20319e-15
v 3056.53 760 -7171.07
vt 1.67173 9.63533
v 3056.53 760 -7201.07
vt 1.67173 9.64456
v 2156.53 760 -7201.07
vt 1.3948 9.64456
v 2156.53 760 -7171.07
vt 1.3948 9.63533
f 362/465/43 364/642/43 365/643/43 366/644/43 367/645/43 363/466/43 

vn 3.06102e-16 1 2.45951e-15
vt 1.74743 9.63533
f 364/642/44 362/465/44 231/475/44 230/646/44 

vt 4.14508 9.66048
vt 4.14508 9.65433
vt 4.21757 9.65433
vt 4.21757 9.66048
f 362/647/2 246/648/2 232/649/2 231/650/2 

usemtl FrontColor
vt -680.683 78.7402
vt -659.901 78.7402
vt -659.901 86.6142
vt -680.683 86.6142
f 354/651/32 231/652/32 232/653/32 248/654/32 

vt 687.203 320.01
vt 666.421 320.171
f 231/479/1 354/478/1 353/655/1 230/656/1 

vt -684.691 70.8661
vt -663.909 70.8661
vt -663.909 78.7402
vt -684.691 78.7402
f 352/657/32 229/658/32 230/659/32 353/660/32 

vt 691.303 331.821
vt 670.522 331.982
f 229/656/1 352/655/1 351/661/1 228/662/1 

vt -688.7 62.9921
vt -667.918 62.9921
vt -667.918 70.8661
vt -688.7 70.8661
f 350/663/32 227/664/32 228/665/32 351/666/32 

vt 695.404 343.632
vt 674.622 343.793
f 227/662/1 350/661/1 349/667/1 226/668/1 

vt -692.709 55.1181
vt -671.926 55.1181
vt -671.926 62.9921
vt -692.709 62.9921
f 348/669/32 225/670/32 226/671/32 349/672/32 

vt 699.505 355.443
vt 678.723 355.605
f 225/668/1 348/667/1 347/673/1 224/674/1 

vt -696.717 47.2441
vt -675.935 47.2441
vt -675.935 55.1181
vt -696.717 55.1181
f 346/675/32 223/676/32 224/677/32 347/678/32 

vt 703.605 367.254
vt 682.824 367.416
f 223/674/1 346/673/1 345/679/1 222/680/1 

vt -700.726 39.3701
vt -679.944 39.3701
vt -679.944 47.2441
vt -700.726 47.2441
f 344/681/32 221/682/32 222/683/32 345/684/32 

vt 707.706 379.065
vt 686.924 379.227
f 221/680/1 344/679/1 343/685/1 220/686/1 

vt -704.735 31.4961
vt -683.952 31.4961
vt -683.952 39.3701
vt -704.735 39.3701
f 342/687/32 219/688/32 220/689/32 343/690/32 

vt 711.807 390.876
vt 691.025 391.038
f 219/686/1 342/685/1 341/691/1 218/692/1 

vt -708.743 23.622
vt -687.961 23.622
vt -687.961 31.4961
vt -708.743 31.4961
f 340/693/32 217/694/32 218/695/32 341/696/32 

vt 715.907 402.687
vt 695.126 402.849
f 217/692/1 340/691/1 339/697/1 216/698/1 

vt -691.97 23.622
vt -712.752 23.622
vt -712.752 15.748
vt -691.97 15.748
f 216/699/32 339/700/32 338/701/32 215/702/32 

vt 720.008 414.498
vt 699.226 414.66
f 215/698/1 338/697/1 337/703/1 214/704/1 

vt -716.76 7.87402
vt -695.978 7.87402
vt -695.978 15.748
vt -716.76 15.748
f 336/705/32 213/706/32 214/707/32 337/708/32 

f 213/704/1 336/703/1 335/576/1 212/575/1 

usemtl mramor
v 3056.53 580 -7411.07
vt 1.67173 9.70918
vt 1.77307 9.70918
f 355/391/1 368/709/1 213/710/1 212/377/1 

v 3056.53 600 -7411.07
vt 1.66557 9.70918
vt 1.66557 9.71841
f 369/711/5 368/709/5 355/391/5 357/712/5 

vt 1.67173 9.71533
vt 1.77307 9.71533
f 368/713/2 369/709/2 214/710/2 213/714/2 

v 3056.53 600 -7381.07
vt 1.67173 9.69995
vt 1.76986 9.69995
f 370/715/1 215/716/1 214/710/1 369/709/1 

v 3056.53 620 -7381.07
vt 1.67173 9.6938
vt 1.76986 9.6938
f 370/715/2 371/717/2 216/718/2 215/716/2 

v 2156.53 600 -7381.07
vt 1.3948 9.71226
v 2156.53 620 -7381.07
v 2156.53 640 -7381.07
vt 1.3948 9.69995
v 3056.53 640 -7381.07
f 370/586/2 372/719/2 373/584/2 374/720/2 375/715/2 371/585/2 

f 369/709/1 357/391/1 356/390/1 359/589/1 372/720/1 370/715/1 

f 324/597/1 372/720/1 359/589/1 325/590/1 

vt 1.3948 9.6938
vt 1.29667 9.6938
f 373/721/2 372/720/2 324/597/2 323/722/2 

v 2156.53 620 -7351.07
vt 1.3948 9.69072
f 323/597/1 322/601/1 376/723/1 373/720/1 

v 2156.53 640 -7351.07
vt 3.86815 9.71279
vt 3.86815 9.71894
vt 3.77322 9.71894
vt 3.77322 9.71279
f 377/724/2 376/725/2 322/726/2 321/727/2 

vt 1.40096 9.69995
vt 1.40096 9.69072
f 374/728/3 373/720/3 376/723/3 377/729/3 

v 2156.53 640 -7321.07
vt 1.3948 9.68149
v 3056.53 640 -7321.07
vt 1.67173 9.68149
v 3056.53 640 -7351.07
vt 1.67173 9.69072
f 375/715/1 374/720/1 377/723/1 378/730/1 379/731/1 380/732/1 

f 321/601/1 320/605/1 378/730/1 377/723/1 

v 2156.53 660 -7321.07
vt 3.86815 9.70356
vt 3.86815 9.70971
vt 3.77643 9.70971
vt 3.77643 9.70356
f 381/733/2 378/734/2 320/735/2 319/736/2 

vt 1.3948 9.68764
v 2156.53 680 -7321.07
v 3056.53 680 -7321.07
v 3056.53 660 -7321.07
vt 1.67173 9.68764
f 379/717/2 378/721/2 381/737/2 382/730/2 383/731/2 384/738/2 

vt 1.40096 9.68149
v 2156.53 660 -7291.07
vt 1.3948 9.67226
v 2156.53 680 -7291.07
vt 1.40096 9.67226
f 382/739/3 381/730/3 385/740/3 386/741/3 

f 381/730/1 319/605/1 318/609/1 385/740/1 

vt 1.3948 9.67841
vt 1.30628 9.67841
f 386/740/2 385/742/2 318/743/2 317/609/2 

v 2156.53 680 -7261.07
vt 1.3948 9.66303
f 386/740/1 317/609/1 316/613/1 387/744/1 

v 2156.53 700 -7261.07
vt 1.3948 9.65687
vt 1.30949 9.65687
f 388/745/2 387/744/2 316/613/2 315/746/2 

v 3056.53 680 -7261.07
vt 1.67173 9.67533
vt 1.3948 9.67533
vt 1.3948 9.66918
v 2156.53 720 -7261.07
v 3056.53 720 -7261.07
vt 1.67173 9.66303
v 3056.53 700 -7261.07
vt 1.67173 9.66918
f 389/747/2 387/748/2 388/749/2 390/744/2 391/750/2 392/751/2 

v 3056.53 680 -7291.07
vt 1.67173 9.67226
f 393/752/1 383/731/1 382/730/1 386/740/1 387/744/1 389/750/1 

vt 1.66557 9.67226
v 3056.53 660 -7291.07
vt 1.66557 9.68149
f 393/753/5 394/752/5 384/731/5 383/754/5 

vt 1.67173 9.6661
vt 1.76025 9.6661
vt 1.76025 9.67226
f 394/752/2 393/755/2 222/756/2 221/757/2 

vt 1.75704 9.66303
f 389/750/1 223/758/1 222/757/1 393/752/1 

vt 1.67173 9.65687
vt 1.75704 9.65687
f 223/758/2 389/750/2 392/759/2 224/760/2 

v 3056.53 700 -7231.07
vt 1.67173 9.6538
vt 1.75384 9.6538
f 224/758/1 392/750/1 395/761/1 225/762/1 

v 3056.53 720 -7231.07
vt 1.66557 9.6538
vt 1.66557 9.66303
f 396/763/5 395/761/5 392/750/5 391/764/5 

vt 1.67173 9.65995
vt 1.75384 9.65995
f 395/765/2 396/761/2 226/762/2 225/766/2 

v 3056.53 720 -7201.07
vt 1.75063 9.64456
f 397/643/1 227/767/1 226/762/1 396/761/1 

vt 1.67173 9.65072
v 3056.53 740 -7201.07
vt 1.75063 9.65072
f 397/768/2 398/643/2 228/767/2 227/769/2 

vt 4.14508 9.67279
v 2156.53 720 -7201.07
vt 3.86815 9.67279
v 2156.53 740 -7201.07
vt 3.86815 9.66664
vt 3.86815 9.66048
vt 4.14508 9.66664
f 397/770/2 399/771/2 400/772/2 366/773/2 365/647/2 398/774/2 

v 2156.53 720 -7231.07
vt 1.3948 9.6538
f 397/643/1 396/761/1 391/750/1 390/744/1 401/775/1 399/644/1 

vt 1.40096 9.66303
v 2156.53 700 -7231.07
vt 1.40096 9.6538
f 390/776/3 388/744/3 402/775/3 401/777/3 

f 388/744/1 315/613/1 314/617/1 402/775/1 

vt 1.3948 9.64764
vt 1.31269 9.64764
f 401/778/2 402/775/2 314/617/2 313/779/2 

f 401/775/1 313/617/1 312/621/1 399/644/1 

vt 1.3948 9.65072
vt 1.31589 9.65072
f 400/644/2 399/780/2 312/781/2 311/621/2 

v 2156.53 740 -7171.07
f 400/644/1 311/621/1 310/625/1 403/645/1 

vt 1.3948 9.62918
vt 1.3191 9.62918
f 367/782/2 403/645/2 310/625/2 309/783/2 

vt 1.40096 9.64456
vt 1.40096 9.63533
f 366/784/3 400/644/3 403/645/3 367/785/3 

vn -3.06102e-16 1 2.45951e-15
f 367/645/45 309/625/45 308/629/45 363/466/45 

vt 3.86815 9.64817
vt 3.86815 9.65433
vt 3.79565 9.65433
vt 3.79565 9.64817
f 361/786/2 363/787/2 308/788/2 307/789/2 

f 361/466/1 307/629/1 306/517/1 360/467/1 

vt 1.66557 9.63533
v 3056.53 740 -7171.07
vt 1.66557 9.64456
f 364/790/5 404/642/5 398/643/5 365/791/5 

vt 1.67173 9.64149
vt 1.74743 9.64149
f 404/792/2 364/642/2 230/646/2 229/793/2 

f 228/767/1 398/643/1 404/642/1 229/646/1 

vt 1.76345 9.68149
f 220/794/1 384/731/1 394/752/1 221/757/1 

vt 1.76345 9.68764
f 379/738/2 384/731/2 220/794/2 219/795/2 

vt 1.76666 9.69072
f 380/732/1 379/731/1 219/794/1 218/796/1 

v 3056.53 620 -7351.07
vt 1.67173 9.69687
vt 1.76666 9.69687
f 405/797/2 380/732/2 218/796/2 217/798/2 

vt 1.66557 9.69072
vt 1.66557 9.69995
f 380/799/5 405/732/5 371/715/5 375/800/5 

f 371/715/1 405/732/1 217/796/1 216/716/1 

vt 1.3948 9.72149
vt 1.29346 9.72149
f 358/801/2 326/802/2 325/590/2 359/589/2 

vn -4.1693e-16 1 -9.7768e-17
v 1775.58 560 -8386.98
f 299/561/46 298/592/46 188/389/46 187/388/46 186/387/46 185/386/46 406/568/46 

vt 1.1075 10.0341
vt 1.06751 9.91282
f 186/387/16 185/386/16 195/803/16 327/804/16 

v 1988.33 560 -8095.92
vt 1.34305 9.9199
f 185/386/1 184/385/1 183/384/1 407/805/1 406/568/1 

vt 1.30692 10.2822
vn 0.590099 3.58072e-16 0.807331
v 2093.4 1036.7 -7952.17
vt 1.1885 10.1956
vt 1.19758 10.1832
vt 1.316 10.2698
f 183/806/47 408/807/47 196/808/47 184/809/47 

vt 1.12854 9.90052
vn 0.807331 1.87455e-16 -0.590099
vt 1.25357 9.72947
vt 1.2842 9.75186
vt 1.25696 9.78912
f 330/810/48 199/811/48 198/812/48 408/813/48 183/384/48 407/805/48 406/568/48 

vt 1.00962 6.83447
vn 7.75916e-16 -1 -5.67137e-16
vt 1.05577 6.83447
vt 1.05577 6.84986
vt 1.00962 6.84986
f 408/814/49 198/815/49 197/816/49 196/817/49 

vt 1.40192 9.79703
vt 1.45291 9.95163
f 406/568/7 299/561/7 300/818/7 330/819/7 

vn 6.93401e-17 1 5.06481e-17
v 2418.49 840 -6357.83
vt 1.47541 9.38511
v 2794.56 840 -6357.83
vt 1.59112 9.38511
f 258/507/50 270/512/50 303/564/50 302/563/50 301/562/50 409/820/50 410/821/50 210/566/50 209/502/50 256/501/50 259/508/50 

vt 1.3948 9.60456
vt 1.33192 9.60456
f 258/507/2 260/822/2 262/823/2 270/512/2 

usemtl FrontColor
vt 675.469 738.589
vt 635.778 684.287
vt 635.639 683.888
f 166/824/1 167/825/1 179/826/1

g Mesh7 Group8 Group2 Model

usemtl mramor
v 3181.91 1000 -3791.92
vt -5.71381 7.35263
v 2031.14 1000 -3791.92
vt -5.35973 7.35263
v 2031.14 1020 -3791.92
vt -5.35973 7.35878
v 2031.14 1040 -3791.92
vt -5.35973 7.36493
v 3181.91 1040 -3791.92
vt -5.71381 7.36493
v 3181.91 1020 -3791.92
vt -5.71381 7.35878
f 411/827/2 412/828/2 413/829/2 414/830/2 415/831/2 416/832/2 

vt 1.71031 8.5956
v 3181.91 1000 -3821.92
vt 1.71031 8.60483
v 3181.91 1000 -3851.92
vt 1.71031 8.61406
v 2031.14 1000 -3851.92
vt 1.35622 8.61406
v 2031.14 1000 -3821.92
vt 1.35622 8.60483
vt 1.35622 8.5956
f 411/833/1 417/834/1 418/835/1 419/836/1 420/837/1 412/838/1 

v 3435.74 1000 -3791.92
vt 1.78841 8.5956
v 3446.49 1000 -3821.92
vt 1.79171 8.60483
f 411/833/1 421/839/1 422/840/1 417/834/1 

vt -5.79191 7.35263
v 3435.74 1020 -3791.92
vt -5.79191 7.35878
f 421/841/2 411/827/2 416/832/2 423/842/2 

vn 2.96719e-16 1 2.45955e-15
v 3181.91 1020 -3761.92
vt 1.71031 8.58637
v 3424.98 1020 -3761.92
vt 1.7851 8.58637
f 423/839/51 416/833/51 424/843/51 425/844/51 

vt -0.709551 7.36493
v 3181.91 1040 -3761.92
vt -0.718782 7.36493
vt -0.718782 7.35878
vt -0.709551 7.35878
f 415/845/5 426/846/5 424/847/5 416/848/5 

v 2031.14 1040 -3761.92
vt 1.35622 8.58637
v 2031.14 1040 -3731.92
vt 1.35622 8.57713
v 3181.91 1040 -3731.92
vt 1.71031 8.57713
f 426/843/1 415/833/1 414/838/1 427/849/1 428/850/1 429/851/1 

vt -3.29395 7.36493
vt -3.29395 7.35878
v 2031.14 1020 -3761.92
vt -3.28472 7.35878
vt -3.28472 7.36493
f 414/852/3 413/853/3 430/854/3 427/855/3 

v 1777.32 1020 -3791.92
vt 1.27812 8.5956
v 1788.07 1020 -3761.92
vt 1.28143 8.58637
f 413/838/1 431/856/1 432/857/1 430/849/1 

v 1777.32 1000 -3791.92
vt -5.28163 7.35263
vt -5.28163 7.35878
f 412/828/2 433/858/2 431/859/2 413/829/2 

v 1766.56 1000 -3821.92
vt 1.27481 8.60483
f 420/837/1 434/860/1 433/856/1 412/838/1 

v 1766.56 980 -3821.92
vt -5.27832 7.34647
vt -5.27832 7.35263
v 2031.14 980 -3821.92
vt -5.35973 7.34647
f 435/861/2 434/862/2 420/828/2 436/863/2 

v 1712.8 880 -3971.92
vt -1.83315 7.3157
vn 0.941358 2.62042e-15 -0.337408
v 1702.05 880 -4001.92
vt -1.82334 7.3157
v 1702.05 860 -4001.92
vt -1.82334 7.30955
v 1691.3 860 -4031.92
vt -1.81354 7.30955
v 1691.3 840 -4031.92
vt -1.81354 7.3034
v 1505.76 840 -4549.57
vt -1.64434 7.3034
v 1505.76 1440 -4549.57
vt -1.64434 7.48801
v 1889.97 1440 -3477.64
vt -1.99471 7.48801
v 1889.97 1120 -3477.64
vt -1.99471 7.38955
v 1831.08 1120 -3641.92
vt -1.94101 7.38955
v 1831.08 1100 -3641.92
vt -1.94101 7.3834
v 1820.33 1100 -3671.92
vt -1.93121 7.3834
v 1820.33 1080 -3671.92
vt -1.93121 7.37724
v 1809.58 1080 -3701.92
vt -1.9214 7.37724
v 1809.58 1060 -3701.92
vt -1.9214 7.37109
v 1798.82 1060 -3731.92
vt -1.9116 7.37109
v 1798.82 1040 -3731.92
vt -1.9116 7.36493
v 1788.07 1040 -3761.92
vt -1.90179 7.36493
vt -1.90179 7.35878
vt -1.89199 7.35878
vt -1.89199 7.35263
vt -1.88218 7.35263
vt -1.88218 7.34647
v 1755.81 980 -3851.92
vt -1.87237 7.34647
v 1755.81 960 -3851.92
vt -1.87237 7.34032
v 1745.06 960 -3881.92
vt -1.86257 7.34032
v 1745.06 940 -3881.92
vt -1.86257 7.33417
v 1734.31 940 -3911.92
vt -1.85276 7.33417
v 1734.31 920 -3911.92
vt -1.85276 7.32801
v 1723.55 920 -3941.92
vt -1.84296 7.32801
v 1723.55 900 -3941.92
vt -1.84296 7.32186
v 1712.8 900 -3971.92
vt -1.83315 7.32186
f 437/864/52 438/865/52 439/866/52 440/867/52 441/868/52 442/869/52 443/870/52 444/871/52 445/872/52 446/873/52 447/874/52 448/875/52 449/876/52 450/877/52 451/878/52 452/879/52 453/880/52 454/881/52 432/882/52 431/883/52 433/884/52 434/885/52 435/886/52 455/887/52 456/888/52 457/889/52 458/890/52 459/891/52 460/892/52 461/893/52 462/894/52 463/895/52 

v 2031.14 880 -4001.92
vt 1.35622 8.66021
vt 1.25496 8.66021
vt 1.25827 8.65098
v 2031.14 880 -3971.92
vt 1.35622 8.65098
f 464/896/1 438/897/1 437/898/1 465/899/1 

vt -5.25847 7.30955
vt -5.25847 7.3157
vt -5.35973 7.3157
v 2031.14 860 -4001.92
vt -5.35973 7.30955
f 439/900/2 438/901/2 464/902/2 466/903/2 

usemtl FrontColor
v 1649.18 880 -4001.25
vt -81.573 15.748
vn -0.0127787 0 -0.999918
vt -102.391 15.748
vt -102.391 7.87402
v 1649.18 860 -4001.25
vt -81.573 7.87402
f 467/904/53 438/905/53 439/906/53 468/907/53 

v 1659.93 880 -3971.25
vt 81.5131 324.655
vt 102.329 324.921
vt 98.0957 336.732
vt 77.2797 336.466
f 469/908/1 437/909/1 438/910/1 467/911/1 

v 1659.93 900 -3971.25
vt -85.6551 23.622
vn -0.0127787 -4.15559e-28 -0.999918
vt -106.473 23.622
vt -106.473 15.748
vt -85.6551 15.748
f 470/912/54 463/913/54 437/914/54 469/915/54 

v 1670.68 900 -3941.25
vt 85.7465 312.844
vt 106.562 313.11
f 471/916/1 462/917/1 463/909/1 470/908/1 

v 1670.68 920 -3941.25
vt -89.7372 31.4961
vt -110.555 31.4961
vt -110.555 23.622
vt -89.7372 23.622
f 472/918/53 461/919/53 462/920/53 471/921/53 

v 1681.43 920 -3911.25
vt 89.9799 301.033
vt 110.796 301.299
f 473/922/1 460/923/1 461/917/1 472/916/1 

v 1681.43 940 -3911.25
vt -93.8194 39.3701
vt -114.637 39.3701
vt -114.637 31.4961
vt -93.8194 31.4961
f 474/924/53 459/925/53 460/926/53 473/927/53 

v 1692.19 940 -3881.25
vt 94.2133 289.222
vt 115.029 289.488
f 475/928/1 458/929/1 459/923/1 474/922/1 

vt -118.719 39.3701
vn -0.0127787 -1.33194e-30 -0.999918
vt -97.9015 39.3701
v 1692.19 960 -3881.25
vt -97.9015 47.2441
vt -118.719 47.2441
f 458/930/55 475/931/55 476/932/55 457/933/55 

usemtl mramor
v 1452.89 1440 -4548.89
vn 0.941358 5.47211e-15 -0.337408
v 1785.74 1440 -3620.23
vt -1.94788 7.48801
v 1785.74 1120 -3620.23
vt -1.94788 7.38955
v 1778.21 1120 -3641.25
v 1778.21 1100 -3641.25
v 1767.46 1100 -3671.25
v 1767.46 1080 -3671.25
v 1756.7 1080 -3701.25
v 1756.7 1060 -3701.25
v 1745.95 1060 -3731.25
v 1745.95 1040 -3731.25
v 1735.2 1040 -3761.25
v 1735.2 1020 -3761.25
v 1724.45 1020 -3791.25
v 1724.45 1000 -3791.25
v 1713.69 1000 -3821.25
v 1713.69 980 -3821.25
v 1702.94 980 -3851.25
v 1702.94 960 -3851.25
v 1638.42 860 -4031.25
v 1638.42 840 -4031.25
v 1638.18 840 -4031.92
vt -1.81332 7.3034
v 1452.89 840 -4548.89
f 477/870/56 478/934/56 479/935/56 480/873/56 481/874/56 482/875/56 483/876/56 484/877/56 485/878/56 486/879/56 487/880/56 488/881/56 489/882/56 490/883/56 491/884/56 492/885/56 493/886/56 494/887/56 495/888/56 476/889/56 475/890/56 474/891/56 473/892/56 472/893/56 471/894/56 470/895/56 469/864/56 467/865/56 468/866/56 496/867/56 497/868/56 498/936/56 499/869/56 

v 2131.91 1440 -4421.92
v 1635.17 1440 -5101.53
vt 1.1783 8.82851
vt 1.28072 8.54277
vt 1.31278 8.49889
vt 1.19457 8.82872
v 1652.19 1440 -4993.51
vt 1.23962 8.96532
v 1974.17 1440 -4553.01
vt 1.33869 8.82978
v 2106.53 1440 -4371.92
vt 1.37942 8.77406
f 500/313/1 501/312/1 477/937/1 478/938/1 444/939/1 443/940/1 502/941/1 503/942/1 504/943/1 

v 1927.8 840 -4701.18
vt -2.69542 7.3034
vn 0.807331 6.33118e-18 -0.590099
v 1927.8 1240 -4701.18
vt -2.69542 7.42647
v 1839.28 1240 -4822.28
vt -2.64927 7.42647
v 1839.28 840 -4822.28
vt -2.64927 7.3034
v 1635.17 840 -5101.53
vt -2.54284 7.3034
vt -2.54284 7.48801
vt -2.80185 7.48801
vt -2.80185 7.3034
f 505/944/57 506/945/57 507/946/57 508/947/57 509/948/57 501/949/57 500/950/57 131/951/57 

vt -4.84568 7.42647
vn -0.590099 0 -0.807331
vt -4.84568 7.3034
v 1887.43 840 -4671.67
vt -4.8303 7.3034
v 1887.43 1240 -4671.67
vt -4.8303 7.42647
f 506/952/58 505/953/58 510/954/58 511/955/58 

v 3560.86 840 -4993.51
vt 4.55991 9.09077
v 3414.14 840 -4792.77
vt 4.51477 9.02901
v 3373.77 840 -4822.28
vt 4.50235 9.03808
v 3285.26 840 -4701.18
vt 4.47511 9.00082
v 3325.62 840 -4671.67
vt 4.48753 8.99174
v 3106.53 840 -4371.92
vt 4.42012 8.89951
v 2106.53 840 -4371.92
vt 4.11243 8.89951
v 1974.17 840 -4553.01
vt 4.0717 8.95523
vt 4.04501 8.99174
vt 4.05743 9.00082
vt 4.0302 9.03808
v 1798.92 840 -4792.77
vt 4.01778 9.02901
v 1652.19 840 -4993.51
vt 3.97263 9.09077
vt 3.92757 8.95417
vt 3.98466 8.7949
v 2031.14 840 -4031.92
vt 4.08923 8.7949
v 3181.91 840 -4031.92
vt 4.44331 8.7949
v 3521.76 840 -4031.92
vt 4.54788 8.7949
v 3707.3 840 -4549.57
vt 4.60497 8.95417
f 512/956/1 513/957/1 514/958/1 515/959/1 516/960/1 517/961/1 518/962/1 519/963/1 510/964/1 505/965/1 508/966/1 520/967/1 521/968/1 442/969/1 441/970/1 522/971/1 523/972/1 524/973/1 525/974/1 

vt 1.52275 7.3034
vn 0.807331 -1.11651e-15 0.590099
vt 1.59926 7.3034
v 3560.86 1440 -4993.51
vt 1.59926 7.48801
v 3106.53 1440 -4371.92
vt 1.36235 7.48801
vt 1.36235 7.3034
vt 1.47659 7.3034
v 3325.62 1240 -4671.67
vt 1.47659 7.42647
v 3414.14 1240 -4792.77
vt 1.52275 7.42647
f 513/975/59 512/976/59 526/977/59 527/978/59 517/979/59 516/980/59 528/981/59 529/982/59 

vt -5.83041 8.96532
vt -5.78526 8.90355
vt -5.77284 8.91263
v 3577.88 840 -5101.53
vt -5.83565 8.99855
v 3760.17 840 -4548.89
vt -5.89173 8.82851
v 3574.87 840 -4031.92
vt -5.83472 8.66944
vt -5.81838 8.66944
vt -5.87547 8.82872
f 512/983/8 513/984/8 514/985/8 530/986/8 531/987/8 532/988/8 524/989/8 525/990/8 

v 3373.77 1240 -4822.28
vt -3.75328 7.42647
vn -0.590099 0 0.807331
vt -3.75328 7.3034
vt -3.7379 7.3034
vt -3.7379 7.42647
f 533/991/60 514/992/60 513/993/60 529/994/60 

vt -5.52625 7.3034
vn -0.807331 -5.06494e-17 -0.590099
vt -5.52625 7.42647
v 3285.26 1240 -4701.18
vt -5.4801 7.42647
vt -5.4801 7.3034
vt -5.37367 7.3034
v 3081.14 1440 -4421.92
vt -5.37367 7.48801
v 3577.88 1440 -5101.53
vt -5.63268 7.48801
vt -5.63268 7.3034
f 514/995/61 533/996/61 534/997/61 515/998/61 108/999/61 535/1000/61 536/1001/61 530/1002/61 

vt -4.72663 8.49145
vt -4.75386 8.52871
vt -4.76628 8.51963
vt -4.73905 8.48237
f 534/1003/8 533/1004/8 529/1005/8 528/1006/8 

vt -3.67828 7.3034
vn 0.590099 -2.26423e-31 -0.807331
vt -3.67828 7.42647
vt -3.69367 7.42647
vt -3.69367 7.3034
f 515/1007/62 534/1008/62 528/1009/62 516/1010/62 

vt -5.74561 8.87537
vt -5.75803 8.86629
vt -5.69061 8.77406
vt -5.6828 8.78944
f 515/1011/8 516/1012/8 517/1013/8 108/1014/8 

vt 1.33869 8.71834
vt 1.312 8.68183
vt 1.32442 8.67275
vt 1.38723 8.75867
vt 1.6793 8.75867
vt 1.68711 8.77406
f 519/1015/8 510/1016/8 505/1017/8 131/1018/8 108/1019/8 517/1020/8 518/943/8 

vt -1.30808 7.3034
vn -0.807331 -1.07113e-15 0.590099
vt -1.26285 7.3034
vt -1.26285 7.48801
vt -1.43074 7.48801
vt -1.43074 7.3034
vt -1.35423 7.3034
v 1798.92 1240 -4792.77
vt -1.35423 7.42647
vt -1.30808 7.42647
f 510/1021/63 519/1022/63 503/1023/63 502/1024/63 521/1025/63 520/1026/63 537/1027/63 511/1028/63 

vt -1.19384 7.3034
vt -1.19384 7.48801
f 519/1022/17 518/1029/17 504/1030/17 503/1023/17 

vt 1.37942 7.3034
vt 1.68711 7.3034
vt 1.68711 7.48801
vt 1.37942 7.48801
f 518/1031/4 517/1032/4 527/1033/4 504/1034/4 

f 527/1020/1 535/194/1 500/313/1 504/943/1 

v 3413.27 1440 -3729.23
vt 1.78149 8.57631
v 3323.09 1440 -3477.64
vt 1.75374 8.49889
v 3427.31 1440 -3620.23
vt 1.78581 8.54277
v 3434.84 1440 -3641.25
vt 1.78813 8.54923
v 3760.17 1440 -4548.89
vt 1.88823 8.82851
vt 1.82691 8.96532
v 3707.3 1440 -4549.57
vt 1.87196 8.82872
f 538/1035/1 539/1036/1 540/1037/1 541/1038/1 542/1039/1 536/195/1 535/194/1 527/1020/1 526/1040/1 543/1041/1 

v 3381.97 1100 -3641.92
vt -4.44798 7.3834
vn -0.941358 -2.29182e-15 -0.337408
v 3381.97 1120 -3641.92
vt -4.44798 7.38955
v 3323.09 1120 -3477.64
vt -4.39428 7.38955
vt -4.39428 7.48801
vt -4.47651 7.48801
vt -4.74465 7.48801
vt -4.74465 7.3034
vt -4.57545 7.3034
v 3521.76 860 -4031.92
vt -4.57545 7.30955
v 3511.01 860 -4001.92
vt -4.56565 7.30955
v 3511.01 880 -4001.92
vt -4.56565 7.3157
v 3500.25 880 -3971.92
vt -4.55584 7.3157
v 3500.25 900 -3971.92
vt -4.55584 7.32186
v 3489.5 900 -3941.92
vt -4.54604 7.32186
v 3489.5 920 -3941.92
vt -4.54604 7.32801
v 3478.75 920 -3911.92
vt -4.53623 7.32801
v 3478.75 940 -3911.92
vt -4.53623 7.33417
v 3467.99 940 -3881.92
vt -4.52642 7.33417
v 3467.99 960 -3881.92
vt -4.52642 7.34032
v 3457.24 960 -3851.92
vt -4.51662 7.34032
v 3457.24 980 -3851.92
vt -4.51662 7.34647
v 3446.49 980 -3821.92
vt -4.50681 7.34647
vt -4.50681 7.35263
vt -4.49701 7.35263
vt -4.49701 7.35878
vt -4.4872 7.35878
v 3424.98 1040 -3761.92
vt -4.4872 7.36493
v 3414.23 1040 -3731.92
vt -4.47739 7.36493
v 3414.23 1060 -3731.92
vt -4.47739 7.37109
v 3403.48 1060 -3701.92
vt -4.46759 7.37109
v 3403.48 1080 -3701.92
vt -4.46759 7.37724
v 3392.72 1080 -3671.92
vt -4.45778 7.37724
v 3392.72 1100 -3671.92
vt -4.45778 7.3834
f 544/1042/64 545/1043/64 546/1044/64 539/1045/64 538/1046/64 543/1047/64 525/1048/64 524/1049/64 547/1050/64 548/1051/64 549/1052/64 550/1053/64 551/1054/64 552/1055/64 553/1056/64 554/1057/64 555/1058/64 556/1059/64 557/1060/64 558/1061/64 559/1062/64 560/1063/64 422/1064/64 421/1065/64 423/1066/64 425/1067/64 561/1068/64 562/1069/64 563/1070/64 564/1071/64 565/1072/64 566/1073/64 567/1074/64 

vt -5.77537 7.3834
v 3181.91 1100 -3641.92
vt -5.71381 7.3834
v 3181.91 1120 -3641.92
vt -5.71381 7.38955
vt -5.77537 7.38955
f 544/1075/2 568/1076/2 569/1077/2 545/1078/2 

v 3181.91 1100 -3671.92
vt 1.71031 8.55867
vt 1.71031 8.54944
vt 1.77186 8.54944
vt 1.77517 8.55867
f 570/1079/1 568/1080/1 544/1081/1 567/1082/1 

vt -0.755705 7.38955
vt -0.755705 7.3834
vt -0.746474 7.3834
v 3181.91 1120 -3671.92
vt -0.746474 7.38955
f 569/1083/5 568/1084/5 570/1085/5 571/1086/5 

v 3181.91 1080 -3671.92
vt -5.71381 7.37724
v 2031.14 1080 -3671.92
vt -5.35973 7.37724
v 2031.14 1100 -3671.92
vt -5.35973 7.3834
v 2031.14 1120 -3671.92
vt -5.35973 7.38955
f 572/1087/2 573/1088/2 574/1089/2 575/1090/2 571/1077/2 570/1076/2 

v 3181.91 1080 -3701.92
vt 1.71031 8.5679
v 3181.91 1080 -3731.92
v 2031.14 1080 -3731.92
v 2031.14 1080 -3701.92
vt 1.35622 8.5679
vt 1.35622 8.55867
f 572/1079/1 576/1091/1 577/851/1 578/850/1 579/1092/1 573/1093/1 

vt 1.77848 8.5679
f 576/1091/1 572/1079/1 566/1082/1 565/1094/1 

vt -5.77868 7.37724
vt -5.77868 7.3834
f 566/1095/2 572/1087/2 570/1076/2 567/1096/2 

usemtl FrontColor
vt -761.011 102.362
vn 0.0127787 4.08104e-19 -0.999918
v 3445.6 1100 -3671.25
vt -781.829 102.362
v 3445.6 1080 -3671.25
vt -781.829 94.4882
vt -761.011 94.4882
f 567/1097/65 580/1098/65 581/1099/65 566/1100/65 

vt 759.483 195
vn -2.71831e-15 1 -9.74316e-16
v 3434.84 1100 -3641.25
vt 780.299 194.734
vt 784.532 206.545
vt 763.716 206.811
f 544/1101/66 582/1102/66 580/1103/66 567/1104/66 

vt -777.747 102.362
vn 0.0127787 2.04052e-19 -0.999918
vt -756.929 102.362
vt -756.929 110.236
v 3434.84 1120 -3641.25
vt -777.747 110.236
f 582/1105/67 544/1106/67 545/1107/67 583/1108/67 

v 3427.31 1120 -3620.23
vt 777.333 186.459
f 584/1109/1 583/1102/1 545/1101/1

vt -446.593 110.236
vt -437.803 110.236
vt -437.803 236.22
vt -446.593 236.22
f 583/1110/14 584/1111/14 540/1112/14 541/1113/14 

vt 539.702 236.22
vn 0.807331 1.9898e-15 0.590099
vt 539.702 110.236
vt 609.237 110.236
vt 609.237 236.22
f 539/1114/68 546/1115/68 584/1116/68 540/1117/68 

usemtl mramor
f 584/1037/1 545/1081/1 546/1036/1

v 3081.14 1120 -3146.62
vt 1.6793 8.39704
v 2031.14 1120 -3641.92
vt 1.35622 8.54944
vt 1.29467 8.54944
v 2131.91 1120 -3146.62
vt 1.38723 8.39704
f 585/1118/1 546/1036/1 545/1081/1 569/1080/1 571/1079/1 575/1093/1 586/1119/1 446/1120/1 445/939/1 587/1121/1 

vt -3.25703 7.38955
vt -3.25703 7.3834
v 2031.14 1100 -3641.92
vt -3.2478 7.3834
vt -3.2478 7.38955
f 575/1122/3 574/1123/3 588/1124/3 586/1125/3 

vt 1.29136 8.55867
f 574/1093/1 448/1126/1 447/1120/1 588/1119/1 

vt -5.29486 7.37724
vt -5.29486 7.3834
f 449/1127/2 448/1128/2 574/1089/2 573/1088/2 

usemtl FrontColor
vt -126.476 102.362
vt -147.294 102.362
vt -147.294 94.4882
vt -126.476 94.4882
f 482/1129/53 448/1130/53 449/1131/53 483/1132/53 

vt 128.08 194.734
vt 148.896 195
vt 144.663 206.811
vt 123.847 206.545
f 481/1133/1 447/1134/1 448/1135/1 482/1136/1 

vt -130.558 110.236
vn -0.0127787 4.15559e-28 -0.999918
vt -151.376 110.236
vt -151.376 102.362
vt -130.558 102.362
f 480/1137/69 446/1138/69 447/1139/69 481/1140/69 

usemtl mramor
vt -5.29817 7.3834
vt -5.29817 7.38955
f 447/1141/2 446/1142/2 586/1090/2 588/1089/2 

usemtl FrontColor
vt 140.43 218.622
vt 119.614 218.356
f 483/1136/1 449/1135/1 450/1143/1 484/1144/1 

usemtl mramor
vt 1.28805 8.5679
f 579/1092/1 450/1145/1 449/1126/1 573/1093/1 

vt -5.29155 7.37109
vt -5.29155 7.37724
v 2031.14 1060 -3701.92
vt -5.35973 7.37109
f 451/1146/2 450/1147/2 579/1088/2 589/1148/2 

usemtl FrontColor
vt -143.212 86.6142
vt -122.394 86.6142
vt -122.394 94.4882
vt -143.212 94.4882
f 451/1149/53 485/1150/53 484/1151/53 450/1152/53 

vt 136.196 230.433
vt 115.38 230.167
f 485/1144/1 451/1143/1 452/1153/1 486/1154/1 

usemtl mramor
v 2031.14 1060 -3731.92
vt 1.28474 8.57713
f 590/850/1 452/1155/1 451/1145/1 589/1092/1 

vt -5.28824 7.36493
vt -5.28824 7.37109
f 453/1156/2 452/1157/2 590/1148/2 428/830/2 

usemtl FrontColor
vt -139.13 78.7402
vt -118.312 78.7402
vt -118.312 86.6142
vt -139.13 86.6142
f 453/1158/54 487/1159/54 486/1160/54 452/1161/54 

vt 131.963 242.244
vt 111.147 241.978
f 487/1154/1 453/1153/1 454/1162/1 488/1163/1 

usemtl mramor
f 427/849/1 454/857/1 453/1155/1 428/850/1 

vt -5.28494 7.35878
vt -5.28494 7.36493
f 432/1164/2 454/1165/2 427/830/2 430/829/2 

usemtl FrontColor
vt -135.048 70.8661
vt -114.23 70.8661
vt -114.23 78.7402
vt -135.048 78.7402
f 432/1166/54 489/1167/54 488/1168/54 454/1169/54 

vt 127.729 254.055
vt 106.913 253.789
f 489/1163/1 432/1162/1 431/1170/1 490/1171/1 

vt -130.965 62.9921
vt -110.148 62.9921
vt -110.148 70.8661
vt -130.965 70.8661
f 433/1172/53 491/1173/53 490/1174/53 431/1175/53 

vt 123.496 265.866
vt 102.68 265.6
f 491/1171/1 433/1170/1 434/1176/1 492/1177/1 

vt -126.883 55.1181
vt -106.066 55.1181
vt -106.066 62.9921
vt -126.883 62.9921
f 435/1178/53 493/1179/53 492/1180/53 434/1181/53 

vt 119.263 277.677
vt 98.4467 277.411
f 493/1177/1 435/1176/1 455/1182/1 494/1183/1 

usemtl mramor
v 2031.14 980 -3851.92
vt 1.27151 8.61406
f 591/836/1 455/1184/1 435/860/1 436/837/1 

v 2031.14 960 -3851.92
vt -5.35973 7.34032
vt -5.27501 7.34032
vt -5.27501 7.34647
f 592/1185/2 456/1186/2 455/1187/2 591/863/2 

v 2031.14 960 -3881.92
vt 1.35622 8.62329
vt 1.2682 8.62329
f 593/1188/1 457/1189/1 456/1184/1 592/836/1 

vt -5.2717 7.33417
vt -5.2717 7.34032
v 2031.14 940 -3881.92
vt -5.35973 7.33417
f 458/1190/2 457/1191/2 593/1185/2 594/1192/2 

v 2031.14 960 -3911.92
vt -3.33088 7.34032
v 2031.14 940 -3911.92
vt -3.33088 7.33417
vt -3.32164 7.33417
vt -3.32164 7.34032
f 595/1193/3 596/1194/3 594/1195/3 593/1196/3 

v 3181.91 920 -3911.92
vt -5.71381 7.32801
v 2031.14 920 -3911.92
vt -5.35973 7.32801
v 3181.91 960 -3911.92
vt -5.71381 7.34032
v 3181.91 940 -3911.92
vt -5.71381 7.33417
f 597/1197/2 598/1198/2 596/1192/2 595/1185/2 599/1199/2 600/1200/2 

vt 1.71031 8.63252
v 3181.91 920 -3941.92
vt 1.71031 8.64175
v 3181.91 920 -3971.92
vt 1.71031 8.65098
v 2031.14 920 -3971.92
v 2031.14 920 -3941.92
vt 1.35622 8.64175
vt 1.35622 8.63252
f 597/1201/1 601/1202/1 602/1203/1 603/899/1 604/1204/1 598/1205/1 

vt 1.80164 8.63252
vt 1.80495 8.64175
f 597/1201/1 554/1206/1 553/1207/1 601/1202/1 

vt -5.80514 7.32801
vt -5.80514 7.33417
f 554/1208/2 597/1197/2 600/1200/2 555/1209/2 

v 3181.91 940 -3881.92
vt 1.71031 8.62329
vt 1.79833 8.62329
f 555/1206/1 600/1201/1 605/1210/1 556/1211/1 

v 3181.91 960 -3881.92
vt -0.681859 7.34032
vt -0.681859 7.33417
vt -0.672628 7.33417
vt -0.672628 7.34032
f 606/1212/5 605/1213/5 600/1214/5 599/1215/5 

vt -5.80183 7.33417
vt -5.80183 7.34032
f 556/1216/2 605/1200/2 606/1199/2 557/1217/2 

v 3181.91 960 -3851.92
vt 1.79502 8.61406
f 607/835/1 558/1218/1 557/1211/1 606/1210/1 

vt -5.79853 7.34032
v 3181.91 980 -3851.92
vt -5.71381 7.34647
vt -5.79853 7.34647
f 558/1219/2 607/1199/2 608/1220/2 559/1221/2 

f 607/1199/2 592/1185/2 591/863/2 419/828/2 418/827/2 608/1220/2 

f 606/1210/1 599/1201/1 595/1205/1 593/1188/1 592/836/1 607/835/1 

vt -3.31241 7.35263
vt -3.31241 7.34647
vt -3.30318 7.34647
vt -3.30318 7.35263
f 419/1222/3 591/1223/3 436/1224/3 420/1225/3 

vt -0.70032 7.35263
v 3181.91 980 -3821.92
vt -0.70032 7.34647
vt -0.69109 7.34647
vt -0.69109 7.35263
f 417/1226/5 609/1227/5 608/1228/5 418/1229/5 

vt -5.79522 7.34647
vt -5.79522 7.35263
f 560/1230/2 609/1220/2 417/827/2 422/1231/2 

f 559/1218/1 608/835/1 609/834/1 560/840/1 

usemtl FrontColor
vt 784.883 265.866
v 3499.36 980 -3821.25
vt 805.699 265.6
v 3510.11 980 -3851.25
vt 809.933 277.411
vt 789.117 277.677
f 560/1232/66 610/1233/66 611/1234/66 559/1235/66 

vt -781.422 62.9921
v 3499.36 1000 -3821.25
vt -802.24 62.9921
vt -802.24 55.1181
vt -781.422 55.1181
f 422/1236/65 612/1237/65 610/1238/65 560/1239/65 

vt 780.65 254.055
v 3488.61 1000 -3791.25
vt 801.466 253.789
f 421/1240/66 613/1241/66 612/1233/66 422/1232/66 

vt -777.34 70.8661
v 3488.61 1020 -3791.25
vt -798.157 70.8661
vt -798.157 62.9921
vt -777.34 62.9921
f 423/1242/65 614/1243/65 613/1244/65 421/1245/65 

vt 776.417 242.244
v 3477.86 1020 -3761.25
vt 797.233 241.978
f 425/1246/66 615/1247/66 614/1241/66 423/1240/66 

vt -773.258 78.7402
v 3477.86 1040 -3761.25
vt -794.075 78.7402
vt -794.075 70.8661
vt -773.258 70.8661
f 561/1248/67 616/1249/67 615/1250/67 425/1251/67 

vt 772.183 230.433
v 3467.1 1040 -3731.25
vt 792.999 230.167
f 562/1252/1 617/1253/1 616/1247/1 561/1246/1 

vt -769.176 86.6142
vn 0.0127787 0 -0.999918
v 3467.1 1060 -3731.25
vt -789.993 86.6142
vt -789.993 78.7402
vt -769.176 78.7402
f 563/1254/70 618/1255/70 617/1256/70 562/1257/70 

vt 767.95 218.622
v 3456.35 1060 -3701.25
vt 788.766 218.356
f 564/1258/1 619/1259/1 618/1253/1 563/1252/1 

vt -765.093 94.4882
v 3456.35 1080 -3701.25
vt -785.911 94.4882
vt -785.911 86.6142
vt -765.093 86.6142
f 565/1260/67 620/1261/67 619/1262/67 564/1263/67 

f 566/1104/66 581/1103/66 620/1259/66 565/1258/66 

usemtl mramor
v 3574.63 840 -4031.25
vn -0.941358 -4.96979e-15 -0.337408
v 3574.63 860 -4031.25
v 3563.88 860 -4001.25
v 3563.88 880 -4001.25
v 3553.13 880 -3971.25
v 3553.13 900 -3971.25
v 3542.37 900 -3941.25
v 3542.37 920 -3941.25
v 3531.62 920 -3911.25
v 3531.62 940 -3911.25
v 3520.87 940 -3881.25
v 3520.87 960 -3881.25
v 3510.11 960 -3851.25
vt -4.44798 7.48801
vt -4.57567 7.3034
f 621/1049/71 622/1050/71 623/1051/71 624/1052/71 625/1053/71 626/1054/71 627/1055/71 628/1056/71 629/1057/71 630/1058/71 631/1059/71 632/1060/71 633/1061/71 611/1062/71 610/1063/71 612/1064/71 613/1065/71 614/1066/71 615/1067/71 616/1068/71 617/1069/71 618/1070/71 619/1071/71 620/1072/71 581/1073/71 580/1074/71 582/1042/71 583/1043/71 541/1264/71 542/1047/71 531/1048/71 532/1265/71 

usemtl FrontColor
vt 809.997 -1.46478e-16
vn -0.0127787 -4.08104e-19 0.999918
vt 830.814 5.66969e-14
vt 830.814 7.87402
vt 809.997 7.87402
f 524/1266/72 621/1267/72 622/1268/72 547/1269/72 

vt -835.333 348.277
vn 0 -1 2.13679e-13
vt -814.517 348.543
vt -835.428 348.543
f 621/1270/73 524/1271/73 532/1272/73

vt 810.284 336.732
vt 831.1 336.466
vt 835.333 348.277
vt 814.517 348.543
f 548/1273/66 623/1274/66 622/1275/66 547/1276/66 

vt -805.915 15.748
vt -826.732 15.748
vt -826.732 7.87402
vt -805.915 7.87402
f 549/1277/67 624/1278/67 623/1279/67 548/1280/67 

vt 806.05 324.921
vt 826.866 324.655
f 550/1281/1 625/1282/1 624/1274/1 549/1273/1 

vt -801.832 23.622
vt -822.65 23.622
vt -822.65 15.748
vt -801.832 15.748
f 551/1283/67 626/1284/67 625/1285/67 550/1286/67 

vt 801.817 313.11
vt 822.633 312.844
f 552/1287/66 627/1288/66 626/1282/66 551/1281/66 

vt -797.75 31.4961
vt -818.568 31.4961
vt -818.568 23.622
vt -797.75 23.622
f 553/1289/65 628/1290/65 627/1291/65 552/1292/65 

vt 797.584 301.299
vt 818.4 301.033
f 554/1293/66 629/1294/66 628/1288/66 553/1287/66 

vt -793.668 39.3701
vt -814.486 39.3701
vt -814.486 31.4961
vt -793.668 31.4961
f 555/1295/65 630/1296/65 629/1297/65 554/1298/65 

vt 793.35 289.488
vt 814.166 289.222
f 556/1299/66 631/1300/66 630/1294/66 555/1293/66 

vt -789.586 47.2441
vt -810.404 47.2441
vt -810.404 39.3701
vt -789.586 39.3701
f 557/1301/65 632/1302/65 631/1303/65 556/1304/65 

f 558/1235/66 633/1234/66 632/1300/66 557/1299/66 

vt -785.504 55.1181
vt -806.322 55.1181
vt -806.322 47.2441
vt -785.504 47.2441
f 559/1305/65 611/1306/65 633/1307/65 558/1308/65 

usemtl mramor
vt -5.80845 7.32186
v 3181.91 900 -3941.92
vt -5.71381 7.32186
vt -5.80845 7.32801
f 552/1309/2 634/1310/2 601/1197/2 553/1311/2 

vt 1.80826 8.65098
v 3181.91 900 -3971.92
f 551/1312/1 635/1203/1 634/1202/1 552/1207/1 

vt -5.81176 7.3157
v 3181.91 880 -3971.92
vt -5.71381 7.3157
vt -5.81176 7.32186
f 550/1313/2 636/1314/2 635/1310/2 551/1315/2 

vt 1.81157 8.66021
v 3181.91 880 -4001.92
vt 1.71031 8.66021
f 636/1203/1 550/1312/1 549/1316/1 637/1317/1 

vt -5.81507 7.30955
v 3181.91 860 -4001.92
vt -5.71381 7.30955
vt -5.81507 7.3157
f 548/1318/2 638/1319/2 637/1314/2 549/1320/2 

vt 1.81487 8.66944
v 3181.91 860 -4031.92
vt 1.71031 8.66944
f 547/1321/1 639/1322/1 638/1317/1 548/1316/1 

vt -5.81838 7.3034
vt -5.71381 7.3034
vt -5.81838 7.30955
f 524/1323/2 523/1324/2 639/1319/2 547/1325/2 

vt -5.35973 7.3034
v 2031.14 860 -4031.92
v 2031.14 880 -4031.92
v 3181.91 880 -4031.92
f 523/1324/2 522/1326/2 640/903/2 641/902/2 642/1314/2 639/1319/2 

vt -5.25516 7.3034
vt -5.25516 7.30955
f 522/1326/2 441/1327/2 440/1328/2 640/903/2 

usemtl FrontColor
vt -77.4909 7.87402
vt -98.3086 7.87402
vt -98.3086 -1.4433e-25
vt -77.4909 -1.4433e-25
f 496/1329/69 440/1330/69 441/1331/69 497/1332/69 

vt 93.8623 348.543
vt 73.0463 348.277
f 468/911/1 439/910/1 440/1333/1 496/1334/1 

usemtl mramor
vt 1.25165 8.66944
vt 1.35622 8.66944
f 440/1335/1 439/897/1 466/896/1 640/1336/1 

vt -3.3678 7.3157
vt -3.3678 7.30955
vt -3.35857 7.30955
vt -3.35857 7.3157
f 641/1337/3 640/1338/3 466/1339/3 464/1340/3 

f 636/1203/1 637/1317/1 642/1322/1 641/1336/1 464/896/1 465/899/1 

vt -0.644936 7.3157
vt -0.644936 7.30955
vt -0.635705 7.30955
vt -0.635705 7.3157
f 637/1341/5 638/1342/5 639/1343/5 642/1344/5 

v 2031.14 900 -3971.92
vt -5.35973 7.32186
f 636/1314/2 465/902/2 643/1345/2 603/1198/2 602/1197/2 635/1310/2 

vt -5.26178 7.3157
vt -5.26178 7.32186
f 437/1346/2 463/1347/2 643/1345/2 465/902/2 

vt 1.26158 8.64175
v 2031.14 900 -3941.92
f 643/899/1 463/898/1 462/1348/1 644/1204/1 

vt -5.26508 7.32186
vt -5.26508 7.32801
f 462/1349/2 461/1350/2 604/1198/2 644/1345/2 

vt 1.26489 8.63252
f 604/1204/1 461/1348/1 460/1351/1 598/1205/1 

vt -5.26839 7.32801
vt -5.26839 7.33417
f 460/1352/2 459/1353/2 596/1192/2 598/1198/2 

f 596/1205/1 459/1351/1 458/1189/1 594/1188/1 

vt -3.34934 7.32801
vt -3.34934 7.32186
vt -3.34011 7.32186
vt -3.34011 7.32801
f 603/1354/3 643/1355/3 644/1356/3 604/1357/3 

vt -0.663397 7.32801
vt -0.663397 7.32186
vt -0.654167 7.32186
vt -0.654167 7.32801
f 601/1358/5 634/1359/5 635/1360/5 602/1361/5 

usemtl FrontColor
vt -93.8623 348.543
vt -73.0463 348.277
vt -72.951 348.543
f 441/1362/8 497/1363/8 498/1364/8

usemtl mramor
vt 1.29719 8.63549
vt 1.28477 8.64457
vt 1.23962 8.5828
vt 1.19457 8.7194
vt 1.25165 8.87867
vt 1.23531 8.87867
vt 1.1783 8.71961
vt 1.23439 8.54956
f 508/1365/8 520/1366/8 521/1367/8 442/1368/8 441/1369/8 498/1370/8 499/1371/8 509/1372/8 

vt -2.18074 7.3034
vn 0.590099 1.14902e-30 0.807331
vt -2.18074 7.42647
vt -2.19613 7.42647
vt -2.19613 7.3034
f 508/1373/74 507/1374/74 537/1375/74 520/1376/74 

vt -4.07915 8.52871
vt -4.10638 8.49145
vt -4.09396 8.48237
vt -4.06673 8.51963
f 507/1377/8 506/1378/8 511/1379/8 537/1380/8 

vt 0.448025 7.3034
vt 0.591863 7.3034
vt 0.591863 7.48801
vt 0.448025 7.48801
f 442/1381/16 521/1382/16 502/1383/16 443/1384/16 

vt -4.62529 7.3034
vt -4.44624 7.3034
vt -4.44624 7.48801
vt -4.62529 7.48801
f 509/1385/7 499/1386/7 477/1387/7 501/1388/7 

vt -1.7719 7.3034
vt -1.59284 7.3034
vt -1.59284 7.48801
vt -1.7719 7.48801
f 531/1389/11 530/1390/11 536/1391/11 542/1392/11 

vt -5.78198 7.37109
v 3181.91 1060 -3701.92
vt -5.71381 7.37109
vt -5.78198 7.37724
f 564/1393/2 645/1394/2 576/1087/2 565/1395/2 

vt 1.78179 8.57713
v 3181.91 1060 -3731.92
f 563/1396/1 646/851/1 645/1091/1 564/1094/1 

vt -5.78529 7.36493
vt -5.78529 7.37109
f 562/1397/2 429/831/2 646/1394/2 563/1398/2 

f 429/851/1 562/1396/1 561/844/1 426/843/1 

vt -5.7886 7.35878
vt -5.7886 7.36493
f 425/1399/2 424/832/2 426/831/2 561/1400/2 

f 429/831/2 428/830/2 590/1148/2 578/1088/2 577/1087/2 646/1394/2 

vt -3.27549 7.37724
vt -3.27549 7.37109
vt -3.26626 7.37109
vt -3.26626 7.37724
f 578/1401/3 590/1402/3 589/1403/3 579/1404/3 

vt -0.737244 7.37724
vt -0.737244 7.37109
vt -0.728013 7.37109
vt -0.728013 7.37724
f 576/1405/5 645/1406/5 646/1407/5 577/1408/5 

usemtl FrontColor
f 495/1183/1 456/1182/1 457/929/1 476/928/1 

vt -101.984 55.1181
vt -122.801 55.1181
vt -122.801 47.2441
vt -101.984 47.2441
f 494/1409/69 455/1410/69 456/1411/69 495/1412/69 

usemtl mramor
vt -2.38074 7.3034
vt -2.2369 7.3034
vt -2.2369 7.48801
vt -2.38074 7.48801
f 512/1413/13 525/1414/13 543/1415/13 526/1416/13 

vt -5.6828 7.3034
vt -5.39073 7.3034
vt -5.39073 7.48801
vt -5.6828 7.48801
f 108/1417/2 131/1418/2 500/1419/2 535/1420/2 

v 1788.96 1120 -3611.25
vt -1.95082 7.38955
vn 0.941358 2.46383e-15 -0.337408
v 1837.09 1440 -3476.96
v 1837.09 1120 -3476.96
f 647/1421/75 479/935/75 478/934/75 648/871/75 649/872/75 

g Mesh8 Group9 Group2 Model

usemtl Color_M00
v 2965.43 1901.4 -1791.32
v 2236.43 1901.4 -1791.32
v 2236.43 1901.4 -1787.27
v 2965.43 1901.4 -1787.27
f 650/1/1 651/2/1 652/3/1 653/4/1 

usemtl FrontColor
v 2236.43 1496.4 -1791.32
v 2236.43 1698.9 -1791.32
v 2965.43 1496.4 -1791.32
f 654/5/2 655/6/2 651/7/2 650/8/2 656/9/2 

v 2236.43 1496.4 -1787.27
v 2236.43 1698.9 -1787.27
f 657/5/3 658/6/3 655/10/3 654/11/3 

usemtl Color_M00
v 2965.43 1496.4 -1787.27
f 659/4/4 653/12/4 652/7/4 658/6/4 657/5/4 

f 656/13/5 650/14/5 653/7/5 659/3/5 

f 654/15/6 656/16/6 659/9/6 657/17/6 

f 651/18/3 655/10/3 658/6/3 652/7/3 

g Mesh9 Group10 Group2 Model

usemtl mramor
v 3478.75 1200 -2636.62
vt -5.87285 7.21074
v 3181.91 1200 -2636.62
vt -5.78151 7.21074
v 3181.91 1220 -2636.62
vt -5.78151 7.21689
v 3478.75 1220 -2636.62
vt -5.87285 7.21689
f 660/1422/2 661/1423/2 662/1424/2 663/1425/2 

vt 1.71031 8.24012
vt 1.80164 8.24012
v 3489.5 1200 -2666.62
vt 1.80495 8.24935
v 3181.91 1200 -2666.62
vt 1.71031 8.24935
f 661/1426/1 660/1427/1 664/1428/1 665/1429/1 

v 3521.76 1120 -2756.62
vt -4.36174 7.18612
vn -0.941358 -8.14085e-15 -0.337408
v 3521.76 1140 -2756.62
vt -4.36174 7.19227
v 3511.01 1140 -2726.62
vt -4.35193 7.19227
v 3511.01 1160 -2726.62
vt -4.35193 7.19843
v 3500.25 1160 -2696.62
vt -4.34213 7.19843
v 3500.25 1180 -2696.62
vt -4.34213 7.20458
v 3489.5 1180 -2666.62
vt -4.33232 7.20458
vt -4.33232 7.21074
vt -4.32251 7.21074
vt -4.32251 7.21689
v 3467.99 1220 -2606.62
vt -4.31271 7.21689
v 3467.99 1240 -2606.62
vt -4.31271 7.22304
v 3457.24 1240 -2576.62
vt -4.3029 7.22304
v 3457.24 1260 -2576.62
vt -4.3029 7.2292
v 3446.49 1260 -2546.62
vt -4.2931 7.2292
v 3446.49 1280 -2546.62
vt -4.2931 7.23535
v 3435.74 1280 -2516.62
vt -4.28329 7.23535
v 3435.74 1300 -2516.62
vt -4.28329 7.2415
v 3424.98 1300 -2486.62
vt -4.27349 7.2415
v 3424.98 1320 -2486.62
vt -4.27349 7.24766
v 3414.23 1320 -2456.62
vt -4.26368 7.24766
v 3414.23 1340 -2456.62
vt -4.26368 7.25381
v 3403.48 1340 -2426.62
vt -4.25387 7.25381
v 3403.48 1360 -2426.62
vt -4.25387 7.25997
v 3392.72 1360 -2396.62
vt -4.24407 7.25997
v 3392.72 1380 -2396.62
vt -4.24407 7.26612
v 3381.97 1380 -2366.62
vt -4.23426 7.26612
v 3381.97 1400 -2366.62
vt -4.23426 7.27227
v 3374.2 1400 -2344.93
vt -4.22717 7.27227
v 3371.22 1400 -2336.62
vt -4.22446 7.27227
v 3371.22 1720 -2336.62
vt -4.22446 7.37074
v 3707.3 1720 -3274.27
vt -4.53093 7.37074
v 3707.3 1120 -3274.27
vt -4.53093 7.18612
f 666/1430/76 667/1431/76 668/1432/76 669/1433/76 670/1434/76 671/1435/76 672/1436/76 664/1437/76 660/1438/76 663/1439/76 673/1440/76 674/1441/76 675/1442/76 676/1443/76 677/1444/76 678/1445/76 679/1446/76 680/1447/76 681/1448/76 682/1449/76 683/1450/76 684/1451/76 685/1452/76 686/1453/76 687/1454/76 688/1455/76 689/1456/76 690/1457/76 691/1458/76 692/1459/76 693/1460/76 694/1461/76 695/1462/76 

vt -5.88608 7.18612
v 3181.91 1120 -2756.62
vt -5.78151 7.18612
v 3181.91 1140 -2756.62
vt -5.78151 7.19227
vt -5.88608 7.19227
f 666/1463/2 696/1464/2 697/1465/2 667/1466/2 

v 3560.86 1120 -3718.21
vt 1.82691 8.57292
vn 1.91085e-32 1 -1.32708e-17
v 3363.45 1120 -3448.13
vt 1.76617 8.48982
v 3323.09 1120 -3477.64
v 3234.57 1120 -3356.54
vt 1.72651 8.46163
v 3274.94 1120 -3327.03
vt 1.73893 8.45255
v 3106.53 1120 -3096.62
vt 1.68711 8.38166
v 2106.53 1120 -3096.62
vt 1.37942 8.38166
v 1938.11 1120 -3327.03
vt 1.3276 8.45255
v 1978.48 1120 -3356.54
vt 1.34002 8.46163
v 1889.97 1120 -3477.64
v 1849.6 1120 -3448.13
vt 1.30036 8.48982
v 1652.19 1120 -3718.21
vt 1.23962 8.57292
v 1505.76 1120 -3274.27
vt 1.19457 8.43632
v 1691.3 1120 -2756.62
vt 1.25165 8.27704
v 2031.14 1120 -2756.62
vt 1.35622 8.27704
vt 1.71031 8.27704
vt 1.81487 8.27704
vt 1.87196 8.43632
f 698/1467/77 699/1468/77 700/1036/77 701/1469/77 702/1470/77 703/1471/77 704/1472/77 705/1473/77 706/1474/77 707/939/77 708/1475/77 709/1476/77 710/1477/77 711/1478/77 712/1479/77 696/1480/77 666/1481/77 695/1482/77 

vt 1.12636 7.18612
vn 0.807331 5.73912e-16 0.590099
vt 1.21418 7.18612
v 3274.94 1440 -3327.03
vt 1.21418 7.28458
v 3363.45 1440 -3448.13
vt 1.26033 7.28458
vt 1.26033 7.18612
vt 1.36326 7.18612
v 3560.86 1720 -3718.21
vt 1.36326 7.37074
v 3106.53 1720 -3096.62
vt 1.12636 7.37074
f 703/1483/78 702/1484/78 713/1485/78 714/1486/78 699/1487/78 698/1488/78 715/1489/78 716/1490/78 

usemtl FrontColor
vt 651.04 482.401
vn -6.34452e-18 1 -2.06063e-16
vt 717.344 573.114
vt 701.452 584.73
vt 641.046 502.086
v 2131.91 1120 -3146.62
vt 267.334 502.086
vt 206.927 584.73
vt 191.035 573.114
vt 257.339 482.401
f 703/1491/79 702/1492/79 701/1493/79 585/1494/79 717/1495/79 706/1496/79 705/1497/79 704/1498/79 

usemtl mramor
vt -4.05835 7.18612
vn 0.590099 -6.71459e-16 -0.807331
v 3234.57 1440 -3356.54
vt -4.05835 7.28458
vt -4.07373 7.28458
vt -4.07373 7.18612
f 701/1499/80 718/1500/80 713/1501/80 702/1502/80 

vt -5.28538 7.28458
vn -0.807331 -5.05004e-16 -0.590099
vt -5.28538 7.18612
vt -5.20538 7.18612
v 3081.14 1720 -3146.62
vt -5.20538 7.37074
v 3577.88 1720 -3826.23
vt -5.4644 7.37074
v 3577.88 1120 -3826.23
vt -5.4644 7.18612
vt -5.33154 7.18612
v 3323.09 1440 -3477.64
vt -5.33154 7.28458
f 718/1503/81 701/1504/81 585/1505/81 719/1506/81 720/1507/81 721/1508/81 700/1509/81 722/1510/81 

vt -5.75051 7.18612
vt -5.45844 7.18612
v 2131.91 1720 -3146.62
vt -5.45844 7.37074
vt -5.75051 7.37074
f 585/1511/2 717/1512/2 723/1513/2 719/1514/2 

vt -3.0778 7.18612
vn 0.807331 9.28245e-16 -0.590099
vt -2.9978 7.18612
v 1978.48 1440 -3356.54
vt -2.9978 7.28458
v 1889.97 1440 -3477.64
vt -2.95164 7.28458
vt -2.95164 7.18612
v 1635.17 1120 -3826.23
vt -2.81878 7.18612
v 1635.17 1720 -3826.23
vt -2.81878 7.37074
vt -3.0778 7.37074
f 717/1515/82 706/1516/82 724/1517/82 725/1518/82 707/1519/82 726/1520/82 727/1521/82 723/1522/82 

vt -4.57328 7.28458
vn -0.590099 1.10741e-16 -0.807331
vt -4.57328 7.18612
vt -4.55789 7.18612
v 1938.11 1440 -3327.03
vt -4.55789 7.28458
f 724/1523/83 706/1524/83 705/1525/83 728/1526/83 

v 2106.53 1720 -3096.62
vt -0.985598 7.37074
vn -0.807331 4.23971e-16 0.590099
v 1652.19 1720 -3718.21
vt -1.2225 7.37074
vt -1.2225 7.18612
vt -1.11957 7.18612
v 1849.6 1440 -3448.13
vt -1.11957 7.28458
vt -1.07341 7.28458
vt -1.07341 7.18612
vt -0.985598 7.18612
f 729/1527/84 730/1528/84 709/1529/84 708/1530/84 731/1531/84 728/1532/84 705/1533/84 704/1534/84 

vt 1.83214 8.60615
vt 1.23439 8.60615
f 716/1471/1 715/1467/1 720/1535/1 719/1118/1 723/1121/1 727/1536/1 730/1476/1 729/1472/1 

v 3760.17 1720 -3273.59
vt 1.88823 8.43611
f 720/1535/1 715/1467/1 694/1482/1 732/1537/1 

vt -2.14271 7.18612
vt -1.99887 7.18612
vt -1.99887 7.37074
vt -2.14271 7.37074
f 698/1538/13 695/1539/13 694/1540/13 715/1541/13 

usemtl FrontColor
vt 736.3 632.407
vt 752.193 620.791
vt 829.913 727.122
vt 887.563 552.34
v 3574.87 1120 -2756.62
vt 835.428 348.543
v 3760.17 1120 -3273.59
vt 908.379 552.074
vt 836.614 769.649
f 700/1542/1 699/1543/1 698/1544/1 695/1545/1 666/1276/1 733/1546/1 734/1547/1 721/1548/1 

usemtl mramor
vt -3.67023 7.28458
vn -0.590099 1.17407e-14 0.807331
vt -3.67023 7.18612
vt -3.65485 7.18612
vt -3.65485 7.28458
f 722/1549/85 700/1550/85 699/1551/85 714/1552/85 

vt -4.85954 7.87429
vn -4.66257e-15 -1 -3.40799e-15
vt -4.88678 7.91155
vt -4.8992 7.90247
vt -4.87196 7.86521
f 718/1553/86 722/1554/86 714/1555/86 713/1556/86 

usemtl FrontColor
v 3574.63 1120 -2755.95
f 666/1276/1 735/1275/1 733/1546/1

vt -809.997 7.87402
v 3574.63 1140 -2755.95
vt -830.814 7.87402
vt -830.814 0
vt -809.997 0
f 667/1557/70 736/1558/70 735/1559/70 666/1560/70 

v 3563.88 1140 -2725.95
f 668/1273/1 737/1274/1 736/1275/1 667/1276/1 

v 3563.88 1160 -2725.95
f 669/1277/70 738/1278/70 737/1279/70 668/1280/70 

v 3553.13 1160 -2695.95
f 670/1281/1 739/1282/1 738/1274/1 669/1273/1 

v 3553.13 1180 -2695.95
f 671/1283/70 740/1284/70 739/1285/70 670/1286/70 

v 3542.37 1180 -2665.95
f 672/1287/1 741/1288/1 740/1282/1 671/1281/1 

vn 0.0127787 -2.66388e-30 -0.999918
v 3542.37 1200 -2665.95
f 664/1289/87 742/1290/87 741/1291/87 672/1292/87 

v 3531.62 1200 -2635.95
f 660/1293/1 743/1294/1 742/1288/1 664/1287/1 

v 3531.62 1220 -2635.95
f 663/1295/70 744/1296/70 743/1297/70 660/1298/70 

v 3520.87 1220 -2605.95
f 673/1299/1 745/1300/1 744/1294/1 663/1293/1 

vn 0.0127787 2.66388e-30 -0.999918
v 3520.87 1240 -2605.95
f 674/1301/88 746/1302/88 745/1303/88 673/1304/88 

v 3510.11 1240 -2575.95
f 675/1235/1 747/1234/1 746/1300/1 674/1299/1 

v 3510.11 1260 -2575.95
f 747/1307/87 675/1308/87 676/1305/87 748/1306/87 

usemtl mramor
v 3181.91 1240 -2576.62
vt -5.78151 7.22304
v 3181.91 1260 -2576.62
vt -5.78151 7.2292
vt -5.86623 7.2292
vt -5.86623 7.22304
f 749/1561/2 750/1562/2 676/1563/2 675/1564/2 

v 2031.14 1240 -2576.62
vt -5.42743 7.22304
v 2031.14 1260 -2576.62
vt -5.42743 7.2292
v 2031.14 1280 -2576.62
vt -5.42743 7.23535
v 3181.91 1280 -2576.62
vt -5.78151 7.23535
f 749/1561/2 751/1565/2 752/1566/2 753/1567/2 754/1568/2 750/1562/2 

v 3181.91 1240 -2606.62
vt 1.71031 8.23089
vn 5.22773e-18 1 -1.50398e-16
v 3181.91 1240 -2636.62
v 2031.14 1240 -2636.62
vt 1.35622 8.24012
v 2031.14 1240 -2606.62
vt 1.35622 8.23089
vt 1.35622 8.22166
vt 1.71031 8.22166
f 755/1569/89 756/1426/89 757/1570/89 758/1571/89 751/1572/89 749/1573/89 

vt -0.981604 7.22304
vt -0.990835 7.22304
v 3181.91 1220 -2606.62
vt -0.990835 7.21689
vt -0.981604 7.21689
f 756/1574/5 755/1575/5 759/1576/5 662/1577/5 

vt -5.86954 7.21689
vt -5.86954 7.22304
f 673/1578/2 759/1424/2 755/1561/2 674/1579/2 

vt 1.79833 8.23089
f 663/1427/1 662/1426/1 759/1569/1 673/1580/1 

vt 1.79502 8.22166
f 749/1573/1 675/1581/1 674/1580/1 755/1569/1 

v 2031.14 1200 -2636.62
vt -5.42743 7.21074
v 2031.14 1220 -2636.62
vt -5.42743 7.21689
f 661/1423/2 760/1582/2 761/1583/2 757/1565/2 756/1561/2 662/1424/2 

v 3181.91 1200 -2696.62
vt 1.71031 8.25858
v 2031.14 1200 -2696.62
vt 1.35622 8.25858
v 2031.14 1200 -2666.62
vt 1.35622 8.24935
f 665/1429/1 762/1584/1 763/1585/1 764/1586/1 760/1570/1 661/1426/1 

vt -0.972373 7.21074
v 3181.91 1180 -2666.62
vt -0.972373 7.20458
v 3181.91 1180 -2696.62
vt -0.963142 7.20458
vt -0.963142 7.21074
f 665/1587/5 765/1588/5 766/1589/5 762/1590/5 

vt -5.78151 7.20458
vt -5.87616 7.21074
vt -5.87616 7.20458
f 765/1591/2 665/1423/2 664/1592/2 672/1593/2 

vt 1.80826 8.25858
f 671/1594/1 766/1584/1 765/1429/1 672/1428/1 

v 3181.91 1160 -2696.62
vt -5.78151 7.19843
vt -5.87947 7.20458
vt -5.87947 7.19843
f 767/1595/2 766/1591/2 671/1596/2 670/1597/2 

v 2031.14 1160 -2696.62
vt -5.42743 7.19843
v 2031.14 1180 -2696.62
vt -5.42743 7.20458
f 767/1595/2 768/1598/2 769/1599/2 763/1582/2 762/1423/2 766/1591/2 

v 3181.91 1160 -2726.62
vt 1.71031 8.26781
v 3181.91 1160 -2756.62
v 2031.14 1160 -2756.62
v 2031.14 1160 -2726.62
vt 1.35622 8.26781
f 767/1584/1 770/1600/1 771/1480/1 772/1479/1 773/1601/1 768/1585/1 

vt 1.81157 8.26781
f 767/1584/1 670/1594/1 669/1602/1 770/1600/1 

v 3181.91 1140 -2726.62
vt -5.88277 7.19843
vt -5.88277 7.19227
f 774/1465/2 770/1595/2 669/1603/2 668/1604/2 

vt -0.953911 7.19843
vt -0.953911 7.19227
vt -0.944681 7.19227
vt -0.944681 7.19843
f 770/1605/5 774/1606/5 697/1607/5 771/1608/5 

f 667/1481/1 697/1480/1 774/1600/1 668/1602/1 

vt -5.42743 7.18612
v 2031.14 1140 -2756.62
vt -5.42743 7.19227
f 696/1464/2 712/1609/2 775/1610/2 772/1598/2 771/1595/2 697/1465/2 

vt -5.32286 7.18612
v 1691.3 1140 -2756.62
vt -5.32286 7.19227
f 712/1609/2 711/1611/2 776/1612/2 775/1610/2 

v 1505.76 1400 -3274.27
vt -1.94861 7.27227
vn 0.941358 -4.5579e-15 -0.337408
v 1831.08 1400 -2366.62
vt -2.24528 7.27227
v 1831.08 1380 -2366.62
vt -2.24528 7.26612
v 1820.33 1380 -2396.62
vt -2.23547 7.26612
v 1820.33 1360 -2396.62
vt -2.23547 7.25997
v 1809.58 1360 -2426.62
vt -2.22567 7.25997
v 1809.58 1340 -2426.62
vt -2.22567 7.25381
v 1798.82 1340 -2456.62
vt -2.21586 7.25381
v 1798.82 1320 -2456.62
vt -2.21586 7.24766
v 1788.07 1320 -2486.62
vt -2.20605 7.24766
v 1788.07 1300 -2486.62
vt -2.20605 7.2415
v 1777.32 1300 -2516.62
vt -2.19625 7.2415
v 1777.32 1280 -2516.62
vt -2.19625 7.23535
v 1766.56 1280 -2546.62
vt -2.18644 7.23535
v 1766.56 1260 -2546.62
vt -2.18644 7.2292
v 1755.81 1260 -2576.62
vt -2.17664 7.2292
v 1755.81 1240 -2576.62
vt -2.17664 7.22304
v 1745.06 1240 -2606.62
vt -2.16683 7.22304
v 1745.06 1220 -2606.62
vt -2.16683 7.21689
v 1734.31 1220 -2636.62
vt -2.15703 7.21689
v 1734.31 1200 -2636.62
vt -2.15703 7.21074
v 1723.55 1200 -2666.62
vt -2.14722 7.21074
v 1723.55 1180 -2666.62
vt -2.14722 7.20458
v 1712.8 1180 -2696.62
vt -2.13741 7.20458
v 1712.8 1160 -2696.62
vt -2.13741 7.19843
v 1702.05 1160 -2726.62
vt -2.12761 7.19843
v 1702.05 1140 -2726.62
vt -2.12761 7.19227
vt -2.1178 7.19227
vt -2.1178 7.18612
vt -1.94861 7.18612
f 777/1613/90 778/1614/90 779/1615/90 780/1616/90 781/1617/90 782/1618/90 783/1619/90 784/1620/90 785/1621/90 786/1622/90 787/1623/90 788/1624/90 789/1625/90 790/1626/90 791/1627/90 792/1628/90 793/1629/90 794/1630/90 795/1631/90 796/1632/90 797/1633/90 798/1634/90 799/1635/90 800/1636/90 801/1637/90 802/1638/90 803/1639/90 776/1640/90 711/1641/90 710/1642/90 

v 1829.24 1400 -2366.6
vt 1.2941 8.15704
vt 1.29467 8.15704
f 777/1477/1 804/1643/1 778/1644/1

usemtl FrontColor
vt -513.298 110.236
vn -0.941967 -6.18418e-17 0.335707
vt -133.932 110.236
v 1885.7 1400 -2208.17
vt -67.7166 110.236
v 1885.7 1720 -2208.17
vt -67.7166 236.22
v 1505.76 1720 -3274.27
vt -513.298 236.22
f 777/1645/91 804/1646/91 805/1647/91 806/1648/91 807/1649/91 

vt 148.171 194.99
v 1778.21 1400 -2365.95
v 1785.74 1400 -2344.93
vt 131.046 186.459
vt 170.4 132.617
f 804/1650/1 808/1133/1 809/1651/1 805/1652/1 

vn -0.0127787 9.4761e-16 -0.999918
v 1778.21 1380 -2365.95
vt -150.651 110.236
f 779/1139/92 810/1140/92 808/1137/92 804/1653/92 778/1138/92 

v 1767.46 1380 -2395.95
f 810/1133/1 779/1134/1 780/1135/1 811/1136/1 

usemtl mramor
v 2031.14 1380 -2396.62
vt 1.35622 8.16627
vt 1.29136 8.16627
v 2031.14 1380 -2366.62
vt 1.35622 8.15704
f 812/1654/1 780/1655/1 779/1644/1 813/1656/1 

v 2031.14 1360 -2396.62
vt -5.42743 7.25997
vt -5.36257 7.25997
vt -5.36257 7.26612
vt -5.42743 7.26612
f 814/1657/2 781/1658/2 780/1659/2 812/1660/2 

v 2031.14 1360 -2426.62
vt 1.35622 8.1755
vt 1.28805 8.1755
f 815/1661/1 782/1662/1 781/1655/1 814/1654/1 

vt -5.35926 7.25381
vt -5.35926 7.25997
v 2031.14 1340 -2426.62
vt -5.42743 7.25381
f 783/1663/2 782/1664/2 815/1657/2 816/1665/2 

usemtl FrontColor
v 1756.7 1340 -2425.95
v 1756.7 1360 -2425.95
f 783/1149/53 817/1150/53 818/1151/53 782/1152/53 

v 1745.95 1340 -2455.95
f 817/1144/1 783/1143/1 784/1153/1 819/1154/1 

usemtl mramor
v 2031.14 1340 -2456.62
vt 1.35622 8.18474
vt 1.28474 8.18474
f 820/1666/1 784/1667/1 783/1662/1 816/1661/1 

v 2031.14 1320 -2456.62
vt -5.42743 7.24766
vt -5.35595 7.24766
vt -5.35595 7.25381
f 821/1668/2 785/1669/2 784/1670/2 820/1665/2 

v 2031.14 1320 -2486.62
vt 1.35622 8.19397
vt 1.28143 8.19397
f 822/1671/1 786/1672/1 785/1667/1 821/1666/1 

vt -5.35264 7.2415
vt -5.35264 7.24766
v 2031.14 1300 -2486.62
vt -5.42743 7.2415
f 787/1673/2 786/1674/2 822/1668/2 823/1675/2 

usemtl FrontColor
v 1735.2 1320 -2485.95
v 1735.2 1300 -2485.95
f 824/1168/53 786/1169/53 787/1166/53 825/1167/53 

v 1745.95 1320 -2455.95
f 826/1154/1 785/1153/1 786/1162/1 824/1163/1 

f 785/1158/53 826/1159/53 819/1160/53 784/1161/53 

usemtl mramor
vt 1.22507 7.85962
vn 0.941358 -3.22817e-15 -0.337408
vt 1.23194 7.85962
vt 1.23194 7.85347
vt 1.24175 7.85347
v 1767.46 1360 -2395.95
vt 1.24175 7.84731
vt 1.25155 7.84731
vt 1.25155 7.84116
vt 1.26136 7.84116
vt 1.26136 7.83501
vt 1.27116 7.83501
vt 1.27116 7.82885
v 1724.45 1300 -2515.95
vt 1.28097 7.82885
v 1724.45 1280 -2515.95
vt 1.28097 7.8227
v 1713.69 1280 -2545.95
vt 1.29077 7.8227
v 1713.69 1260 -2545.95
vt 1.29077 7.81654
v 1702.94 1260 -2575.95
vt 1.30058 7.81654
v 1702.94 1240 -2575.95
vt 1.30058 7.81039
v 1692.19 1240 -2605.95
vt 1.31039 7.81039
v 1692.19 1220 -2605.95
vt 1.31039 7.80424
v 1681.43 1220 -2635.95
vt 1.32019 7.80424
v 1681.43 1200 -2635.95
vt 1.32019 7.79808
v 1670.68 1200 -2665.95
vt 1.33 7.79808
v 1670.68 1180 -2665.95
vt 1.33 7.79193
v 1659.93 1180 -2695.95
vt 1.3398 7.79193
v 1659.93 1160 -2695.95
vt 1.3398 7.78577
v 1649.18 1160 -2725.95
vt 1.34961 7.78577
v 1649.18 1140 -2725.95
vt 1.34961 7.77962
v 1638.42 1140 -2755.95
vt 1.35941 7.77962
v 1638.42 1120 -2755.95
vt 1.35941 7.77347
v 1452.89 1120 -3273.59
vt 1.52861 7.77347
v 1452.89 1400 -3273.59
vt 1.52861 7.85962
v 1452.89 1720 -3273.59
vt 1.52861 7.95808
v 1785.74 1720 -2344.93
vt 1.22507 7.95808
f 809/1676/93 808/1677/93 810/1678/93 811/1679/93 827/1680/93 818/1681/93 817/1682/93 819/1683/93 826/1684/93 824/1685/93 825/1686/93 828/1687/93 829/1688/93 830/1689/93 831/1690/93 832/1691/93 833/1692/93 834/1693/93 835/1694/93 836/1695/93 837/1696/93 838/1697/93 839/1698/93 840/1699/93 841/1700/93 842/1701/93 843/1702/93 844/1703/93 845/1704/93 846/1705/93 847/1706/93 848/1707/93 849/1708/93 

usemtl FrontColor
f 781/1131/53 827/1132/53 811/1129/53 780/1130/53 

f 827/1136/1 781/1135/1 782/1143/1 818/1144/1 

f 825/1163/1 787/1162/1 788/1170/1 828/1171/1 

usemtl mramor
v 2031.14 1300 -2516.62
vt 1.35622 8.2032
vt 1.27812 8.2032
f 850/1709/1 788/1710/1 787/1672/1 823/1671/1 

v 2031.14 1280 -2516.62
vt -5.34933 7.23535
vt -5.34933 7.2415
f 851/1567/2 789/1711/2 788/1712/2 850/1675/2 

v 2031.14 1280 -2546.62
vt 1.35622 8.21243
vn -5.56792e-16 1 9.97847e-17
vt 1.27481 8.21243
f 852/1713/94 790/1714/94 789/1710/94 851/1709/94 

vt -5.34602 7.2292
vt -5.34602 7.23535
v 2031.14 1260 -2546.62
f 791/1715/2 790/1716/2 852/1567/2 853/1566/2 

usemtl FrontColor
vn -0.0127787 2.04052e-19 -0.999918
f 830/1180/95 790/1181/95 791/1178/95 831/1179/95 

f 829/1171/1 789/1170/1 790/1176/1 830/1177/1 

f 789/1172/53 829/1173/53 828/1174/53 788/1175/53 

vn 1.38977e-15 1 1.90824e-15
f 831/1177/96 791/1176/96 792/1182/96 832/1183/96 

usemtl mramor
vn 2.7264e-16 1 2.35751e-15
vt 1.27151 8.22166
f 752/1572/97 792/1717/97 791/1714/97 853/1713/97 

vt -5.34271 7.22304
vt -5.34271 7.2292
f 751/1565/2 793/1718/2 792/1719/2 752/1566/2 

vt 1.2682 8.23089
f 758/1571/1 794/1720/1 793/1717/1 751/1572/1 

vt -5.33941 7.21689
vt -5.33941 7.22304
v 2031.14 1220 -2606.62
f 795/1721/2 794/1722/2 758/1565/2 854/1583/2 

usemtl FrontColor
vn -0.0127787 -2.04052e-19 -0.999918
f 795/930/98 835/931/98 834/932/98 794/933/98 

vn -1.38977e-15 1 -1.90824e-15
f 835/928/99 795/929/99 796/923/99 836/922/99 

usemtl mramor
vn -5.27564e-33 1 -4.81274e-15
vt 1.26489 8.24012
f 761/1570/100 796/1723/100 795/1720/100 854/1571/100 

vt -5.3361 7.21074
vt -5.3361 7.21689
f 760/1582/2 797/1724/2 796/1725/2 761/1583/2 

vt 1.26158 8.24935
f 764/1586/1 798/1726/1 797/1723/1 760/1570/1 

vt -5.33279 7.20458
vt -5.33279 7.21074
v 2031.14 1180 -2666.62
f 799/1727/2 798/1728/2 764/1582/2 855/1599/2 

usemtl FrontColor
f 799/920/98 839/921/98 838/918/98 798/919/98 

f 839/916/1 799/917/1 800/909/1 840/908/1 

usemtl mramor
vt 1.25827 8.25858
f 769/1585/1 800/1729/1 799/1726/1 855/1586/1 

vt -5.32948 7.19843
vt -5.32948 7.20458
f 768/1598/2 801/1730/2 800/1731/2 769/1599/2 

vt 1.25496 8.26781
f 773/1601/1 802/1732/1 801/1729/1 768/1585/1 

vt -5.32617 7.19227
vt -5.32617 7.19843
v 2031.14 1140 -2726.62
f 803/1733/2 802/1734/2 773/1598/2 856/1610/2 

usemtl FrontColor
f 803/906/53 843/907/53 842/904/53 802/905/53 

f 843/911/1 803/910/1 776/1333/1 844/1334/1 

usemtl mramor
f 776/1478/1 803/1732/1 856/1601/1 775/1479/1 

vt -3.12653 7.19843
vt -3.12653 7.19227
vt -3.1173 7.19227
vt -3.1173 7.19843
f 772/1735/3 775/1736/3 856/1737/3 773/1738/3 

usemtl FrontColor
vt -98.3086 -7.08704e-17
vt -77.4909 5.67725e-14
f 844/1329/95 776/1330/95 711/1739/95 845/1740/95 

vt 78.4664 727.122
vn -2.57033e-18 1 -7.39678e-17
vt 156.187 620.791
vt 172.079 632.407
vt 71.7653 769.649
vt 0 552.074
vt 20.816 552.34
f 709/1741/101 708/1742/101 707/1743/101 726/1744/101 846/1745/101 845/1334/101 711/1333/101 710/1746/101 

usemtl mramor
vt -2.37144 7.18612
vn 0.590099 -8.63223e-15 0.807331
vt -2.37144 7.28458
vt -2.38683 7.28458
vt -2.38683 7.18612
f 707/1747/102 725/1748/102 731/1749/102 708/1750/102 

vt -4.05389 7.91155
vt -4.08112 7.87429
vt -4.0687 7.86521
vt -4.04147 7.90247
f 725/1751/8 724/1752/8 728/1753/8 731/1754/8 

vt -4.40847 7.18612
vn -0.949674 6.69158e-18 -0.313241
vt -4.22941 7.18612
vt -4.22941 7.27227
vt -4.22941 7.37074
vt -4.40847 7.37074
f 726/1755/103 846/1756/103 847/1757/103 848/1758/103 727/1759/103 

vt 1.2074 7.95808
vn 0.0127787 0 0.999918
vt 1.19113 7.95808
vt 1.19113 7.85962
vt 1.2074 7.85962
f 807/1760/104 848/1761/104 847/1762/104 777/1763/104 

vt 1.1783 8.43611
f 730/1476/1 727/1536/1 848/1764/1 807/1477/1 

vt 1.28072 8.15037
vt 1.31147 8.10829
f 849/1765/1 806/1766/1 807/1477/1 848/1764/1 

vt 0.989523 7.95808
vt 0.937402 7.95808
vt 0.937402 7.85962
vt 0.989523 7.85962
f 849/1767/20 806/1768/20 805/1769/20 809/1770/20 

usemtl FrontColor
v 1841.83 1720 -2336.62
vt 153.13 183.189
f 857/1771/1 807/1746/1 806/1652/1

usemtl mramor
vt 0.163499 7.18612
vn 0.949674 -1.29617e-18 0.313241
vt 0.307337 7.18612
vt 0.307337 7.37074
vt 0.163499 7.37074
vt 0.163499 7.27227
f 710/1772/105 709/1773/105 730/1774/105 807/1775/105 777/1776/105 

usemtl FrontColor
f 841/908/1 801/909/1 802/910/1 842/911/1 

f 840/912/53 800/913/53 801/914/53 841/915/53 

usemtl mramor
vt -3.10807 7.21074
vt -3.10807 7.20458
vt -3.09883 7.20458
vt -3.09883 7.21074
f 763/1777/3 769/1778/3 855/1779/3 764/1780/3 

usemtl FrontColor
vn -2.71831e-15 1 9.74316e-16
f 837/922/106 797/923/106 798/917/106 838/916/106 

f 836/924/98 796/925/98 797/926/98 837/927/98 

usemtl mramor
vt -3.0896 7.22304
vt -3.0896 7.21689
vt -3.08037 7.21689
vt -3.08037 7.22304
f 757/1781/3 761/1782/3 854/1783/3 758/1784/3 

usemtl FrontColor
f 833/1183/1 793/1182/1 794/929/1 834/928/1 

f 832/1409/53 792/1410/53 793/1411/53 833/1412/53 

usemtl mramor
vt -3.07114 7.23535
vt -3.07114 7.2292
vt -3.06191 7.2292
vt -3.06191 7.23535
f 753/1785/3 752/1786/3 853/1787/3 852/1788/3 

v 3181.91 1280 -2516.62
vt 1.71031 8.2032
v 3181.91 1280 -2546.62
vt 1.71031 8.21243
f 858/1789/1 859/1790/1 754/1573/1 753/1572/1 852/1713/1 851/1709/1 

vt 1.78841 8.2032
vt 1.79171 8.21243
f 858/1789/1 679/1791/1 678/1792/1 859/1790/1 

v 3181.91 1300 -2516.62
vt -5.78151 7.2415
vt -5.85961 7.2415
vt -5.85961 7.23535
f 858/1568/2 860/1793/2 680/1794/2 679/1795/2 

v 2031.14 1320 -2516.62
v 3181.91 1320 -2516.62
vt -5.78151 7.24766
f 858/1568/2 851/1567/2 850/1675/2 861/1668/2 862/1796/2 860/1793/2 

vt -3.05268 7.24766
vt -3.05268 7.2415
vt -3.04345 7.2415
vt -3.04345 7.24766
f 861/1797/3 850/1798/3 823/1799/3 822/1800/3 

v 3181.91 1320 -2486.62
vt 1.71031 8.19397
v 3181.91 1320 -2456.62
vt 1.71031 8.18474
f 863/1801/1 862/1789/1 861/1709/1 822/1671/1 821/1666/1 864/1802/1 

vt -1.02776 7.24766
v 3181.91 1300 -2486.62
vt -1.02776 7.2415
vt -1.01853 7.2415
vt -1.01853 7.24766
f 863/1803/5 865/1804/5 860/1805/5 862/1806/5 

vt -5.85631 7.24766
vt -5.85631 7.2415
f 865/1793/2 863/1796/2 682/1807/2 681/1808/2 

vt 1.78179 8.18474
vt 1.7851 8.19397
f 864/1802/1 683/1809/1 682/1810/1 863/1801/1 

vt -5.853 7.24766
v 3181.91 1340 -2456.62
vt -5.78151 7.25381
vt -5.853 7.25381
f 683/1811/2 864/1796/2 866/1812/2 684/1813/2 

v 2031.14 1360 -2456.62
v 3181.91 1360 -2456.62
vt -5.78151 7.25997
f 864/1796/2 821/1668/2 820/1665/2 867/1657/2 868/1814/2 866/1812/2 

vt -3.03422 7.25997
vt -3.03422 7.25381
vt -3.02499 7.25381
vt -3.02499 7.25997
f 867/1815/3 820/1816/3 816/1817/3 815/1818/3 

v 3181.91 1360 -2396.62
vt 1.71031 8.16627
v 3181.91 1360 -2426.62
vt 1.71031 8.1755
f 869/1819/1 870/1820/1 868/1802/1 867/1666/1 815/1661/1 814/1654/1 

vt 1.77517 8.16627
vt 1.77848 8.1755
f 870/1820/1 869/1819/1 687/1821/1 686/1822/1 

vt -5.84638 7.25997
v 3181.91 1380 -2396.62
vt -5.78151 7.26612
vt -5.84638 7.26612
f 687/1823/2 869/1814/2 871/1824/2 688/1825/2 

v 2031.14 1400 -2396.62
vt -5.42743 7.27227
v 3181.91 1400 -2396.62
vt -5.78151 7.27227
f 869/1814/2 814/1657/2 812/1660/2 872/1826/2 873/1827/2 871/1824/2 

vt -3.01576 7.27227
vt -3.01576 7.26612
vt -3.00653 7.26612
v 2031.14 1400 -2366.62
vt -3.00653 7.27227
f 872/1828/3 812/1829/3 813/1830/3 874/1831/3 

vt -5.36587 7.26612
vt -5.36587 7.27227
f 779/1832/2 778/1833/2 874/1826/2 813/1660/2 

vt 1.77186 8.15704
v 3181.91 1400 -2366.62
vt 1.71031 8.15704
v 1841.83 1400 -2336.62
vt 1.29797 8.14781
v 1889.97 1400 -2202.34
vt 1.31278 8.10649
v 2131.91 1400 -1871.32
vt 1.38723 8.00464
v 3081.14 1400 -1871.32
vt 1.6793 8.00464
v 3323.09 1400 -2202.34
vt 1.75374 8.10649
vt 1.76855 8.14781
vt 1.76947 8.15037
f 690/1834/1 875/1835/1 873/1819/1 872/1654/1 874/1656/1 778/1644/1 876/1836/1 877/1837/1 878/1838/1 879/1839/1 880/1840/1 692/1841/1 691/1842/1 

v 3181.91 1380 -2366.62
vt -5.84307 7.27227
vt -5.84307 7.26612
f 881/1824/2 875/1827/2 690/1843/2 689/1844/2 

vt -1.06468 7.27227
vt -1.06468 7.26612
vt -1.05545 7.26612
vt -1.05545 7.27227
f 875/1845/5 881/1846/5 871/1847/5 873/1848/5 

f 871/1819/1 881/1835/1 689/1834/1 688/1821/1 

usemtl FrontColor
v 3434.84 1380 -2365.95
v 3445.6 1380 -2395.95
f 689/1101/1 882/1102/1 883/1103/1 688/1104/1 

v 3434.84 1400 -2365.95
f 882/1105/70 689/1106/70 690/1107/70 884/1108/70 

vt 756.422 186.459
vt 755.25 183.189
v 3427.31 1400 -2344.93
f 884/1102/1 690/1101/1 691/1849/1 692/1850/1 885/1109/1 

usemtl mramor
vt 1.86839 7.37074
vn 0.146486 -1.42158e-15 0.989213
vt 1.86839 7.27227
vt 1.88584 7.27227
v 3427.31 1720 -2344.93
vt 1.88584 7.37074
f 693/1851/107 692/1852/107 885/1853/107 886/1854/107 

usemtl FrontColor
v 3327.35 1400 -2208.17
vt 364.004 110.236
vn 0.946336 0 0.323185
vt 417.443 110.236
vt 417.443 236.22
v 3327.35 1720 -2208.17
vt 364.004 236.22
f 887/1855/108 692/1856/108 693/1857/108 888/1858/108 

usemtl mramor
vt 1.75506 8.10829
vt 1.78581 8.15037
f 692/1841/1 887/1859/1 885/1860/1

usemtl FrontColor
vn 0.807331 -3.44704e-15 0.590099
vt 542.547 236.22
vt 542.547 110.236
f 886/1117/109 888/1861/109 887/1862/109 885/1116/109 

usemtl mramor
f 888/1859/1 886/1860/1 693/1841/1

f 732/1537/1 694/1482/1 693/1841/1 886/1860/1 

vn -0.941358 -3.74196e-15 -0.337408
vt -4.22739 7.27227
vt -4.22739 7.37074
vt -4.36196 7.18612
v 3499.36 1260 -2545.95
v 3499.36 1280 -2545.95
v 3488.61 1280 -2515.95
v 3488.61 1300 -2515.95
v 3477.86 1300 -2485.95
v 3477.86 1320 -2485.95
v 3467.1 1320 -2455.95
v 3467.1 1340 -2455.95
v 3456.35 1340 -2425.95
v 3456.35 1360 -2425.95
v 3445.6 1360 -2395.95
f 884/1457/110 885/1863/110 886/1864/110 732/1461/110 734/1462/110 733/1865/110 735/1430/110 736/1431/110 737/1432/110 738/1433/110 739/1434/110 740/1435/110 741/1436/110 742/1437/110 743/1438/110 744/1439/110 745/1440/110 746/1441/110 747/1442/110 748/1443/110 889/1444/110 890/1445/110 891/1446/110 892/1447/110 893/1448/110 894/1449/110 895/1450/110 896/1451/110 897/1452/110 898/1453/110 899/1454/110 883/1455/110 882/1456/110 

v 3424.09 1720 -2335.95
vn -0.941358 3.7021e-15 -0.337408
v 3424.09 1400 -2335.95
f 900/1460/111 886/1864/111 885/1863/111 901/1459/111 

vt -2.07763 7.18612
vt -1.89857 7.18612
vt -1.89857 7.37074
vt -2.07763 7.37074
f 734/1866/11 721/1867/11 720/1868/11 732/1869/11 

usemtl FrontColor
f 677/1232/1 889/1233/1 748/1234/1 676/1235/1 

f 889/1238/70 677/1239/70 678/1236/70 890/1237/70 

usemtl mramor
v 3181.91 1260 -2546.62
vt -5.86292 7.23535
vt -5.86292 7.2292
f 902/1562/2 859/1568/2 678/1870/2 677/1871/2 

vt -1.00007 7.23535
vt -1.0093 7.23535
vt -1.0093 7.2292
vt -1.00007 7.2292
f 754/1872/5 859/1873/5 902/1874/5 750/1875/5 

f 676/1581/1 750/1573/1 902/1790/1 677/1792/1 

usemtl FrontColor
f 679/1240/1 891/1241/1 890/1233/1 678/1232/1 

f 891/1244/88 679/1245/88 680/1242/88 892/1243/88 

f 681/1246/1 893/1247/1 892/1241/1 680/1240/1 

f 682/1248/70 894/1249/70 893/1250/70 681/1251/70 

f 683/1252/1 895/1253/1 894/1247/1 682/1246/1 

f 895/1256/70 683/1257/70 684/1254/70 896/1255/70 

f 685/1258/1 897/1259/1 896/1253/1 684/1252/1 

vn 0.0127787 5.32776e-30 -0.999918
f 686/1260/112 898/1261/112 897/1262/112 685/1263/112 

f 687/1104/1 899/1103/1 898/1259/1 686/1258/1 

f 899/1099/70 687/1100/70 688/1097/70 883/1098/70 

usemtl mramor
v 3181.91 1340 -2426.62
vt -5.84969 7.25997
vt -5.84969 7.25381
f 903/1812/2 870/1814/2 686/1876/2 685/1877/2 

vt -1.03699 7.25997
vt -1.04622 7.25997
vt -1.04622 7.25381
vt -1.03699 7.25381
f 868/1878/5 870/1879/5 903/1880/5 866/1881/5 

f 684/1809/1 866/1802/1 903/1820/1 685/1822/1 

f 680/1791/1 860/1789/1 865/1801/1 681/1810/1 

f 876/1836/1 778/1644/1 804/1643/1 805/1766/1 

vt 1.37942 7.18612
vt 1.68711 7.18612
vt 1.68711 7.37074
vt 1.37942 7.37074
f 704/1882/4 703/1883/4 716/1884/4 729/1885/4 

g Mesh10 Group11 Group2 Model

usemtl Color_M00
v 2965.43 1629.4 -3066.62
v 2236.43 1629.4 -3066.62
v 2236.43 1629.4 -3062.57
v 2965.43 1629.4 -3062.57
f 904/1/1 905/2/1 906/3/1 907/4/1 

usemtl FrontColor
v 2236.43 1224.4 -3066.62
v 2236.43 1426.9 -3066.62
v 2965.43 1224.4 -3066.62
f 908/5/2 909/6/2 905/7/2 904/8/2 910/9/2 

v 2236.43 1224.4 -3062.57
v 2236.43 1426.9 -3062.57
f 911/5/3 912/6/3 909/10/3 908/11/3 

usemtl Color_M00
v 2965.43 1224.4 -3062.57
f 913/4/4 907/12/4 906/7/4 912/6/4 911/5/4 

f 910/13/5 904/14/5 907/7/5 913/3/5 

f 908/15/6 910/16/6 913/9/6 911/17/6 

f 905/18/3 909/10/3 912/6/3 906/7/3 

g Mesh11 Group12 Group2 Model

usemtl mramor
v 1685.14 1962 -2482.56
vt -4.82812 -1.14026
vn -0.324084 0.93997 -0.106896
v 1504.98 1962 -1936.34
vt -3.67778 -1.14026
v 2606.53 2562 -1.73259e-12
vt -0.690103 2.37614
f 914/1886/113 915/1887/113 916/1888/113

vt -3.65845 0.711265
vn -0.78268 0.559973 0.271739
v 1864.32 1962 -901.346
vt -1.46726 0.711265
vt 0.722583 2.15965
f 915/1889/114 917/1890/114 916/1891/114

vt -0.934766 1.3364e-16
vn -0.771961 7.8579e-17 0.63567
v 2606.53 1962 -1.73259e-12
vt 1.40044 7.11169e-16
vt 1.40044 1.2
f 917/1892/115 918/1893/115 916/1894/115

vn 0.771961 -7.8579e-17 0.63567
v 3348.74 1962 -901.346
vt 3.73566 7.11169e-16
f 918/1893/116 919/1895/116 916/1894/116

vt 2.91242 -1.6196
vn 0.78268 0.559973 0.271739
v 3708.08 1962 -1936.34
vt 5.10362 -1.6196
vt 0.722583 -0.17122
f 919/1896/117 920/1897/117 916/1898/117

vt 2.29757 -5.07352
vn 0.324084 0.93997 -0.106896
v 3527.91 1962 -2482.56
vt 3.44791 -5.07352
vt -0.690103 -1.55712
f 920/1899/118 921/1900/118 916/1901/118

vt -6.39596 0.258622
vn -0.516377 0.7687 -0.377433
v 3081.14 1962 -1871.32
vt -4.88174 0.258622
vt -1.30005 2.13477
f 921/1902/119 922/1903/119 916/1904/119

vt -0.360334 4.96512
vn 1.23842e-16 -1 2.36213e-16
vt -4.04587 4.96512
vt -3.15233 3.74265
v 2131.91 1962 -1871.32
vt -1.25387 3.74265
f 914/1905/120 921/1906/120 922/1907/120 923/1908/120 

vt -4.04587 -4.82617
vn -1.52271e-16 0.972014 -0.234922
vt -0.360334 -4.82617
vt -2.2031 0.281907
f 921/1909/121 914/1910/121 916/1911/121

vt 2.28164 -2.47585
vn 0.516377 0.7687 -0.377433
vt 3.79586 -2.47585
vt -1.30005 -0.599702
f 923/1912/122 914/1913/122 916/1914/122

vt 1.25387 -3.56394
vn 1.9015e-17 -0.95225 0.305319
vt 3.15233 -3.56394
vt 2.2031 0.366383
f 923/1915/123 922/1916/123 916/1917/123

g Mesh12 Group13 Group2 Model

v 3427.31 1720 -2344.93
vt 2.22404 -1.92251
vn 0.776172 0.565828 0.278201
v 3760.17 1720 -3273.59
vt 4.19707 -1.92251
v 3081.14 1962 -1871.32
vt 1.09877 -1.3355
f 924/1918/124 925/1919/124 926/1920/124

vt -1.02007 -2.91289
vn 0.2069 0.975979 -0.068244
vt 1.21792 -5.13446
v 3577.88 1720 -3826.23
vt 2.38177 -5.13446
f 926/1921/125 925/1922/125 927/1923/125

vt -5.66444 1.07001
vn -0.247151 0.951989 -0.180649
v 3081.14 1720 -3146.62
vt -3.98084 1.07001
vt -1.92166 2.65102
f 927/1924/126 928/1925/126 926/1926/126

vt 4.25 3.90982
v 1635.17 1720 -3826.23
vt 0.364568 3.90982
v 2131.91 1720 -3146.62
vt 1.35806 2.5506
vt 3.25651 2.5506
f 927/1927/1 929/1928/1 930/1929/1 928/1930/1 

vt 0.364568 -3.8802
vn 1.51582e-17 -0.992425 0.122853
vt 4.25 -3.8802
vt 3.25651 0.059461
v 2131.91 1962 -1871.32
vt 1.35806 0.059461
f 929/1931/127 927/1932/127 926/1933/127 931/1934/127 

vt -3.25651 -2.50588
vn 0 0.982468 -0.186433
vt -1.35806 -2.50588
vt -1.35806 0.0902333
vt -3.25651 0.0902333
f 928/1935/128 930/1936/128 931/1937/128 926/1938/128 

vt -0.801388 -0.895593
vn 0.247151 0.951989 -0.180649
vt 1.25779 -2.4766
vt 2.94139 -2.4766
f 931/1939/129 930/1940/129 929/1941/129

vt -3.82725 -0.857394
vn -0.2069 0.975979 -0.068244
v 1452.89 1720 -3273.59
vt -2.66339 -0.857394
vt -0.425399 1.36418
f 929/1942/130 932/1943/130 931/1944/130

vt -2.64007 0.535428
vn -0.776172 0.565828 0.278201
v 1785.74 1720 -2344.93
vt -0.667047 0.535428
vt 0.458219 1.12243
f 932/1945/131 933/1946/131 931/1947/131

g Mesh13 Group14 Group2 Model

v 3427.31 1440 -3620.23
vt 2.13567 7.49525
vn 0.809657 0.510134 0.290203
v 3760.17 1440 -4548.89
vt 2.43921 7.49525
v 3081.14 1720 -3146.62
vt 1.96255 7.59542
f 934/1948/132 935/1949/132 936/1950/132

vt -1.08702 7.69766
vn 0.237487 0.968227 -0.0783328
v 3577.88 1440 -5101.53
vt -1.18565 7.54821
vt -0.609834 7.79528
f 935/1951/133 937/1952/133 936/1953/133

vn -0.281526 0.93723 -0.205775
v 3081.14 1440 -4421.92
vt -0.92663 7.54821
f 937/1952/134 938/1954/134 936/1953/134

usemtl FrontColor
v 1635.17 1440 -5101.53
v 2131.91 1440 -4421.92
f 937/1548/1 939/1744/1 940/1495/1 938/1494/1 

vt 71.7653 -761.874
vn -4.14123e-18 -0.989898 0.141782
vt 836.614 -761.874
vt 641.046 15.6295
v 2131.91 1720 -3146.62
vt 267.334 15.6295
f 939/1955/135 937/1956/135 936/1957/135 941/1958/135 

usemtl mramor
vt 1.263 6.10421
vn -6.85306e-18 0.976735 -0.214448
vt 1.44261 6.33453
vt 1.12582 6.58159
vt 0.946203 6.35128
f 938/1959/136 940/1960/136 941/1961/136 936/1962/136 

vn 0.281526 0.93723 -0.205775
vt 1.70163 6.33453
f 940/1960/137 939/1963/137 941/1961/137

vn -0.237487 0.968227 -0.0783328
v 1452.89 1440 -4548.89
vt 1.60301 6.48397
f 939/1963/138 942/1964/138 941/1961/138

vt -0.435488 8.26553
vn -0.809657 0.510134 0.290203
v 1785.74 1440 -3620.23
vt -0.131946 8.26553
vt 0.041172 8.3657
f 942/1965/139 943/1966/139 941/1967/139

g Mesh14 Group15 Group2 Model

v 2181.91 1160 -7831.07
vt 1.70363 -2.46099
vn 0.308027 0.924354 -0.225145
v 1775.58 1160 -8386.98
vt 3.0808 -2.46099
v 2418.49 1440 -6357.83
vt -0.954353 -0.993246
f 944/1968/140 945/1969/140 946/1970/140

vt 3.65524 4.0583
vt 0.331453 4.0583
vt 1.14412 2.94647
v 3031.14 1160 -7831.07
vt 2.84258 2.94647
f 172/1971/1 945/1972/1 944/1973/1 947/1974/1 

vt 0.331453 -4.02021
vn -3.93418e-18 -0.990613 0.136693
vt 3.65524 -4.02021
v 2794.56 1440 -6357.83
vt 2.36942 0.0765483
vt 1.61728 0.0765483
f 945/1975/141 172/1976/141 948/1977/141 946/1978/141 

v 3603.2 1160 -7884.54
vt 1.65095 -4.62715
vn 0.20819 0.975675 -0.0686697
vt 2.70909 -4.62715
vt -0.742201 -2.07268
f 949/1979/142 172/1980/142 948/1981/142

vt -5.43335 0.514116
vn -0.308027 0.924354 -0.225145
vt -4.05618 0.514116
vt -1.39819 1.98186
f 172/1982/143 947/1983/143 948/1984/143

vt -2.84258 -2.89465
vn 1.29259e-17 0.982414 -0.186716
vt -1.14412 -2.89465
vt -1.61728 0.104561
vt -2.36942 0.104561
f 947/1985/144 944/1986/144 946/1987/144 948/1988/144 

v 3299.97 1160 -7011.17
vt 2.34306 -1.89345
vn 0.68836 0.684868 0.238992
vt 4.19209 -1.89345
vt 0.777134 -1.12492
f 950/1989/145 949/1990/145 948/1991/145

vt -3.95789 -0.93319
vn -0.20819 0.975675 -0.0686697
vt -2.89975 -0.93319
vt -0.506598 1.62129
f 945/1992/146 300/1993/146 946/1994/146

vt -1.03548 0.685877
vn -0.68836 0.684868 0.238992
vt 0.530441 1.4544
vt -2.88451 0.685877
f 271/1995/147 946/1996/147 300/1997/147

g Mesh15 Group16 Group2 Model

v 3031.14 880 -8980.1
vt 3.5327 0.867733
vn 0.308149 -0.924291 0.225234
v 3437.47 880 -9536.02
vt 4.90988 0.867733
v 3031.14 1160 -7831.07
vt 1.6774 2.3349
f 951/1998/148 952/1999/148 953/2000/148

v 1775.58 880 -9536.02
vt -0.331453 3.4099
vt -3.65524 3.4099
vt -2.84258 2.29807
v 2181.91 880 -8980.1
vt -1.14412 2.29807
f 954/2001/8 952/2002/8 951/2003/8 955/2004/8 

vt -3.65524 -3.36483
vn -5.56798e-18 0.986781 -0.162057
vt -0.331453 -3.36483
v 2181.91 1160 -7831.07
vt -1.14412 0.0907517
vt -2.84258 0.0907517
f 952/2005/149 954/2006/149 956/2007/149 953/2008/149 

vt -2.55733 -2.10717
vn -0.308149 -0.924291 0.225234
vt -1.18016 -2.10717
vt 0.675144 -0.640007
f 954/2009/150 955/2010/150 956/2011/150

vt 1.14412 -2.23274
vn -5.59302e-18 -0.971569 0.236755
vt 2.84258 -2.23274
vt 2.84258 0.132583
vt 1.14412 0.132583
f 955/2012/151 951/2013/151 953/2014/151 956/2015/151 

v 1609.85 880 -9033.58
vt 2.28398 -0.720707
vn 0.276523 -0.956669 0.0912088
vt 3.34212 -0.720707
vt 0.358386 1.20252
f 957/2016/152 954/2017/152 956/2018/152

v 1887.51 880 -8233.85
vt 0.578865 0.364728
vn 0.837634 -0.462378 -0.290818
vt 2.27198 0.364728
vt -0.375254 0.996295
f 958/2019/153 957/2020/153 956/2021/153

vt -2.09332 -4.34271
vn -0.276523 -0.956669 0.0912088
v 3603.2 880 -9033.58
vt -1.03518 -4.34271
vt 0.890412 -2.41949
f 952/2022/154 959/2023/154 953/2024/154

vt -3.57955 -1.37666
vn -0.837634 -0.462378 -0.290818
v 3325.54 880 -8233.85
vt -1.88644 -1.37666
vt -0.932321 -0.745096
f 959/2025/155 960/2026/155 953/2027/155

g Mesh16 Group17 Group2 Model

v 3056.53 400 -8410.1
vt 1.67173 10.0166
vn 2.60175e-16 1 2.45154e-15
v 3333.81 400 -8410.1
vt 1.75704 10.0166
v 3344.23 400 -8440.1
vt 1.76025 10.0258
v 3056.53 400 -8440.1
vt 1.67173 10.0258
f 961/2028/156 962/2029/156 963/2030/156 964/2031/156 

vt -4.75523 7.47853
vt -4.66991 7.47853
v 3056.53 420 -8410.1
vt -4.66991 7.48468
v 3333.81 420 -8410.1
vt -4.75523 7.48468
f 962/2032/2 961/2033/2 965/2034/2 966/2035/2 

vt -2.43956 7.46577
v 2156.53 400 -8410.1
vt -2.16264 7.46577
v 2156.53 420 -8410.1
vt -2.16264 7.47193
v 2156.53 440 -8410.1
vt -2.16264 7.47808
v 3056.53 440 -8410.1
vt -2.43956 7.47808
vt -2.43956 7.47193
f 961/2036/2 967/2037/2 968/2038/2 969/2039/2 970/2040/2 965/2041/2 

vt 3.90207 10.0038
vn -5.81064e-33 1 2.40637e-15
vt 3.90207 10.0131
v 3056.53 400 -8470.1
vt 3.90207 10.0223
v 2156.53 400 -8470.1
vt 3.62515 10.0223
v 2156.53 400 -8440.1
vt 3.62515 10.0131
vt 3.62515 10.0038
f 961/2042/157 964/2043/157 971/2044/157 972/2045/157 973/2046/157 967/2047/157 

vt 3.31546 7.46577
v 3056.53 380 -8440.1
vt 3.31546 7.45962
v 3056.53 380 -8470.1
vt 3.32469 7.45962
vt 3.32469 7.46577
f 964/2048/5 974/2049/5 975/2050/5 971/2051/5 

v 3344.23 380 -8440.1
vt -4.75843 7.47238
vt -4.66991 7.47238
vt -4.75843 7.47853
f 976/2052/2 974/2053/2 964/2033/2 963/2054/2 

v 3354.64 380 -8470.1
vt 1.76345 10.035
vt 1.67173 10.035
f 977/2055/1 975/2056/1 974/2031/1 976/2030/1 

v 3354.64 360 -8470.1
vt -4.76164 7.46622
v 3056.53 360 -8470.1
vt -4.66991 7.46622
vt -4.76164 7.47238
f 978/2057/2 979/2058/2 975/2053/2 977/2059/2 

v 3056.53 360 -8500.1
vt 3.90207 10.0315
vn 2.42017e-16 1 2.44838e-15
vt 3.9938 10.0223
v 3365.06 360 -8500.1
vt 3.99701 10.0315
f 980/2060/158 979/2044/158 978/2061/158 981/2062/158 

v 3056.53 360 -8530.1
vt 1.67173 10.0535
vn 5.81064e-33 1 2.40637e-15
v 2156.53 360 -8530.1
vt 1.3948 10.0535
v 2156.53 360 -8500.1
vt 1.3948 10.0443
v 2156.53 360 -8470.1
vt 1.3948 10.035
vt 1.67173 10.0443
f 982/2063/159 983/2064/159 984/2065/159 985/2066/159 979/2056/159 980/2067/159 

v 3056.53 320 -8530.1
vt -4.66991 7.45392
v 2156.53 320 -8530.1
vt -4.39299 7.45392
v 2156.53 340 -8530.1
vt -4.39299 7.46007
vt -4.39299 7.46622
v 3056.53 340 -8530.1
vt -4.66991 7.46007
f 986/2068/2 987/2069/2 988/2070/2 983/2071/2 982/2058/2 989/2072/2 

v 3056.53 320 -8560.1
vt 3.90207 10.05
v 3056.53 320 -8590.1
vt 3.90207 10.0592
v 2156.53 320 -8590.1
vt 3.62515 10.0592
v 2156.53 320 -8560.1
vt 3.62515 10.05
vt 3.62515 10.0407
vt 3.90207 10.0407
f 990/2073/1 991/2074/1 992/2075/1 993/2076/1 987/2077/1 986/2078/1 

vt 3.35238 7.44116
v 3056.53 300 -8560.1
vt 3.35238 7.43501
v 3056.53 300 -8590.1
vt 3.36161 7.43501
vt 3.36161 7.44116
f 990/2079/5 994/2080/5 995/2081/5 991/2082/5 

v 3385.89 300 -8560.1
vt -4.77125 7.44776
vt -4.66991 7.44776
v 3385.89 320 -8560.1
vt -4.77125 7.45392
f 996/2083/2 994/2084/2 990/2068/2 997/2085/2 

vt 4.00342 10.05
v 3396.3 300 -8590.1
vt 4.00662 10.0592
f 995/2074/1 994/2073/1 996/2086/1 998/2087/1 

v 3365.06 340 -8500.1
vt -2.79855 7.44731
vn -0.944683 3.38655e-15 -0.327985
vt -2.79855 7.45347
vt -2.78878 7.45347
vt -2.78878 7.45962
vt -2.77901 7.45962
vt -2.77901 7.46577
vt -2.76923 7.46577
vt -2.76923 7.47193
v 3323.39 420 -8380.1
vt -2.75946 7.47193
v 3323.39 440 -8380.1
vt -2.75946 7.47808
v 3312.98 440 -8350.1
vt -2.74969 7.47808
v 3312.98 460 -8350.1
vt -2.74969 7.48424
v 3302.56 460 -8320.1
vt -2.73992 7.48424
v 3302.56 480 -8320.1
vt -2.73992 7.49039
v 3292.15 480 -8290.1
vt -2.73015 7.49039
v 3292.15 500 -8290.1
vt -2.73015 7.49654
v 3281.73 500 -8260.1
vt -2.72038 7.49654
v 3281.73 520 -8260.1
vt -2.72038 7.5027
v 3271.32 520 -8230.1
vt -2.71061 7.5027
v 3271.32 540 -8230.1
vt -2.71061 7.50885
v 3260.9 540 -8200.1
vt -2.70084 7.50885
v 3260.9 560 -8200.1
vt -2.70084 7.51501
v 3250.48 560 -8170.1
vt -2.69106 7.51501
v 3224.73 560 -8095.92
vt -2.6669 7.51501
v 3224.73 880 -8095.92
vt -2.6669 7.61347
v 3550.42 880 -9033.99
vt -2.97244 7.61347
v 3550.42 280 -9033.99
vt -2.97244 7.42885
v 3396.3 280 -8590.1
vt -2.82786 7.42885
vt -2.82786 7.43501
vt -2.81809 7.43501
vt -2.81809 7.44116
v 3375.47 320 -8530.1
vt -2.80832 7.44116
v 3375.47 340 -8530.1
vt -2.80832 7.44731
f 999/2088/160 981/2089/160 978/2090/160 977/2091/160 976/2092/160 963/2093/160 962/2094/160 966/2095/160 1000/2096/160 1001/2097/160 1002/2098/160 1003/2099/160 1004/2100/160 1005/2101/160 1006/2102/160 1007/2103/160 1008/2104/160 1009/2105/160 1010/2106/160 1011/2107/160 1012/2108/160 1013/2109/160 1014/2110/160 1015/2111/160 1016/2112/160 1017/2113/160 1018/2114/160 1019/2115/160 998/2116/160 996/2117/160 997/2118/160 1020/2119/160 1021/2120/160 

vt -2.53449 7.44731
v 3056.53 340 -8500.1
vt -2.43956 7.44731
vt -2.43956 7.45347
vt -2.53449 7.45347
f 999/2121/2 1022/2122/2 980/2123/2 981/2124/2 

vt 4.00021 10.0407
f 989/2078/1 1022/2060/1 999/2062/1 1021/2125/1 

vt 1.10357 7.46622
vt 1.10357 7.46007
vt 1.1128 7.46007
vt 1.1128 7.46622
f 980/2126/5 1022/2127/5 989/2128/5 982/2129/5 

usemtl FrontColor
vt 691.025 263.4
vn -1.36395e-15 1 -4.73552e-16
v 3417.84 340 -8499.69
vt 711.807 263.238
v 3428.26 340 -8529.69
vt 715.907 275.049
vt 695.126 275.211
f 999/2130/161 1023/2131/161 1024/2132/161 1021/2133/161 

vt -709.736 23.622
vn 0.00778247 1.03531e-18 -0.99997
vt -688.954 23.622
vt -688.954 31.4961
v 3417.84 360 -8499.69
vt -709.736 31.4961
f 1023/2134/162 999/2135/162 981/2136/162 1025/2137/162 

vt 686.924 251.589
v 3407.43 360 -8469.69
vt 707.706 251.427
f 978/2138/1 1026/2139/1 1025/2131/1 981/2130/1 

vt -684.946 39.3701
vn 0.00778247 -7.51904e-19 -0.99997
v 3407.43 380 -8469.69
vt -705.728 39.3701
vt -705.728 31.4961
vt -684.946 31.4961
f 977/2140/163 1027/2141/163 1026/2142/163 978/2143/163 

vt 682.824 239.778
v 3397.01 380 -8439.69
vt 703.605 239.616
f 976/2144/161 1028/2145/161 1027/2139/161 977/2138/161 

vt -701.719 39.3701
vt -680.937 39.3701
vt -680.937 47.2441
v 3397.01 400 -8439.69
vt -701.719 47.2441
f 1028/2146/162 976/2147/162 963/2148/162 1029/2149/162 

vt 678.723 227.967
v 3386.59 400 -8409.69
vt 699.505 227.805
f 962/2150/1 1030/2151/1 1029/2145/1 963/2144/1 

vt -697.711 47.2441
vt -676.928 47.2441
vt -676.928 55.1181
v 3386.59 420 -8409.69
vt -697.711 55.1181
f 1030/2152/32 962/2153/32 966/2154/32 1031/2155/32 

vt 674.622 216.156
v 3376.18 420 -8379.69
vt 695.404 215.994
f 1000/2156/1 1032/2157/1 1031/2151/1 966/2150/1 

vt -672.92 62.9921
v 3376.18 440 -8379.69
vt -693.702 62.9921
vt -693.702 55.1181
vt -672.92 55.1181
f 1001/2158/32 1033/2159/32 1032/2160/32 1000/2161/32 

vt 670.522 204.345
v 3365.76 440 -8349.69
vt 691.303 204.183
f 1002/2162/1 1034/2163/1 1033/2157/1 1001/2156/1 

vt -689.693 62.9921
vn 0.00778247 2.83401e-19 -0.99997
vt -668.911 62.9921
vt -668.911 70.8661
v 3365.76 460 -8349.69
vt -689.693 70.8661
f 1034/2164/164 1002/2165/164 1003/2166/164 1035/2167/164 

usemtl mramor
vt -4.74882 7.49084
v 3056.53 440 -8350.1
vt -4.66991 7.49084
v 3056.53 460 -8350.1
vt -4.66991 7.49699
vt -4.74882 7.49699
f 1002/2168/2 1036/2169/2 1037/2170/2 1003/2171/2 

vt 1.67173 9.99811
vn 2.81277e-16 1 2.4552e-15
vt 1.75063 9.99811
vt 1.75384 10.0073
v 3056.53 440 -8380.1
vt 1.67173 10.0073
f 1036/2172/165 1002/2173/165 1001/2174/165 1038/2175/165 

vt -4.75202 7.48468
v 3056.53 420 -8380.1
vt -4.75202 7.49084
f 1000/2176/2 1039/2034/2 1038/2169/2 1001/2177/2 

f 966/2029/1 965/2028/1 1039/2175/1 1000/2174/1 

vt 3.29699 7.47808
vt 3.29699 7.47193
vt 3.30622 7.47193
vt 3.30622 7.47808
f 1038/2178/5 1039/2179/5 965/2180/5 970/2181/5 

vt 3.90207 9.98536
vt 3.90207 9.99459
v 2156.53 440 -8380.1
vt 3.62515 9.99459
v 2156.53 440 -8350.1
vt 3.62515 9.98536
f 1036/2182/157 1038/2183/157 970/2042/157 969/2047/157 1040/2184/157 1041/2185/157 

vt -1.84371 7.47808
vt -1.84371 7.47193
v 2156.53 420 -8380.1
vt -1.83448 7.47193
vt -1.83448 7.47808
f 969/2186/3 968/2187/3 1042/2188/3 1040/2189/3 

vt 1.3948 10.0166
vn -1.30081e-16 1 1.22577e-15
v 1879.24 420 -8410.1
vt 1.30949 10.0166
v 1889.66 420 -8380.1
vt 1.31269 10.0073
vt 1.3948 10.0073
f 968/2190/166 1043/2191/166 1044/2192/166 1042/2193/166 

vt -4.39299 7.47853
v 1879.24 400 -8410.1
vt -4.30767 7.47853
vt -4.30767 7.48468
vt -4.39299 7.48468
f 967/2194/2 1045/2195/2 1043/2196/2 968/2197/2 

vt 1.3948 10.0258
vn -2.60175e-16 1 2.45154e-15
v 1868.83 400 -8440.1
vt 1.30628 10.0258
f 973/2198/167 1046/2199/167 1045/2191/167 967/2190/167 

v 2156.53 380 -8440.1
vt -4.39299 7.47238
v 1868.83 380 -8440.1
vt -4.30446 7.47238
vt -4.30446 7.47853
f 1047/2200/2 1048/2201/2 1046/2202/2 973/2194/2 

v 2156.53 380 -8470.1
vn -6.09433e-33 1 2.40637e-15
v 1858.41 380 -8470.1
vt 1.30308 10.035
f 1049/2066/168 1050/2203/168 1048/2199/168 1047/2198/168 

v 1858.41 360 -8470.1
vt -4.30126 7.46622
vt -4.30126 7.47238
f 985/2071/2 1051/2204/2 1050/2205/2 1049/2200/2 

vn -2.42017e-16 1 2.44838e-15
vt 3.62515 10.0315
v 1848 360 -8500.1
vt 3.53022 10.0315
vt 3.53342 10.0223
f 985/2045/169 984/2206/169 1052/2207/169 1051/2208/169 

v 2156.53 340 -8500.1
vt -2.16264 7.44731
v 1848 340 -8500.1
vt -2.06771 7.44731
vt -2.06771 7.45347
vt -2.16264 7.45347
f 1053/2209/2 1054/2210/2 1052/2211/2 984/2212/2 

v 1837.58 340 -8530.1
vt 3.52701 10.0407
f 1053/2206/1 988/2077/1 1055/2213/1 1054/2207/1 

vt -4.11098 7.46622
vt -4.11098 7.46007
vt -4.10175 7.46007
vt -4.10175 7.46622
f 983/2214/3 988/2215/3 1053/2216/3 984/2217/3 

vt -2.16264 7.44116
v 1837.58 320 -8530.1
vt -2.0645 7.44116
vt -2.0645 7.44731
f 987/2218/2 1056/2219/2 1055/2220/2 988/2209/2 

vt 1.29667 10.0535
vt 1.3948 10.0627
v 1827.17 320 -8560.1
vt 1.29346 10.0627
f 1056/2221/1 987/2064/1 993/2222/1 1057/2223/1 

v 2156.53 300 -8560.1
vt -4.39299 7.44776
v 1827.17 300 -8560.1
vt -4.29164 7.44776
vt -4.29164 7.45392
f 1058/2224/2 1059/2225/2 1057/2226/2 993/2069/2 

v 2156.53 300 -8590.1
v 1816.75 300 -8590.1
vt 3.5206 10.0592
vt 3.52381 10.05
f 1058/2076/1 1060/2075/1 1061/2227/1 1059/2228/1 

vt -1.8991 7.44116
vt -1.8991 7.43501
vt -1.88987 7.43501
vt -1.88987 7.44116
f 992/2229/3 1060/2230/3 1058/2231/3 993/2232/3 

v 3056.53 280 -8590.1
vt -2.43956 7.42885
v 2156.53 280 -8590.1
vt -2.16264 7.42885
vt -2.16264 7.43501
vt -2.43956 7.44116
vt -2.43956 7.43501
f 1062/2233/2 1063/2234/2 1060/2235/2 992/2218/2 991/2236/2 995/2237/2 

v 1662.64 280 -9033.99
vt 1.24284 10.2085
vn 1.06781e-17 1 2.8041e-18
v 1816.75 280 -8590.1
vt 1.29026 10.072
vt 1.3948 10.072
vt 1.67173 10.072
vt 1.77627 10.072
vt 1.82369 10.2085
v 3420.45 280 -9428
vt 1.7837 10.3298
v 3221.75 280 -9156.16
vt 1.72257 10.2461
v 3181.39 280 -9185.66
vt 1.71014 10.2552
v 3092.87 280 -9064.56
vt 1.68291 10.2179
v 3133.24 280 -9035.06
vt 1.69533 10.2089
v 3056.53 280 -8930.1
vt 1.67173 10.1766
v 2156.53 280 -8930.1
vt 1.3948 10.1766
v 2079.82 280 -9035.05
vt 1.3712 10.2089
v 2120.18 280 -9064.56
vt 1.38362 10.2179
v 2031.67 280 -9185.66
vt 1.35639 10.2552
v 1991.3 280 -9156.15
vt 1.34396 10.2461
v 1792.6 280 -9428
vt 1.28283 10.3298
f 1064/2238/170 1065/2239/170 1063/2240/170 1062/2241/170 1019/2242/170 1018/2243/170 1066/2244/170 1067/2245/170 1068/2246/170 1069/2247/170 1070/2248/170 1071/2249/170 1072/2250/170 1073/2251/170 1074/2252/170 1075/2253/170 1076/2254/170 1077/2255/170 

vt 2.29147 7.43501
vn 0.944683 -1.12885e-15 -0.327985
vt 2.30124 7.43501
vt 2.30124 7.42885
vt 2.44582 7.42885
v 1662.64 880 -9033.99
vt 2.44582 7.61347
v 1988.33 880 -8095.92
vt 2.14028 7.61347
v 1988.33 560 -8095.92
vt 2.14028 7.51501
v 1962.57 560 -8170.1
vt 2.16444 7.51501
v 1952.15 560 -8200.1
vt 2.17422 7.51501
v 1952.15 540 -8200.1
vt 2.17422 7.50885
v 1941.74 540 -8230.1
vt 2.18399 7.50885
v 1941.74 520 -8230.1
vt 2.18399 7.5027
v 1931.32 520 -8260.1
vt 2.19376 7.5027
v 1931.32 500 -8260.1
vt 2.19376 7.49654
v 1920.91 500 -8290.1
vt 2.20353 7.49654
v 1920.91 480 -8290.1
vt 2.20353 7.49039
v 1910.49 480 -8320.1
vt 2.2133 7.49039
v 1910.49 460 -8320.1
vt 2.2133 7.48424
v 1900.08 460 -8350.1
vt 2.22307 7.48424
v 1900.08 440 -8350.1
vt 2.22307 7.47808
v 1889.66 440 -8380.1
vt 2.23284 7.47808
vt 2.23284 7.47193
vt 2.24262 7.47193
vt 2.24262 7.46577
vt 2.25239 7.46577
vt 2.25239 7.45962
vt 2.26216 7.45962
vt 2.26216 7.45347
vt 2.27193 7.45347
vt 2.27193 7.44731
vt 2.2817 7.44731
vt 2.2817 7.44116
vt 2.29147 7.44116
f 1059/2256/171 1061/2257/171 1065/2258/171 1064/2259/171 1078/2260/171 1079/2261/171 1080/2262/171 1081/2263/171 1082/2264/171 1083/2265/171 1084/2266/171 1085/2267/171 1086/2268/171 1087/2269/171 1088/2270/171 1089/2271/171 1090/2272/171 1091/2273/171 1092/2274/171 1093/2275/171 1094/2276/171 1044/2277/171 1043/2278/171 1045/2279/171 1046/2280/171 1048/2281/171 1050/2282/171 1051/2283/171 1052/2284/171 1054/2285/171 1055/2286/171 1056/2287/171 1057/2288/171 

usemtl FrontColor
vt 81.4555 298.833
v 1763.96 300 -8589.69
vt 60.674 298.671
v 1774.38 300 -8559.69
vt 64.7746 286.86
vt 85.5562 287.022
f 1061/2289/1 1095/2290/1 1096/2291/1 1059/2292/1 

vt -83.7787 0
v 1763.96 280 -8589.69
vt -62.9965 0
vt -62.9965 7.87402
vt -83.7787 7.87402
f 1065/2293/41 1097/2294/41 1095/2295/41 1061/2296/41 

vt 20.7816 473.59
v 1609.85 280 -9033.58
vt 0 473.428
f 1097/2290/1 1065/2289/1 1064/2297/1 1098/2298/1 

usemtl mramor
vt 3.47839 7.42885
vn 0.00778247 0 0.99997
vt 3.49464 7.42885
vt 3.49464 7.61347
v 1609.85 880 -9033.58
vt 3.47839 7.61347
f 1098/2299/172 1064/2300/172 1078/2301/172 1099/2302/172 

v 1988.33 280 -9244.96
vt -4.34123 10.2735
vt -4.35457 10.2552
vt -4.34215 10.2461
vt -4.28101 10.3298
vt -4.24102 10.2085
vt -4.22478 10.2084
v 1775.58 280 -9536.02
vt -4.27577 10.363
f 1100/2303/8 1075/2304/8 1076/2305/8 1077/2306/8 1064/2307/8 1098/2308/8 1101/2309/8 

vt -0.779068 7.44161
vn 0.807331 -9.31891e-16 -0.590099
v 1775.58 880 -9536.02
vt -0.779068 7.62622
v 2181.91 880 -8980.1
vt -0.99094 7.62622
v 2181.91 280 -8980.1
vt -0.99094 7.44161
vt -0.958753 7.44161
v 2120.18 707.8 -9064.56
vt -0.958753 7.57324
v 2031.67 707.8 -9185.66
vt -0.912599 7.57324
vt -0.912599 7.44161
vt -0.889999 7.44161
f 1101/2310/173 1102/2311/173 1103/2312/173 1104/2313/173 1074/2314/173 1105/2315/173 1106/2316/173 1075/2317/173 1100/2318/173 

vt -5.14324 7.44161
vt -4.98045 7.44161
vt -4.98045 7.62622
vt -5.14324 7.62622
f 1101/2319/7 1098/2320/7 1099/2321/7 1102/2322/7 

vn 0.944683 -1.09249e-15 -0.327985
v 1887.51 880 -8233.85
vt 2.18534 7.61347
v 1935.54 880 -8095.51
v 1935.54 560 -8095.51
v 1909.78 560 -8169.69
v 1899.37 560 -8199.69
v 1899.37 540 -8199.69
v 1888.95 540 -8229.69
v 1888.95 520 -8229.69
v 1878.54 520 -8259.69
v 1878.54 500 -8259.69
v 1868.12 500 -8289.69
v 1868.12 480 -8289.69
v 1857.71 480 -8319.69
v 1857.71 460 -8319.69
v 1847.29 460 -8349.69
v 1847.29 440 -8349.69
v 1836.87 440 -8379.69
v 1836.87 420 -8379.69
v 1826.46 420 -8409.69
v 1826.46 400 -8409.69
v 1816.04 400 -8439.69
v 1816.04 380 -8439.69
v 1805.63 380 -8469.69
v 1805.63 360 -8469.69
v 1795.21 360 -8499.69
v 1795.21 340 -8499.69
v 1784.8 340 -8529.69
v 1784.8 320 -8529.69
v 1774.38 320 -8559.69
f 1096/2256/174 1095/2257/174 1097/2258/174 1098/2259/174 1099/2260/174 1107/2323/174 1108/2261/174 1109/2262/174 1110/2263/174 1111/2264/174 1112/2265/174 1113/2266/174 1114/2267/174 1115/2268/174 1116/2269/174 1117/2270/174 1118/2271/174 1119/2272/174 1120/2273/174 1121/2274/174 1122/2275/174 1123/2276/174 1124/2277/174 1125/2278/174 1126/2279/174 1127/2280/174 1128/2281/174 1129/2282/174 1130/2283/174 1131/2284/174 1132/2285/174 1133/2286/174 1134/2287/174 1135/2288/174 

vt 3.54238 9.94959
vn -1.24816e-15 1 3.44217e-16
vt 3.5734 9.90715
vt 3.47318 10.1958
vt 3.45694 10.1957
f 1107/2324/175 1079/2325/175 1078/2326/175 1099/2327/175 

v 3031.14 880 -8980.1
vt 1.66391 10.192
vt 1.40261 10.192
vt 1.27759 10.363
vt 1.2266 10.2084
v 1792.6 880 -9428
v 2156.53 880 -8930.1
v 3056.53 880 -8930.1
v 3420.45 880 -9428
v 3603.2 880 -9033.58
vt 1.83993 10.2084
v 3437.47 880 -9536.02
vt 1.78894 10.363
f 1136/2328/1 1103/2329/1 1102/2330/1 1099/2331/1 1078/2238/1 1137/2255/1 1138/2250/1 1139/2249/1 1140/2244/1 1017/2243/1 1141/2332/1 1142/2333/1 

v 3031.14 280 -8980.1
vt -4.6621 7.44161
vt -4.4008 7.44161
vt -4.4008 7.62622
vt -4.6621 7.62622
f 1143/2334/2 1104/2335/2 1103/2336/2 1136/2337/2 

vt -4.6621 10.192
vn -9.78775e-18 -1 1.05206e-16
vt -4.68109 10.2179
vt -4.69351 10.2089
vt -4.66991 10.1766
vt -4.39299 10.1766
vt -4.36938 10.2089
vt -4.3818 10.2179
vt -4.4008 10.192
f 1143/2338/176 1069/2339/176 1070/2340/176 1071/2341/176 1072/2342/176 1073/2343/176 1074/2344/176 1104/2345/176 

v 3437.47 280 -9536.02
vt -5.7979 7.44161
vn -0.807331 -5.47956e-16 -0.590099
v 3224.73 280 -9244.96
vt -5.68696 7.44161
vt -5.66437 7.44161
v 3181.39 707.8 -9185.66
vt -5.66437 7.57324
v 3092.87 707.8 -9064.56
vt -5.61821 7.57324
vt -5.61821 7.44161
vt -5.58602 7.44161
vt -5.58602 7.62622
vt -5.7979 7.62622
f 1144/2346/177 1145/2347/177 1068/2348/177 1146/2349/177 1147/2350/177 1069/2351/177 1143/2352/177 1136/2353/177 1142/2354/177 

vt -4.72075 10.2461
vn 4.37563e-17 -1 -1.42874e-17
vt -4.70833 10.2552
vt -4.72166 10.2735
vt -4.78712 10.363
v 3603.2 280 -9033.58
vt -4.83812 10.2084
vt -4.82187 10.2085
vt -4.78189 10.3298
f 1067/2355/178 1068/2356/178 1145/2357/178 1144/2358/178 1148/2359/178 1018/2360/178 1066/2361/178 

vt -1.05542 7.44161
vn -0.590099 -5.26715e-19 0.807331
v 3221.75 707.8 -9156.16
vt -1.05542 7.57324
vt -1.07081 7.57324
vt -1.07081 7.44161
f 1067/2362/179 1149/2363/179 1146/2364/179 1068/2365/179 

vt 2.62003 7.44161
vn 0.807331 1.38107e-16 0.590099
v 3133.24 707.8 -9035.06
vt 2.62003 7.57324
vt 2.66618 7.57324
vt 2.66618 7.44161
vt 2.76979 7.44161
vt 2.76979 7.62622
vt 2.58003 7.62622
vt 2.58003 7.44161
f 1070/2366/180 1150/2367/180 1149/2368/180 1067/2369/180 1066/2370/180 1140/2371/180 1139/2372/180 1071/2373/180 

vt 0.668895 7.57324
vn 0.590099 6.20061e-16 -0.807331
vt 0.668895 7.44161
vt 0.68428 7.44161
vt 0.68428 7.57324
f 1150/2374/181 1070/2375/181 1069/2376/181 1147/2377/181 

vt -1.18457 10.1727
vn 3.41357e-16 -1 2.49507e-16
vt -1.15734 10.1355
vt -1.14492 10.1445
vt -1.17215 10.1818
f 1149/2378/182 1150/2379/182 1147/2380/182 1146/2381/182 

vt -3.2136 7.44161
vt -3.08594 7.44161
vt -3.08594 7.62622
vt -3.2136 7.62622
f 1066/2382/13 1018/2383/13 1017/2384/13 1140/2385/13 

vt 4.03241 7.42885
vn -0.00778247 0 0.99997
vt 4.04865 7.42885
vt 4.04865 7.61347
vt 4.03241 7.61347
f 1018/2386/183 1148/2387/183 1141/2388/183 1017/2389/183 

vt -2.60777 10.1957
v 3449.23 280 -8590.1
vt -2.56039 10.0592
vt -2.54411 10.0592
vt -2.59153 10.1958
f 1148/2390/8 1151/2391/8 1019/2392/8 1018/2393/8 

vn -0.944683 2.55381e-15 -0.327985
v 3355.35 460 -8319.69
v 3355.35 480 -8319.69
v 3344.93 480 -8289.69
v 3344.93 500 -8289.69
v 3334.52 500 -8259.69
v 3334.52 520 -8259.69
v 3324.1 520 -8229.69
v 3324.1 540 -8229.69
v 3313.68 540 -8199.69
v 3313.68 560 -8199.69
v 3303.27 560 -8169.69
v 3277.51 560 -8095.51
v 3277.51 880 -8095.51
v 3325.54 880 -8233.85
vt -2.71196 7.61347
vt -2.828 7.42885
v 3449.09 280 -8589.69
v 3449.09 300 -8589.69
v 3438.67 300 -8559.69
v 3438.67 320 -8559.69
v 3428.26 320 -8529.69
f 1023/2088/184 1025/2089/184 1026/2090/184 1027/2091/184 1028/2092/184 1029/2093/184 1030/2094/184 1031/2095/184 1032/2096/184 1033/2097/184 1034/2098/184 1035/2099/184 1152/2100/184 1153/2101/184 1154/2102/184 1155/2103/184 1156/2104/184 1157/2105/184 1158/2106/184 1159/2107/184 1160/2108/184 1161/2109/184 1162/2110/184 1163/2111/184 1164/2112/184 1165/2394/184 1141/2113/184 1148/2114/184 1151/2395/184 1166/2115/184 1167/2116/184 1168/2117/184 1169/2118/184 1170/2119/184 1024/2120/184 

usemtl FrontColor
vt 666.421 192.534
vn -2.72791e-15 1 -9.47103e-16
vt 687.203 192.372
f 1004/2396/185 1152/2397/185 1035/2163/185 1003/2162/185 

vt -685.685 70.8661
vt -664.903 70.8661
vt -664.903 78.7402
vt -685.685 78.7402
f 1152/2398/164 1004/2399/164 1005/2400/164 1153/2401/164 

usemtl mramor
vt -4.74561 7.49699
v 3056.53 460 -8320.1
v 3056.53 480 -8320.1
vt -4.66991 7.50315
vt -4.74561 7.50315
f 1004/2402/2 1171/2170/2 1172/2403/2 1005/2404/2 

vt 1.67173 9.98888
vt 1.74743 9.98888
f 1003/2173/1 1037/2172/1 1171/2405/1 1004/2406/1 

vt 3.27853 7.49039
vt 3.27853 7.48424
vt 3.28776 7.48424
v 3056.53 480 -8350.1
vt 3.28776 7.49039
f 1172/2407/5 1171/2408/5 1037/2409/5 1173/2410/5 

v 2156.53 460 -8350.1
vt -2.16264 7.48424
v 2156.53 480 -8350.1
vt -2.16264 7.49039
vt -2.43956 7.49039
vt -2.43956 7.48424
f 1036/2040/2 1041/2039/2 1174/2411/2 1175/2412/2 1173/2413/2 1037/2414/2 

vt -4.39299 7.49084
vt -4.31408 7.49084
vt -4.31408 7.49699
vt -4.39299 7.49699
f 1041/2415/2 1093/2416/2 1092/2417/2 1174/2418/2 

vn -2.81277e-16 1 2.4552e-15
vt 1.31589 9.99811
vt 1.3948 9.99811
f 1040/2193/186 1094/2192/186 1093/2419/186 1041/2420/186 

vt -4.31087 7.48468
vt -4.31087 7.49084
f 1042/2197/2 1044/2421/2 1094/2422/2 1040/2415/2 

usemtl FrontColor
vt -91.0569 62.9921
vt -111.839 62.9921
vt -111.839 55.1181
vt -91.0569 55.1181
f 1123/2423/41 1094/2424/41 1044/2425/41 1124/2426/41 

vt 93.4793 204.183
vt 114.261 204.345
vt 110.16 216.156
vt 89.3787 215.994
f 1122/2427/1 1093/2428/1 1094/2429/1 1123/2430/1 

vt -95.0656 70.8661
vt -115.848 70.8661
vt -115.848 62.9921
vt -95.0656 62.9921
f 1121/2431/41 1092/2432/41 1093/2433/41 1122/2434/41 

vt 97.58 192.372
vt 118.362 192.534
f 1120/2435/1 1091/2436/1 1092/2428/1 1121/2427/1 

vt -99.0742 78.7402
vt -119.856 78.7402
vt -119.856 70.8661
vt -99.0742 70.8661
f 1119/2437/41 1090/2438/41 1091/2439/41 1120/2440/41 

vt 101.681 180.561
vt 122.462 180.723
f 1118/2441/1 1089/2442/1 1090/2436/1 1119/2435/1 

vt -103.083 86.6142
vt -123.865 86.6142
vt -123.865 78.7402
vt -103.083 78.7402
f 1117/2443/41 1088/2444/41 1089/2445/41 1118/2446/41 

vt 105.781 168.75
vn 1.86776e-17 1 2.39989e-15
vt 126.563 168.912
f 1116/2447/187 1087/2448/187 1088/2442/187 1117/2441/187 

vt -127.874 86.6142
vt -107.091 86.6142
vt -107.091 94.4882
vt -127.874 94.4882
f 1087/2449/41 1116/2450/41 1115/2451/41 1086/2452/41 

vt 109.882 156.939
vt 130.664 157.101
f 1114/2453/1 1085/2454/1 1086/2448/1 1115/2447/1 

vt -111.1 102.362
vt -131.882 102.362
vt -131.882 94.4882
vt -111.1 94.4882
f 1113/2455/41 1084/2456/41 1085/2457/41 1114/2458/41 

vt 113.983 145.128
vn 3.73552e-17 1 4.79977e-15
vt 134.764 145.29
f 1112/2459/188 1083/2460/188 1084/2454/188 1113/2453/188 

vt -135.891 102.362
vt -115.109 102.362
vt -115.109 110.236
vt -135.891 110.236
f 1083/2461/41 1112/2462/41 1111/2463/41 1082/2464/41 

vt 128.223 104.111
vn -8.71366e-18 1 -1.11962e-15
vt 149.005 104.273
vt 138.865 133.479
vt 118.083 133.317
f 1109/2465/189 1080/2466/189 1081/2467/189 1082/2460/189 1111/2459/189 1110/2468/189 

usemtl mramor
v 3031.14 560 -7831.07
vn -2.75387e-17 1 -9.59053e-17
vt 1.73141 9.94273
v 3056.53 560 -8170.1
vt 1.67173 9.94273
v 2156.53 560 -8170.1
vt 1.3948 9.94273
vt 1.33512 9.94273
v 2181.91 560 -7831.07
f 1176/392/190 1015/368/190 1014/2469/190 1177/2470/190 1178/2471/190 1081/2472/190 1080/805/190 1179/383/190 

usemtl FrontColor
vt 635.778 104.273
vn -8.5049e-16 1 -9.01758e-16
vt 635.639 103.874
vt 656.559 104.111
vt 666.699 133.317
vt 670.8 145.128
vt 650.018 145.29
vt 645.918 133.479
f 1015/2473/191 179/2474/191 1163/2475/191 1162/2476/191 1161/2477/191 1013/2478/191 1014/2479/191 

vt -669.65 102.362
vn 0.00778247 -4.68503e-19 -0.99997
vt -648.868 102.362
vt -648.868 110.236
vt -669.65 110.236
f 1160/2480/192 1012/2481/192 1013/2482/192 1161/2483/192 

vt 674.901 156.939
vt 654.119 157.101
f 1012/2478/161 1160/2477/161 1159/2484/161 1011/2485/161 

vt -673.659 94.4882
vt -652.877 94.4882
vt -652.877 102.362
vt -673.659 102.362
f 1158/2486/163 1010/2487/163 1011/2488/163 1159/2489/163 

vn -6.72639e-16 1 -1.43672e-15
vt 679.001 168.75
vt 658.22 168.912
f 1010/2485/193 1158/2484/193 1157/2490/193 1009/2491/193 

vt -677.667 86.6142
vt -656.885 86.6142
vt -656.885 94.4882
vt -677.667 94.4882
f 1156/2492/164 1008/2493/164 1009/2494/164 1157/2495/164 

vt 683.102 180.561
vt 662.32 180.723
f 1008/2491/161 1156/2490/161 1155/2496/161 1007/2497/161 

vt -681.676 78.7402
vt -660.894 78.7402
vt -660.894 86.6142
vt -681.676 86.6142
f 1154/2498/163 1006/2499/163 1007/2500/163 1155/2501/163 

f 1006/2497/1 1154/2496/1 1153/2397/1 1005/2396/1 

usemtl mramor
v 3056.53 480 -8290.1
vt 1.67173 9.97965
vt 1.74422 9.97965
f 1180/2502/44 1006/2503/44 1005/2406/44 1172/2405/44 

vt -4.74241 7.50315
v 3056.53 500 -8290.1
vt -4.66991 7.5093
vt -4.74241 7.5093
f 1006/2504/2 1180/2403/2 1181/2505/2 1007/2506/2 

v 2156.53 480 -8290.1
v 2156.53 500 -8290.1
vt -2.16264 7.49654
v 2156.53 520 -8290.1
vt -2.16264 7.5027
v 3056.53 520 -8290.1
vt -2.43956 7.5027
vt -2.43956 7.49654
f 1180/2413/2 1182/2412/2 1183/2507/2 1184/2508/2 1185/2509/2 1181/2510/2 

vt 3.90207 9.9669
vt 3.90207 9.97613
v 2156.53 480 -8320.1
vt 3.62515 9.97613
vt 3.62515 9.9669
f 1180/2511/159 1172/2512/159 1173/2182/159 1175/2185/159 1186/2513/159 1182/2514/159 

vt -1.82525 7.49039
vt -1.82525 7.48424
v 2156.53 460 -8320.1
vt -1.81602 7.48424
vt -1.81602 7.49039
f 1175/2515/3 1174/2516/3 1187/2517/3 1186/2518/3 

vt 1.3191 9.98888
vt 1.3948 9.98888
f 1174/2420/1 1092/2419/1 1091/2519/1 1187/2520/1 

vt -4.31728 7.49699
vt -4.31728 7.50315
vt -4.39299 7.50315
f 1187/2418/2 1091/2521/2 1090/2522/2 1186/2523/2 

vt 1.3223 9.97965
vt 1.3948 9.97965
f 1186/2520/45 1090/2519/45 1089/2524/45 1182/2525/45 

vt -4.32049 7.50315
vt -4.32049 7.5093
vt -4.39299 7.5093
f 1182/2523/2 1089/2526/2 1088/2527/2 1183/2528/2 

vn -1.53038e-16 1 1.22975e-15
vt 1.32551 9.97042
v 2156.53 500 -8260.1
vt 1.3948 9.97042
f 1183/2525/194 1088/2524/194 1087/2529/194 1188/2530/194 

v 2156.53 520 -8260.1
vt -4.39299 7.51545
vt -4.32369 7.5093
vt -4.32369 7.51545
f 1189/2531/2 1188/2528/2 1087/2532/2 1086/2533/2 

vt -1.80679 7.5027
vt -1.80679 7.49654
vt -1.79756 7.49654
vt -1.79756 7.5027
f 1184/2534/3 1183/2535/3 1188/2536/3 1189/2537/3 

v 3056.53 520 -8230.1
vt 3.90207 9.94844
vn 0 1 2.40637e-15
v 3056.53 520 -8260.1
vt 3.90207 9.95767
vt 3.62515 9.95767
v 2156.53 520 -8230.1
vt 3.62515 9.94844
f 1190/2538/195 1191/2539/195 1185/2511/195 1184/2514/195 1189/2540/195 1192/2541/195 

vt 1.67173 9.96119
vn 5.0359e-16 1 1.29061e-15
vt 1.73781 9.96119
vt 1.74102 9.97042
vt 1.67173 9.97042
f 1190/2542/196 1010/2543/196 1009/2544/196 1191/2545/196 

vt -4.736 7.51545
vt -4.66991 7.51545
v 3056.53 540 -8230.1
vt -4.66991 7.52161
vt -4.736 7.52161
f 1010/2546/2 1190/2547/2 1193/2548/2 1011/2549/2 

v 2156.53 540 -8230.1
vt -2.16264 7.50885
v 2156.53 560 -8230.1
vt -2.16264 7.51501
v 3056.53 560 -8230.1
vt -2.43956 7.51501
vt -2.43956 7.50885
f 1190/2509/2 1192/2508/2 1194/2550/2 1195/2551/2 1196/2552/2 1193/2553/2 

vt -4.39299 7.52161
vt -4.3269 7.51545
vt -4.3269 7.52161
f 1194/2554/2 1192/2531/2 1085/2555/2 1084/2556/2 

vn -3.35727e-16 1 2.46465e-15
vt 1.32871 9.96119
vt 1.3948 9.96119
f 1189/2530/197 1086/2529/197 1085/2557/197 1192/2558/197 

vn -3.35689e-16 1 2.46465e-15
vt 1.33192 9.95196
v 2156.53 540 -8200.1
vt 1.3948 9.95196
f 1194/2558/198 1084/2557/198 1083/2559/198 1197/2560/198 

v 2156.53 560 -8200.1
vt -4.39299 7.52776
vt -4.3301 7.52161
vt -4.3301 7.52776
f 1198/2561/2 1197/2554/2 1083/2562/2 1082/2563/2 

vt -1.78833 7.51501
vt -1.78833 7.50885
vt -1.7791 7.50885
vt -1.7791 7.51501
f 1195/2564/3 1194/2565/3 1197/2566/3 1198/2567/3 

vt 3.90207 9.92997
vn -4.01062e-17 1 -9.02389e-16
v 3056.53 560 -8200.1
vt 3.90207 9.9392
vt 3.62515 9.9392
vt 3.62515 9.92997
f 1177/2568/199 1199/2569/199 1196/2538/199 1195/2541/199 1198/2570/199 1178/2571/199 

vn -1.50588e-32 1 -4.81274e-15
vt 1.73461 9.95196
vt 1.67173 9.95196
f 1177/2470/200 1014/2469/200 1013/2572/200 1199/2573/200 

vt -4.73279 7.52161
v 3056.53 540 -8200.1
vt -4.66991 7.52776
vt -4.73279 7.52776
f 1012/2574/2 1200/2548/2 1199/2575/2 1013/2576/2 

vn 1.76398e-16 1 1.23381e-15
f 1011/2543/201 1193/2542/201 1200/2573/201 1012/2572/201 

vt 3.24161 7.51501
vt 3.24161 7.50885
vt 3.25084 7.50885
vt 3.25084 7.51501
f 1199/2577/5 1200/2578/5 1193/2579/5 1196/2580/5 

vn 3.5275e-16 1 -2.46761e-15
f 1198/2560/202 1082/2559/202 1081/2472/202 1178/2471/202 

vt -4.7392 7.5093
v 3056.53 500 -8260.1
vt -4.7392 7.51545
f 1008/2581/2 1201/2505/2 1191/2547/2 1009/2582/2 

vn 1.53038e-16 1 -1.17662e-15
f 1007/2503/203 1181/2502/203 1201/2545/203 1008/2544/203 

vt 3.26007 7.5027
vt 3.26007 7.49654
vt 3.2693 7.49654
vt 3.2693 7.5027
f 1191/2583/5 1201/2584/5 1181/2585/5 1185/2586/5 

usemtl FrontColor
vt 106.06 227.967
vt 85.278 227.805
f 1124/2430/187 1044/2429/187 1043/2587/187 1125/2588/187 

vt -87.0483 55.1181
vt -107.83 55.1181
vt -107.83 47.2441
vt -87.0483 47.2441
f 1125/2589/41 1043/2590/41 1045/2591/41 1126/2592/41 

vt 101.959 239.778
vt 81.1773 239.616
f 1126/2588/1 1045/2587/1 1046/2593/1 1127/2594/1 

vt -83.0397 47.2441
vt -103.822 47.2441
vt -103.822 39.3701
vt -83.0397 39.3701
f 1127/2595/41 1046/2596/41 1048/2597/41 1128/2598/41 

vt 97.8582 251.589
vt 77.0767 251.427
f 1128/2594/187 1048/2593/187 1050/2599/187 1129/2600/187 

vt -79.031 39.3701
vt -99.8132 39.3701
vt -99.8132 31.4961
vt -79.031 31.4961
f 1129/2601/41 1050/2602/41 1051/2603/41 1130/2604/41 

vt 93.7576 263.4
vt 72.976 263.238
f 1052/2605/1 1131/2606/1 1130/2600/1 1051/2599/1 

vt -95.8046 23.622
vt -75.0224 23.622
vt -75.0224 31.4961
vt -95.8046 31.4961
f 1054/2607/41 1132/2608/41 1131/2609/41 1052/2610/41 

vt 89.6569 275.211
vt 68.8753 275.049
f 1055/2611/1 1133/2612/1 1132/2606/1 1054/2605/1 

vt -91.796 15.748
vt -71.0138 15.748
vt -71.0138 23.622
vt -91.796 23.622
f 1056/2613/41 1134/2614/41 1133/2615/41 1055/2616/41 

f 1057/2292/1 1135/2291/1 1134/2612/1 1056/2611/1 

vt -87.7874 7.87402
vt -67.0052 7.87402
vt -67.0052 15.748
vt -87.7874 15.748
f 1059/2617/41 1096/2618/41 1135/2619/41 1057/2620/41 

usemtl mramor
vt 3.95383 9.90715
vn 1.24816e-15 1 3.44217e-16
vt 3.98485 9.94959
vt 4.07028 10.1957
vt 4.05404 10.1958
f 1016/2621/204 1165/2622/204 1141/2623/204 1017/2624/204 

vt 0.0825499 7.44161
vt 0.245341 7.44161
vt 0.245341 7.62622
vt 0.0825499 7.62622
f 1148/2625/11 1144/2626/11 1142/2627/11 1141/2628/11 

usemtl FrontColor
vt -724.109 298.671
vt -703.327 298.833
vt -724.165 298.833
f 1166/2629/8 1019/2630/8 1151/2631/8

vt -700.98 7.87402
vt -721.762 7.87402
vt -721.762 2.28803e-16
vt -700.98 2.28803e-16
f 998/2632/163 1167/2633/163 1166/2634/163 1019/2635/163 

vt 699.226 287.022
vt 720.008 286.86
vt 724.109 298.671
vt 703.327 298.833
f 996/2636/161 1168/2637/161 1167/2638/161 998/2639/161 

vt -717.754 7.87402
vt -696.972 7.87402
vt -696.972 15.748
vt -717.754 15.748
f 1168/2640/163 996/2641/163 997/2642/163 1169/2643/163 

f 1020/2133/1 1170/2132/1 1169/2637/1 997/2636/1 

vt -692.963 23.622
vt -713.745 23.622
vt -713.745 15.748
vt -692.963 15.748
f 1021/2644/163 1024/2645/163 1170/2646/163 1020/2647/163 

usemtl mramor
vt -2.5377 7.44116
vt -2.5377 7.44731
f 1020/2648/2 986/2236/2 989/2122/2 1021/2649/2 

vt 1.76986 10.0535
vt 1.77307 10.0627
vt 1.67173 10.0627
f 986/2063/1 1020/2650/1 997/2651/1 990/2652/1 

vt -2.54411 7.42885
vt -2.54411 7.43501
f 1019/2653/2 1062/2233/2 995/2237/2 998/2654/2 

vt 1.3948 7.44161
vt 1.67173 7.44161
vt 1.67173 7.62622
vt 1.3948 7.62622
f 1072/2655/4 1071/2656/4 1139/2657/4 1138/2658/4 

vt -2.18919 7.44161
vn -0.807331 -3.57492e-17 0.590099
vt -2.08558 7.44161
v 1991.3 707.8 -9156.15
vt -2.08558 7.57324
v 2079.82 707.8 -9035.05
vt -2.03943 7.57324
vt -2.03943 7.44161
vt -1.99943 7.44161
vt -1.99943 7.62622
vt -2.18919 7.62622
f 1077/2659/205 1076/2660/205 1202/2661/205 1203/2662/205 1073/2663/205 1072/2664/205 1138/2665/205 1137/2666/205 

vt 1.98446 7.57324
vn 0.590099 -3.97311e-16 0.807331
vt 1.98446 7.44161
vt 1.99985 7.44161
vt 1.99985 7.57324
f 1202/2667/206 1076/2668/206 1075/2669/206 1106/2670/206 

vt -0.812611 10.1355
vn -2.19421e-16 -1 1.60381e-16
vt -0.785376 10.1727
vt -0.797796 10.1818
vt -0.825031 10.1445
f 1203/2671/207 1202/2672/207 1106/2673/207 1105/2674/207 

vt -2.3298 7.44161
vn -0.590099 -6.01247e-31 -0.807331
vt -2.3298 7.57324
vt -2.34518 7.57324
vt -2.34518 7.44161
f 1073/2675/208 1203/2676/208 1105/2677/208 1074/2678/208 

vt 1.98748 7.44161
vt 2.11514 7.44161
vt 2.11514 7.62622
vt 1.98748 7.62622
f 1064/2679/16 1077/2680/16 1137/2681/16 1078/2682/16 

vt -2.05809 7.42885
vt -2.05809 7.43501
f 1063/2234/2 1065/2683/2 1061/2684/2 1060/2235/2 

vt -2.16264 7.45962
vt -2.43956 7.45962
f 979/2123/2 985/2212/2 1049/2685/2 972/2037/2 971/2036/2 975/2686/2 

vt -1.86217 7.46577
vt -1.86217 7.45962
vt -1.85294 7.45962
vt -1.85294 7.46577
f 972/2687/3 1049/2688/3 1047/2689/3 973/2690/3 

g Mesh17 Group18 Group2 Model

v 3855.14 880 -9961.14
vt 1.91745 10.8474
v 3564.61 880 -9150.58
vt 1.82806 10.598
v 3587.52 880 -9081.12
vt 1.83511 10.5766
v 3902.72 880 -9960.54
vt 1.93209 10.8472
f 1204/2691/1 1205/2692/1 1206/2693/1 1207/2694/1 

v 3855.14 280 -9961.14
vt -2.88703 7.42885
v 3564.61 280 -9150.58
vt -2.62208 7.42885
vt -2.62208 7.61347
vt -2.88703 7.61347
f 1208/2695/14 1209/2696/14 1205/2697/14 1204/2698/14 

v 3723.35 280 -10360.7
vt 1.8769 10.9703
v 3344.57 280 -9842.48
vt 1.76035 10.8109
v 3039.64 280 -8991.73
vt 1.66653 10.5491
v 3437.47 280 -9536.02
vt 1.78894 10.7166
f 1209/2692/1 1208/2691/1 1210/2699/1 1211/2700/1 1212/2701/1 1213/2702/1 

vt -2.27311 7.42885
vt -2.14365 7.42885
vt -2.14365 7.61347
v 3723.35 880 -10360.7
vt -2.27311 7.61347
f 1210/2703/13 1208/2704/13 1204/2705/13 1214/2706/13 

v 3756.63 880 -10403.5
vt 1.88714 10.9835
v 3753.08 880 -10414.2
vt 1.88605 10.9868
v 3902.72 880 -10831.7
vt 1.93209 11.1152
v 3738.67 880 -11329.1
vt 1.88162 11.2683
v 3383.23 880 -10842.8
vt 1.77225 11.1186
v 3222.83 880 -11329.1
vt 1.7229 11.2683
v 2775.76 880 -10717.4
vt 1.58534 11.0801
v 2437.29 880 -10717.4
vt 1.48119 11.0801
v 1990.22 880 -11329.1
vt 1.34363 11.2683
v 1829.83 880 -10842.8
vt 1.29428 11.1186
v 1474.38 880 -11329.1
vt 1.18491 11.2683
v 1310.33 880 -10831.7
vt 1.13443 11.1152
v 1459.97 880 -10414.2
vt 1.18048 10.9868
v 1310.33 880 -9960.54
vt 1.13443 10.8472
v 1357.91 880 -9961.14
vt 1.14908 10.8474
v 1489.7 880 -10360.7
vt 1.18963 10.9703
v 1507.04 880 -10413.2
vt 1.19496 10.9865
v 1507.55 880 -10414.8
vt 1.19512 10.987
v 1357.91 880 -10832.3
vt 1.14908 11.1154
v 1489.7 880 -11231.9
vt 1.18963 11.2384
v 1845.14 880 -10745.6
vt 1.29899 11.0887
v 1873.75 880 -10832.3
vt 1.3078 11.1154
v 2005.54 880 -11231.9
vt 1.34835 11.2384
v 2414.45 880 -10672.4
vt 1.47416 11.0662
v 2798.61 880 -10672.4
vt 1.59237 11.0662
v 3207.51 880 -11231.9
vt 1.71818 11.2384
v 3339.3 880 -10832.3
vt 1.75873 11.1154
v 3367.91 880 -10745.6
vt 1.76754 11.0887
v 3723.35 880 -11231.9
vt 1.8769 11.2384
v 3855.14 880 -10832.3
vt 1.91745 11.1154
v 3703.89 880 -10410.3
vt 1.87092 10.9856
f 1214/2699/1 1204/2691/1 1207/2694/1 1215/2707/1 1216/2708/1 1217/2709/1 1218/2710/1 1219/2711/1 1220/2712/1 1221/2713/1 1222/2714/1 1223/2715/1 1224/2716/1 1225/2717/1 1226/2718/1 1227/2719/1 1228/2720/1 1229/2721/1 1230/2722/1 1231/2723/1 1232/2724/1 1233/2725/1 1234/2726/1 1235/2727/1 1236/2728/1 1237/2729/1 1238/2730/1 1239/2731/1 1240/2732/1 1241/2733/1 1242/2734/1 1243/2735/1 1244/2736/1 1245/2737/1 

v 3902.72 280 -9960.54
vt 3.6014 7.42885
v 3756.63 280 -10403.5
vt 3.74491 7.42885
vt 3.74491 7.61347
vt 3.6014 7.61347
f 1246/2738/11 1247/2739/11 1215/2740/11 1207/2741/11 

v 3753.08 280 -10414.2
vt 3.74839 7.42885
vt 3.74839 7.61347
f 1247/2739/11 1248/2742/11 1216/2743/11 1215/2740/11 

vt 4.47017 7.42885
v 3902.72 280 -10831.7
vt 4.60663 7.42885
vt 4.60663 7.61347
vt 4.47017 7.61347
f 1248/2744/12 1249/2745/12 1217/2746/12 1216/2747/12 

vt 3.85596 7.42885
v 3738.67 280 -11329.1
vt 4.01711 7.42885
vt 4.01711 7.61347
vt 3.85596 7.61347
f 1249/2748/11 1250/2749/11 1218/2750/11 1217/2751/11 

vt -3.04725 7.42885
v 3383.23 280 -10842.8
vt -2.86191 7.42885
vt -2.86191 7.61347
vt -3.04725 7.61347
f 1250/2752/9 1251/2753/9 1219/2754/9 1218/2755/9 

vt 3.90927 7.42885
v 3222.83 280 -11329.1
vt 4.06683 7.42885
vt 4.06683 7.61347
vt 3.90927 7.61347
f 1251/2756/11 1252/2757/11 1220/2758/11 1219/2759/11 

vt -2.95359 7.42885
v 2775.76 280 -10717.4
vt -2.72048 7.42885
vt -2.72048 7.61347
vt -2.95359 7.61347
f 1252/2760/9 1253/2761/9 1221/2762/9 1220/2763/9 

vt -0.122824 7.42885
v 2437.29 280 -10717.4
vt -0.0186804 7.42885
vt -0.0186804 7.61347
vt -0.122824 7.61347
f 1253/2764/2 1254/2765/2 1222/2766/2 1221/2767/2 

vt 3.23646 7.42885
v 1990.22 280 -11329.1
vt 3.46957 7.42885
vt 3.46957 7.61347
vt 3.23646 7.61347
f 1254/2768/20 1255/2769/20 1223/2770/20 1222/2771/20 

vt -3.10676 7.42885
v 1829.83 280 -10842.8
vt -2.9492 7.42885
vt -2.9492 7.61347
vt -3.10676 7.61347
f 1255/2772/7 1256/2773/7 1224/2774/7 1223/2775/7 

vt 3.3779 7.42885
v 1474.38 280 -11329.1
vt 3.56323 7.42885
vt 3.56323 7.61347
vt 3.3779 7.61347
f 1256/2776/20 1257/2777/20 1225/2778/20 1224/2779/20 

vt -3.05704 7.42885
v 1310.33 280 -10831.7
vt -2.89589 7.42885
vt -2.89589 7.61347
vt -3.05704 7.61347
f 1257/2780/7 1258/2781/7 1226/2782/7 1225/2783/7 

vt -2.60291 7.42885
v 1459.97 280 -10414.2
vt -2.46645 7.42885
vt -2.46645 7.61347
vt -2.60291 7.61347
f 1258/2784/19 1259/2785/19 1227/2786/19 1226/2787/19 

vt -2.78832 7.42885
v 1310.33 280 -9960.54
vt -2.64133 7.42885
vt -2.64133 7.61347
vt -2.78832 7.61347
f 1259/2788/7 1260/2789/7 1228/2790/7 1227/2791/7 

vt -2.35058 7.42885
v 1625.54 280 -9081.12
vt -2.06314 7.42885
v 1625.54 880 -9081.12
vt -2.06314 7.61347
vt -2.35058 7.61347
f 1260/2792/19 1261/2793/19 1262/2794/19 1228/2795/19 

usemtl FrontColor
vt -95.3359 236.22
v 1648.44 880 -9150.58
vt -124.129 236.22
v 1648.44 280 -9150.58
vt -124.129 0
vt -95.3359 0
f 1262/2796/7 1263/2797/7 1264/2798/7 1261/2799/7 

usemtl mramor
vt 1.23142 10.5766
vt 1.23847 10.598
f 1228/2720/1 1262/2800/1 1263/2801/1 1229/2721/1 

vt 3.54339 7.42885
v 1357.91 280 -9961.14
vt 3.80833 7.42885
vt 3.80833 7.61347
vt 3.54339 7.61347
f 1264/2802/18 1265/2803/18 1229/2804/18 1263/2805/18 

v 1489.7 280 -10360.7
vt 1.27759 10.7166
v 2173.42 280 -8991.73
vt 1.4 10.5491
v 1868.49 280 -9842.48
vt 1.30617 10.8109
f 1266/2722/1 1265/2721/1 1264/2801/1 1101/2806/1 1267/2807/1 1268/2808/1 

vt 4.10861 7.42885
vt 4.23806 7.42885
vt 4.23806 7.61347
vt 4.10861 7.61347
f 1265/2809/16 1266/2810/16 1230/2811/16 1229/2812/16 

v 1507.04 280 -10413.2
vt 4.25509 7.42885
vt 4.25509 7.61347
f 1266/2810/16 1269/2813/16 1231/2814/16 1230/2811/16 

v 3339.3 280 -9961.14
vt 1.75873 10.8474
v 2987.67 280 -8980.1
vt 1.65054 10.5455
v 3703.89 280 -10410.3
v 3383.23 280 -9971.62
vt 1.77225 10.8506
v 3237.25 280 -10414.2
vt 1.72733 10.9868
v 3344.57 280 -10713.6
vt 1.76035 11.0789
v 3367.91 280 -10745.6
v 3339.3 280 -10832.3
v 3188.06 280 -10410.3
vt 1.7122 10.9856
v 2775.76 280 -9846.26
vt 1.58534 10.812
v 2437.29 280 -9846.26
vt 1.48119 10.812
v 2025 280 -10410.3
vt 1.35433 10.9856
v 1873.75 280 -10832.3
v 1845.14 280 -10745.6
v 1868.49 280 -10713.6
vt 1.30617 11.0789
v 1975.81 280 -10414.2
vt 1.3392 10.9868
v 1829.83 280 -9971.62
vt 1.29428 10.8506
v 2225.39 280 -8980.1
vt 1.41599 10.5455
v 1873.75 280 -9961.14
vt 1.3078 10.8474
v 2005.54 280 -10360.7
vt 1.34835 10.9703
v 2414.45 280 -9801.26
vt 1.47416 10.7982
v 2798.61 280 -9801.26
vt 1.59237 10.7982
v 3207.51 280 -10360.7
vt 1.71818 10.9703
f 1270/2815/1 1271/2816/1 1212/2701/1 1211/2700/1 1210/2699/1 1272/2737/1 1273/2817/1 1274/2818/1 1275/2819/1 1276/2734/1 1277/2733/1 1278/2820/1 1279/2821/1 1280/2822/1 1281/2823/1 1282/2728/1 1283/2727/1 1284/2824/1 1285/2825/1 1286/2826/1 1269/2723/1 1266/2722/1 1268/2808/1 1267/2807/1 1287/2827/1 1288/2828/1 1289/2829/1 1290/2830/1 1291/2831/1 1292/2832/1 

f 1287/2827/1 1271/2816/1 1270/2815/1 1292/2832/1 1291/2831/1 1290/2830/1 1289/2829/1 1288/2828/1 

v 1792.6 280 -9428
vt 1.28283 10.6833
v 2156.53 280 -8930.1
vt 1.3948 10.5301
v 3056.53 280 -8930.1
vt 1.67173 10.5301
v 3420.45 280 -9428
vt 1.7837 10.6833
v 3550.42 280 -9033.99
vt 1.82369 10.5621
v 3587.52 280 -9081.12
f 1267/2807/1 1101/2806/1 1293/2833/1 1294/2834/1 1295/2835/1 1296/2836/1 1297/2837/1 1298/2693/1 1209/2692/1 1213/2702/1 1212/2701/1 1271/2816/1 1287/2827/1 

v 1609.85 280 -9033.58
vt 1.2266 10.562
v 1662.64 280 -9033.99
vt 1.24284 10.5621
f 1264/2801/1 1261/2800/1 1299/2838/1 1300/2839/1 1293/2833/1 1101/2806/1 

vt -1.9123 7.61347
vt -1.9348 7.61347
vt -1.9348 7.42885
vt -1.9123 7.42885
f 1206/2840/13 1205/2841/13 1209/2842/13 1298/2843/13 

vt 4.06686 7.42885
vt 4.3543 7.42885
vt 4.3543 7.61347
vt 4.06686 7.61347
f 1298/2844/12 1246/2845/12 1207/2846/12 1206/2847/12 

vt -2.16436 7.42885
vn -0.931045 0 0.364903
vt -2.14795 7.42885
vt -2.14795 7.61347
vt -2.16436 7.61347
f 1272/2848/209 1210/2849/209 1214/2850/209 1245/2851/209 

v 3855.14 280 -10832.3
vt -3.13936 7.42885
vt -3.00143 7.42885
vt -3.00143 7.61347
vt -3.13936 7.61347
f 1301/2852/14 1272/2853/14 1245/2854/14 1244/2855/14 

v 3723.35 280 -11231.9
f 1275/2819/1 1274/2818/1 1273/2817/1 1272/2737/1 1301/2736/1 1302/2735/1 1276/2734/1 

vt -2.52767 7.42885
vt -2.39821 7.42885
vt -2.39821 7.61347
vt -2.52767 7.61347
f 1302/2856/13 1301/2857/13 1244/2858/13 1243/2859/13 

vt 4.2975 7.42885
vt 4.48283 7.42885
vt 4.48283 7.61347
vt 4.2975 7.61347
f 1276/2860/15 1302/2861/15 1243/2862/15 1242/2863/15 

vt -2.44793 7.42885
vt -2.41983 7.42885
vt -2.41983 7.61347
vt -2.44793 7.61347
f 1277/2864/13 1276/2865/13 1242/2866/13 1241/2867/13 

v 3207.51 280 -11231.9
vt -2.57738 7.42885
vt -2.57738 7.61347
f 1303/2868/13 1277/2864/13 1241/2867/13 1240/2869/13 

v 2798.61 280 -10672.4
v 2414.45 280 -10672.4
v 2005.54 280 -11231.9
f 1278/2820/1 1277/2733/1 1303/2732/1 1304/2731/1 1305/2730/1 1306/2729/1 1282/2728/1 1281/2823/1 1280/2822/1 1279/2821/1 

vt 4.17596 7.42885
vt 4.38917 7.42885
vt 4.38917 7.61347
vt 4.17596 7.61347
f 1304/2870/15 1303/2871/15 1240/2872/15 1239/2873/15 

vt 1.47416 7.42885
vt 1.59237 7.42885
vt 1.59237 7.61347
vt 1.47416 7.61347
f 1305/2874/4 1304/2875/4 1239/2876/4 1238/2877/4 

vt -1.98013 7.42885
vt -1.76692 7.42885
vt -1.76692 7.61347
vt -1.98013 7.61347
f 1306/2878/17 1305/2879/17 1238/2880/17 1237/2881/17 

vt 4.41289 7.42885
vt 4.54234 7.42885
vt 4.54234 7.61347
vt 4.41289 7.61347
f 1282/2882/16 1306/2883/16 1237/2884/16 1236/2885/16 

vt 4.38478 7.42885
vt 4.38478 7.61347
f 1283/2886/16 1282/2882/16 1236/2885/16 1235/2887/16 

v 1489.7 280 -11231.9
vt -2.07379 7.42885
vt -1.88846 7.42885
vt -1.88846 7.61347
vt -2.07379 7.61347
f 1307/2888/17 1283/2889/17 1235/2890/17 1234/2891/17 

v 1357.91 280 -10832.3
v 1507.55 280 -10414.8
f 1284/2824/1 1283/2727/1 1307/2726/1 1308/2725/1 1309/2724/1 1269/2723/1 1286/2826/1 1285/2825/1 

vt 4.36317 7.42885
vt 4.49262 7.42885
vt 4.49262 7.61347
vt 4.36317 7.61347
f 1308/2892/16 1307/2893/16 1234/2894/16 1233/2895/16 

vt 3.9242 7.42885
vt 4.06066 7.42885
vt 4.06066 7.61347
vt 3.9242 7.61347
f 1309/2896/18 1308/2897/18 1233/2898/18 1232/2899/18 

vt 4.2556 7.42885
vt 4.2556 7.61347
f 1269/2813/16 1309/2900/16 1232/2901/16 1231/2814/16 

g Mesh18 Group19 Group2 Model

v 3340.94 1680 -1031.32
vt 1.75924 7.74618
vn 9.7248e-16 1 1.15169e-14
v 3002.38 1680 -1031.32
vt 1.65506 7.74618
v 2977.67 1680 -1001.32
vt 1.64746 7.73695
v 3330.52 1680 -1001.32
vt 1.75603 7.73695
v 3330.66 1680 -1001.73
vt 1.75608 7.73708
f 1310/2902/210 1311/2903/210 1312/2904/210 1313/2905/210 1314/2906/210 

vt 1.75924 7.74003
v 3340.94 1660 -1031.32
v 3002.38 1660 -1031.32
vt 1.65506 7.74003
f 1310/2907/2 1315/2902/2 1316/2903/2 1311/2908/2 

v 3393.87 1660 -1031.32
vt 1.77552 7.74618
vn 2.72791e-15 -2.19386e-31 -1
v 3393.87 1680 -1031.32
vt 1.77552 7.74003
f 1317/2909/211 1315/2902/211 1310/2907/211 1318/2910/211 

vn 3.88489e-15 1 4.04442e-15
v 3404.28 1660 -1061.32
vt 1.77873 7.75541
v 3351.35 1660 -1061.32
vt 1.76244 7.75541
v 3341.08 1660 -1031.73
vt 1.75928 7.74631
f 1315/2902/212 1317/2909/212 1319/2911/212 1320/2912/212 1321/2913/212 

v 3362.62 1720 -941.323
vt 1.69557 7.74291
vn -0.944683 -1.41201e-15 -0.327985
v 3362.62 1740 -941.323
vt 1.70138 7.74089
v 3348.74 1740 -901.346
vt 1.69711 7.72859
v 3348.74 1962 -901.346
vt 1.76164 7.70619
v 3708.08 1962 -1936.34
vt 1.8722 8.02465
v 3708.08 1400 -1936.34
vt 1.70885 8.08136
v 3529.27 1400 -1421.32
vt 1.65383 7.9229
v 3529.27 1420 -1421.32
vt 1.65964 7.92088
v 3518.85 1420 -1391.32
vt 1.65644 7.91165
v 3518.85 1440 -1391.32
vt 1.66225 7.90963
v 3508.44 1440 -1361.32
vt 1.65904 7.9004
v 3508.44 1460 -1361.32
vt 1.66486 7.89838
v 3498.02 1460 -1331.32
vt 1.66165 7.88915
v 3498.02 1480 -1331.32
vt 1.66747 7.88713
v 3487.61 1480 -1301.32
vt 1.66426 7.8779
v 3487.61 1500 -1301.32
vt 1.67008 7.87588
v 3477.19 1500 -1271.32
vt 1.66687 7.86665
v 3477.19 1520 -1271.32
vt 1.67268 7.86463
v 3466.78 1520 -1241.32
vt 1.66948 7.8554
v 3466.78 1540 -1241.32
vt 1.67529 7.85338
v 3456.36 1540 -1211.32
vt 1.67209 7.84415
v 3456.36 1560 -1211.32
vt 1.6779 7.84214
v 3445.94 1560 -1181.32
vt 1.6747 7.8329
v 3445.94 1580 -1181.32
vt 1.68051 7.83089
v 3435.53 1580 -1151.32
vt 1.67731 7.82166
v 3435.53 1600 -1151.32
vt 1.68312 7.81964
v 3425.11 1600 -1121.32
vt 1.67991 7.81041
v 3425.11 1620 -1121.32
vt 1.68573 7.80839
v 3414.7 1620 -1091.32
vt 1.68252 7.79916
v 3414.7 1640 -1091.32
vt 1.68834 7.79714
v 3404.28 1640 -1061.32
vt 1.68513 7.78791
vt 1.69094 7.78589
vt 1.68774 7.77666
vt 1.69355 7.77464
v 3383.45 1680 -1001.32
vt 1.69035 7.76541
v 3383.45 1700 -1001.32
vt 1.69616 7.76339
v 3373.03 1700 -971.323
vt 1.69296 7.75416
v 3373.03 1720 -971.323
vt 1.69877 7.75214
f 1322/2914/213 1323/2915/213 1324/2916/213 1325/2917/213 1326/2918/213 1327/2919/213 1328/2920/213 1329/2921/213 1330/2922/213 1331/2923/213 1332/2924/213 1333/2925/213 1334/2926/213 1335/2927/213 1336/2928/213 1337/2929/213 1338/2930/213 1339/2931/213 1340/2932/213 1341/2933/213 1342/2934/213 1343/2935/213 1344/2936/213 1345/2937/213 1346/2938/213 1347/2939/213 1348/2940/213 1349/2941/213 1350/2942/213 1351/2943/213 1352/2944/213 1319/2945/213 1317/2946/213 1318/2947/213 1353/2948/213 1354/2949/213 1355/2950/213 1356/2951/213 

vt 1.76591 7.71234
vn 2.72791e-15 0 -1
vt 1.76591 7.71849
v 3309.69 1720 -941.323
vt 1.74962 7.71849
v 3309.69 1740 -941.323
vt 1.74962 7.71234
f 1323/2952/214 1322/2953/214 1357/2954/214 1358/2955/214 

vt 1.76911 7.72772
v 3320.11 1720 -971.323
vt 1.75283 7.72772
v 3309.83 1720 -941.734
vt 1.74967 7.71862
f 1357/2954/1 1322/2953/1 1356/2956/1 1359/2957/1 1360/2958/1 

vn 2.72791e-15 9.32422e-32 -1
vt 1.76911 7.73387
v 3320.11 1700 -971.323
vt 1.75283 7.73387
f 1359/2957/215 1356/2956/215 1355/2959/215 1361/2960/215 

vn 1.47442e-15 1 3.6352e-14
vt 1.77232 7.73695
v 3330.52 1700 -1001.32
v 3320.25 1700 -971.734
vt 1.75287 7.72785
f 1361/2957/216 1355/2956/216 1354/2961/216 1362/2905/216 1363/2962/216 

vt 1.75603 7.7308
vt 1.77232 7.7308
f 1353/2961/214 1313/2905/214 1362/2963/214 1354/2964/214 

vn -4.30237e-17 1 1.93099e-14
f 1313/2905/217 1353/2961/217 1318/2909/217 1310/2902/217 1314/2906/217 

vt 1.70133 7.74077
vn -0.944683 -6.28457e-15 -0.327985
v 3304.44 1740 -926.211
vt 1.69972 7.73612
v 3304.44 1962 -926.211
vt 1.76425 7.71371
v 3655.29 1962 -1936.75
v 3655.29 1400 -1936.75
v 3476.48 1400 -1421.73
v 3476.48 1420 -1421.73
v 3476.34 1420 -1421.32
vt 1.6596 7.92075
v 3466.07 1420 -1391.73
v 3466.07 1440 -1391.73
v 3465.93 1440 -1391.32
vt 1.66221 7.9095
v 3455.65 1440 -1361.73
v 3455.65 1460 -1361.73
v 3455.51 1460 -1361.32
vt 1.66481 7.89825
v 3445.24 1460 -1331.73
v 3445.24 1480 -1331.73
v 3445.09 1480 -1331.32
vt 1.66742 7.88701
v 3434.82 1480 -1301.73
v 3434.82 1500 -1301.73
v 3434.68 1500 -1301.32
vt 1.67003 7.87576
v 3424.41 1500 -1271.73
v 3424.41 1520 -1271.73
v 3424.26 1520 -1271.32
vt 1.67264 7.86451
v 3413.99 1520 -1241.73
v 3413.99 1540 -1241.73
v 3413.85 1540 -1241.32
vt 1.67525 7.85326
v 3403.57 1540 -1211.73
v 3403.57 1560 -1211.73
v 3403.43 1560 -1211.32
vt 1.67786 7.84201
v 3393.16 1560 -1181.73
v 3393.16 1580 -1181.73
v 3393.02 1580 -1181.32
vt 1.68047 7.83076
v 3382.74 1580 -1151.73
v 3382.74 1600 -1151.73
v 3382.6 1600 -1151.32
vt 1.68307 7.81951
v 3372.33 1600 -1121.73
v 3372.33 1620 -1121.73
v 3372.18 1620 -1121.32
vt 1.68568 7.80826
v 3361.91 1620 -1091.73
v 3361.91 1640 -1091.73
v 3361.77 1640 -1091.32
vt 1.68829 7.79701
v 3351.5 1640 -1061.73
v 3351.5 1660 -1061.73
vt 1.6909 7.78576
v 3341.08 1680 -1031.73
vt 1.69351 7.77451
v 3330.66 1700 -1001.73
vt 1.69612 7.76327
v 3320.25 1720 -971.734
vt 1.69873 7.75202
v 3309.83 1740 -941.734
f 1358/2965/218 1364/2966/218 1365/2967/218 1366/2918/218 1367/2919/218 1368/2920/218 1369/2921/218 1370/2968/218 1371/2922/218 1372/2923/218 1373/2969/218 1374/2924/218 1375/2925/218 1376/2970/218 1377/2926/218 1378/2927/218 1379/2971/218 1380/2928/218 1381/2929/218 1382/2972/218 1383/2930/218 1384/2931/218 1385/2973/218 1386/2932/218 1387/2933/218 1388/2974/218 1389/2934/218 1390/2935/218 1391/2975/218 1392/2936/218 1393/2937/218 1394/2976/218 1395/2938/218 1396/2939/218 1397/2977/218 1398/2940/218 1399/2941/218 1400/2978/218 1401/2942/218 1402/2943/218 1403/2979/218 1404/2944/218 1405/2945/218 1320/2980/218 1321/2946/218 1406/2947/218 1310/2981/218 1314/2948/218 1407/2949/218 1362/2982/218 1363/2950/218 1408/2951/218 1359/2983/218 1360/2914/218 1409/2915/218 

v 3292.18 1740 -911.323
vt 1.74424 7.70926
vt 1.74801 7.71384
v 2928.27 1740 -941.323
vt 1.63226 7.71849
v 2903.56 1740 -911.323
vt 1.62466 7.70926
f 1410/2984/1 1364/2985/1 1358/2954/1 1411/2986/1 1412/2987/1 

v 3298.12 1740 -907.992
vt 1.74606 7.70823
f 1410/2984/1 1413/2988/1 1364/2985/1

vn 0.489506 2.2794e-15 -0.872
v 3292.18 1760 -911.323
vt 1.74122 7.70389
v 3328.38 1760 -891.004
vt 1.75236 7.69764
v 3336.48 1760 -886.458
vt 1.75485 7.69624
v 3336.48 1740 -886.458
vt 1.75787 7.70161
f 1410/2984/219 1414/2989/219 1415/2990/219 1416/2991/219 1417/2992/219 1413/2988/219 

vt 1.74424 7.7031
v 2903.56 1760 -911.323
vt 1.62466 7.7031
f 1414/2993/2 1410/2984/2 1412/2987/2 1418/2994/2 

v 3193.37 1840 -791.323
vt 1.68485 7.6962
vn -0.771961 -1.6398e-14 -0.63567
v 3168.67 1840 -761.323
vt 1.67725 7.68697
v 2902.95 1840 -438.634
vt 1.59549 7.58768
v 2678.25 1840 -165.76
vt 1.52636 7.50372
v 2606.53 1840 -78.6572
vt 1.50429 7.47692
v 2606.53 1962 -78.6572
vt 1.53326 7.45305
vt 1.69528 7.75726
vt 1.69151 7.75268
vt 1.69626 7.74877
v 3267.48 1760 -881.323
vt 1.68865 7.73954
v 3267.48 1780 -881.323
vt 1.69341 7.73563
v 3242.78 1780 -851.323
vt 1.6858 7.72639
v 3242.78 1800 -851.323
vt 1.69055 7.72248
v 3218.07 1800 -821.323
vt 1.68295 7.71325
v 3218.07 1820 -821.323
vt 1.6877 7.70934
v 3193.37 1820 -791.323
vt 1.6801 7.70011
f 1419/2995/220 1420/2996/220 1421/2997/220 1422/2998/220 1423/2999/220 1424/3000/220 1365/2985/220 1364/3001/220 1410/3002/220 1414/3003/220 1425/3004/220 1426/3005/220 1427/3006/220 1428/3007/220 1429/3008/220 1430/3009/220 1431/3010/220 

v 2804.75 1840 -791.323
vt 1.59426 7.67234
v 2780.05 1840 -761.323
vt 1.58666 7.6631
vt 1.70623 7.6631
vt 1.71383 7.67234
f 1432/3011/1 1433/3012/1 1420/3013/1 1419/3014/1 

v 2829.45 1840 -821.323
vt 1.60186 7.68157
v 2383.6 1840 -821.323
vt 1.46467 7.68157
v 2408.3 1840 -791.323
vt 1.47227 7.67234
v 2433.01 1840 -761.323
vt 1.47987 7.6631
f 1433/3012/1 1432/3011/1 1434/3015/1 1435/3016/1 1436/3017/1 1437/3018/1 

vt 1.58951 7.67625
vn 0.771961 -3.0177e-18 0.63567
v 2804.75 1820 -791.323
v 2829.45 1820 -821.323
vt 1.59711 7.68548
f 1432/3019/221 1438/3011/221 1439/3015/221 1434/3020/221 

vt 1.71383 7.66618
vt 1.59426 7.66618
f 1419/3021/2 1431/3014/2 1438/3011/2 1432/3022/2 

vt 1.71082 7.66697
vn 0.489506 4.76303e-16 -0.872
v 3229.57 1840 -771.004
vt 1.72196 7.66072
v 3237.66 1840 -766.458
vt 1.72445 7.65932
v 3237.66 1820 -766.458
vt 1.72746 7.66468
f 1419/3023/222 1440/3024/222 1441/3025/222 1442/3026/222 1431/3014/222 

vt 1.62447 7.56382
v 2934.49 1840 -412.661
vt 1.63418 7.55582
v 3221.59 1840 -761.323
vt 1.72252 7.6631
vt 1.72497 7.66608
f 1421/3027/1 1443/3028/1 1444/3029/1 1440/3030/1 1419/3014/1 1420/3013/1 

vt 1.55533 7.47985
v 2709.79 1840 -139.788
vt 1.56504 7.47186
f 1422/3031/1 1445/3032/1 1443/3028/1 1421/3027/1 

v 2606.53 1840 -6.21746e-12
vt 1.53326 7.42885
v 2716.85 1840 -133.977
vt 1.56721 7.47008
f 1445/3032/1 1422/3031/1 1423/3000/1 1446/3033/1 1447/3034/1 

v 2044.39 1840 -761.323
vt 1.3603 7.6631
f 1420/3013/1 1433/3012/1 1437/3018/1 1448/3035/1 1423/3000/1 1422/3031/1 1421/3027/1 

v 2019.68 1840 -791.323
vt 1.3527 7.67234
f 1436/3017/1 1449/3036/1 1448/3035/1 1437/3018/1 

v 2408.3 1820 -791.323
v 2019.68 1820 -791.323
vt 1.3527 7.66618
vt 1.47227 7.66618
f 1450/3017/2 1451/3036/2 1449/3037/2 1436/3038/2 

vn 1.58315e-32 1 -9.62549e-15
v 2383.6 1820 -821.323
v 1994.98 1820 -821.323
vt 1.3451 7.68157
f 1450/3017/223 1452/3016/223 1453/3039/223 1451/3036/223 

vt 1.46942 7.68548
vn -0.771961 1.31795e-17 0.63567
vt 1.47702 7.67625
f 1435/3040/224 1452/3016/224 1450/3017/224 1436/3041/224 

v 2829.45 1800 -821.323
v 2383.6 1800 -821.323
vt 1.46467 7.67541
vt 1.46467 7.66926
vt 1.60186 7.66926
vt 1.60186 7.67541
f 1454/3015/2 1455/3016/2 1452/3042/2 1435/3043/2 1434/3044/2 1439/3045/2 

v 2854.16 1800 -851.323
vt 1.60946 7.6908
vn 4.47961e-31 1 1.20319e-15
v 2878.86 1800 -881.323
vt 1.61706 7.70003
v 2334.19 1800 -881.323
vt 1.44947 7.70003
v 2358.9 1800 -851.323
vt 1.45707 7.6908
f 1456/3046/225 1457/3047/225 1458/3048/225 1459/3049/225 1455/3016/225 1454/3015/225 

vt 1.60471 7.69471
vn 0.771961 -1.22253e-18 0.63567
v 2854.16 1780 -851.323
v 2878.86 1780 -881.323
vt 1.61231 7.70394
f 1456/3050/226 1460/3046/226 1461/3047/226 1457/3051/226 

vt 1.72903 7.68464
vt 1.72903 7.6908
vt 1.60946 7.68464
f 1428/3052/2 1427/3053/2 1460/3046/2 1456/3054/2 

vt 1.72602 7.68543
v 3278.97 1800 -831.004
vt 1.73716 7.67918
v 3287.07 1800 -826.458
vt 1.73965 7.67778
v 3287.07 1780 -826.458
vt 1.74266 7.68315
f 1428/3055/222 1462/3056/222 1463/3057/222 1464/3058/222 1427/3053/222 

vt 1.74017 7.68455
vt 1.72143 7.68157
v 3262.37 1800 -796.458
vt 1.73506 7.67392
v 3275.23 1800 -826.458
vt 1.73902 7.68315
f 1462/3059/1 1428/3053/1 1429/3060/1 1465/3061/1 1463/3058/1 1466/3062/1 

f 1456/3046/1 1454/3015/1 1429/3060/1 1428/3053/1 

vt 1.72143 7.67541
f 1430/3063/2 1429/3060/2 1454/3015/2 1439/3045/2 

vt 1.71842 7.6762
vn 0.489506 -1.97091e-16 -0.872
v 3254.27 1820 -801.004
vt 1.72956 7.66995
v 3262.37 1820 -796.458
vt 1.73205 7.66855
f 1430/3064/227 1467/3065/227 1468/3066/227 1465/3061/227 1429/3060/227 

v 3249.75 1820 -795.519
vt 1.73118 7.67363
vt 1.73257 7.67531
f 1431/3014/1 1469/3067/1 1467/3068/1 1430/3060/1 

f 1468/3061/1 1469/3067/1 1431/3014/1 1442/3026/1 

f 1469/3067/1 1468/3061/1 1467/3068/1

v 3212.96 1840 -736.458
vt 1.69088 7.67932
vn -0.771961 -2.04877e-14 -0.63567
v 2941.55 1840 -406.85
vt 1.60737 7.5779
vt 1.53823 7.49394
vt 1.50429 7.45271
v 2606.53 1962 -1.68747e-12
vt 1.70891 7.74961
vt 1.70513 7.74503
vt 1.70988 7.74112
v 3311.78 1760 -856.458
vt 1.70228 7.73189
v 3311.78 1780 -856.458
vt 1.70703 7.72797
vt 1.69943 7.71874
vt 1.70418 7.71483
vt 1.69658 7.7056
vt 1.70133 7.70169
vt 1.69373 7.69246
vt 1.69848 7.68855
f 1470/3069/228 1471/3070/228 1447/3071/228 1446/3072/228 1472/3033/228 1325/2917/228 1324/3073/228 1417/3074/228 1416/3075/228 1473/3076/228 1474/3077/228 1464/3078/228 1463/3079/228 1465/3080/228 1468/3081/228 1442/3082/228 1441/3083/228 

vt 1.63635 7.55404
vt 1.71986 7.65545
f 1443/3028/1 1471/3084/1 1470/3085/1 1441/3026/1 1440/3030/1 1444/3029/1 

f 1445/3032/1 1447/3034/1 1471/3084/1 1443/3028/1 

v 1864.32 1760 -901.346
vt 1.35287 7.7457
vn 0.771961 2.48741e-14 -0.63567
v 1864.32 1962 -901.346
vt 1.30489 7.70619
vt 1.56224 7.45271
v 1975.39 1840 -766.458
vt 1.36805 7.68855
v 1975.39 1820 -766.458
vt 1.3728 7.69246
v 1950.69 1820 -796.458
vt 1.3652 7.70169
v 1950.69 1800 -796.458
vt 1.36995 7.7056
v 1925.98 1800 -826.458
vt 1.36235 7.71483
v 1925.98 1780 -826.458
vt 1.3671 7.71874
v 1901.28 1780 -856.458
vt 1.35949 7.72797
v 1901.28 1760 -856.458
vt 1.36425 7.73189
f 1475/3086/229 1476/3087/229 1472/3033/229 1446/3088/229 1477/3089/229 1478/3090/229 1479/3091/229 1480/3092/229 1481/3093/229 1482/3094/229 1483/3095/229 1484/3096/229 

v 1683.78 1962 -1421.32
vt 1.24934 7.86618
vn 0.944683 2.03589e-15 -0.327985
vt 1.36361 7.72657
v 1864.32 1740 -901.346
vt 1.36942 7.72859
v 1856.13 1740 -924.924
vt 1.3669 7.73585
v 1856.13 1720 -924.924
vt 1.37272 7.73787
v 1845.71 1720 -954.924
vt 1.36951 7.7471
v 1845.71 1700 -954.924
vt 1.37532 7.74911
v 1835.3 1700 -984.924
vt 1.37212 7.75835
v 1835.3 1680 -984.924
vt 1.37793 7.76036
v 1824.88 1680 -1014.92
vt 1.37473 7.76959
v 1824.88 1660 -1014.92
vt 1.38054 7.77161
v 1814.47 1660 -1044.92
vt 1.37734 7.78084
v 1814.47 1640 -1044.92
vt 1.38315 7.78286
v 1804.05 1640 -1074.92
vt 1.37995 7.79209
v 1804.05 1620 -1074.92
vt 1.38576 7.79411
v 1793.64 1620 -1104.92
vt 1.38255 7.80334
v 1793.64 1600 -1104.92
vt 1.38837 7.80536
v 1783.22 1600 -1134.92
vt 1.38516 7.81459
v 1783.22 1580 -1134.92
vt 1.39098 7.81661
v 1772.8 1580 -1164.92
vt 1.38777 7.82584
v 1772.8 1560 -1164.92
vt 1.39358 7.82786
v 1762.39 1560 -1194.92
vt 1.39038 7.83709
v 1762.39 1540 -1194.92
vt 1.39619 7.83911
v 1751.97 1540 -1224.92
vt 1.39299 7.84834
v 1751.97 1520 -1224.92
vt 1.3988 7.85036
v 1741.56 1520 -1254.92
vt 1.3956 7.85959
v 1741.56 1500 -1254.92
vt 1.40141 7.86161
v 1731.14 1500 -1284.92
vt 1.39821 7.87084
v 1731.14 1480 -1284.92
vt 1.40402 7.87286
v 1720.73 1480 -1314.92
vt 1.40081 7.88209
v 1720.73 1460 -1314.92
vt 1.40663 7.8841
v 1710.31 1460 -1344.92
vt 1.40342 7.89334
v 1710.31 1440 -1344.92
vt 1.40924 7.89535
v 1699.89 1440 -1374.92
vt 1.40603 7.90458
v 1699.89 1420.7 -1374.92
vt 1.41164 7.90653
v 1689.48 1420.7 -1404.92
vt 1.40844 7.91576
v 1689.48 1400 -1404.92
vt 1.41445 7.91785
v 1683.78 1400 -1421.32
vt 1.4127 7.9229
f 1485/3097/230 1476/3087/230 1475/3098/230 1486/3099/230 1487/3100/230 1488/3101/230 1489/3102/230 1490/3103/230 1491/3104/230 1492/3105/230 1493/3106/230 1494/3107/230 1495/3108/230 1496/3109/230 1497/3110/230 1498/3111/230 1499/3112/230 1500/3113/230 1501/3114/230 1502/3115/230 1503/3116/230 1504/3117/230 1505/3118/230 1506/3119/230 1507/3120/230 1508/3121/230 1509/3122/230 1510/3123/230 1511/3124/230 1512/3125/230 1513/3126/230 1514/3127/230 1515/3128/230 1516/3129/230 1517/3130/230 1518/3131/230 1519/3132/230 1520/3133/230 1521/3134/230 

v 1702.16 1962 -2374.54
vt 1.255 8.15948
vn -2.42891e-16 1 -1.97346e-16
v 1845.34 1962 -2178.67
vt 1.29905 8.09921
v 1963.36 1962 -2017.2
vt 1.33537 8.04953
v 2106.53 1962 -1821.32
vt 1.37942 7.98926
v 3106.53 1962 -1821.32
vt 1.68711 7.98926
v 3249.7 1962 -2017.2
vt 1.73116 8.04953
v 3367.72 1962 -2178.67
vt 1.76748 8.09921
v 3510.89 1962 -2374.54
vt 1.81153 8.15948
vt 1.85596 8.02477
v 1908.61 1962 -926.211
vt 1.31852 7.71384
v 1731.02 1962 -1437.72
vt 1.26388 7.87123
v 3527.91 1962 -2482.56
vt 1.81677 8.19272
v 3081.14 1962 -1871.32
v 2131.91 1962 -1871.32
v 1685.14 1962 -2482.56
vt 1.24976 8.19272
v 1504.98 1962 -1936.34
vt 1.19433 8.02465
v 1731.02 1962 -1437.72
v 1731.02 1962 -1437.72
v 1557.76 1962 -1936.75
vt 1.21057 8.02477
f 1522/3135/231 1523/3136/231 1524/3137/231 1525/3138/231 1526/3139/231 1527/3140/231 1528/3141/231 1529/3142/231 1366/3143/231 1365/2985/231 1424/3000/231 1530/3144/231 1531/3145/231 1485/3097/231 1476/3087/231 1472/3033/231 1325/2917/231 1326/2918/231 1532/3146/231 1533/1839/231 1534/1838/231 1535/3147/231 1536/3148/231 1537/3145/231 1538/3145/231 1539/3149/231 

v 1702.16 1400 -2374.54
v 1845.34 1400 -2178.67
vt 1.43866 8.20125
vt 1.39461 8.26152
f 1540/3135/17 1541/3136/17 1523/3150/17 1522/3151/17 

v 1736.71 1400 -1421.32
vt 1.26563 7.86618
vn -2.2765e-31 1 -3.90857e-32
v 2106.53 1400 -1421.32
vt 1.37942 7.86618
v 3476.34 1400 -1421.32
vt 1.8009 7.86618
vt 1.80094 7.86631
v 3510.89 1400 -2374.54
v 3367.72 1400 -2178.67
v 3327.35 1400 -2208.17
v 3209.33 1400 -2046.7
vt 1.71874 8.05861
v 3249.7 1400 -2017.2
v 3106.53 1400 -1821.32
v 2106.53 1400 -1821.32
v 1963.36 1400 -2017.2
v 2003.72 1400 -2046.7
vt 1.34779 8.05861
v 1885.7 1400 -2208.17
v 1557.76 1400 -1936.75
v 1731.02 1400 -1437.72
f 1542/3152/232 1543/3153/232 1544/3154/232 1368/3155/232 1367/3143/232 1545/3142/232 1546/3141/232 1547/1859/232 1548/3156/232 1549/3140/232 1550/3139/232 1551/3138/232 1552/3137/232 1553/3157/232 1554/1766/232 1541/3136/232 1540/3135/232 1555/3149/232 1556/3145/232 

v 1736.71 1420.7 -1421.32
vt 1.26563 7.85981
v 2106.53 1420.7 -1421.32
vt 1.37942 7.85981
f 1543/3153/2 1542/3152/2 1557/3158/2 1558/3159/2 

v 1747.13 1420.7 -1391.32
vt 1.42617 7.91158
vn 0.944683 3.05173e-15 -0.327985
vt 1.42297 7.92081
vt 1.42899 7.9229
vt 1.42723 7.92794
v 1908.61 1740 -926.211
vt 1.38305 7.73624
v 1903.36 1740 -941.323
vt 1.38144 7.74089
v 1903.36 1720 -941.323
vt 1.38725 7.74291
v 1892.95 1720 -971.323
vt 1.38404 7.75214
v 1892.95 1700 -971.323
vt 1.38986 7.75416
v 1882.53 1700 -1001.32
vt 1.38665 7.76339
v 1882.53 1680 -1001.32
vt 1.39247 7.76541
v 1872.12 1680 -1031.32
vt 1.38926 7.77464
v 1872.12 1660 -1031.32
vt 1.39507 7.77666
v 1861.7 1660 -1061.32
vt 1.39187 7.78589
v 1861.7 1640 -1061.32
vt 1.39768 7.78791
v 1851.29 1640 -1091.32
vt 1.39448 7.79714
v 1851.29 1620 -1091.32
vt 1.40029 7.79916
v 1840.87 1620 -1121.32
vt 1.39709 7.80839
v 1840.87 1600 -1121.32
vt 1.4029 7.81041
v 1830.45 1600 -1151.32
vt 1.3997 7.81964
v 1830.45 1580 -1151.32
vt 1.40551 7.82166
v 1820.04 1580 -1181.32
vt 1.4023 7.83089
v 1820.04 1560 -1181.32
vt 1.40812 7.8329
v 1809.62 1560 -1211.32
vt 1.40491 7.84214
v 1809.62 1540 -1211.32
vt 1.41073 7.84415
v 1799.21 1540 -1241.32
vt 1.40752 7.85338
v 1799.21 1520 -1241.32
vt 1.41334 7.8554
v 1788.79 1520 -1271.32
vt 1.41013 7.86463
v 1788.79 1500 -1271.32
vt 1.41594 7.86665
v 1778.38 1500 -1301.32
vt 1.41274 7.87588
v 1778.38 1480 -1301.32
vt 1.41855 7.8779
v 1767.96 1480 -1331.32
vt 1.41535 7.88713
v 1767.96 1460 -1331.32
vt 1.42116 7.88915
v 1757.54 1460 -1361.32
vt 1.41796 7.89838
v 1757.54 1440 -1361.32
vt 1.42377 7.9004
v 1747.13 1440 -1391.32
vt 1.42056 7.90963
f 1559/3160/233 1557/3161/233 1542/3162/233 1556/3163/233 1531/3145/233 1530/3144/233 1560/3164/233 1561/3165/233 1562/3166/233 1563/3167/233 1564/3168/233 1565/3169/233 1566/3170/233 1567/3171/233 1568/3172/233 1569/3173/233 1570/3174/233 1571/3175/233 1572/3176/233 1573/3177/233 1574/3178/233 1575/3179/233 1576/3180/233 1577/3181/233 1578/3182/233 1579/3183/233 1580/3184/233 1581/3185/233 1582/3186/233 1583/3187/233 1584/3188/233 1585/3189/233 1586/3190/233 1587/3191/233 1588/3192/233 1589/3193/233 1590/3194/233 1591/3195/233 

vt 1.26883 7.85695
v 2109.85 1420.7 -1391.32
vt 1.38044 7.85695
f 1558/3153/1 1557/3152/1 1559/3196/1 1592/3197/1 

vt 1.2543 7.8519
vt 1.2511 7.86114
f 1518/3198/1 1559/3196/1 1557/3152/1 1519/3199/1 

vn -0.327985 0 -0.944683
vt 1.26689 7.86256
vt 1.25235 7.85751
f 1517/3198/234 1591/3196/234 1559/3200/234 1518/3201/234 

vt 1.25751 7.84267
vt 1.27204 7.84772
f 1516/3202/1 1590/3203/1 1591/3196/1 1517/3198/1 

vt 1.27002 7.85353
vt 1.25549 7.84849
f 1515/3202/234 1589/3203/234 1590/3204/234 1516/3205/234 

vt 1.26071 7.83344
vt 1.27524 7.83849
f 1514/3206/1 1588/3207/1 1589/3203/1 1515/3202/1 

vt 1.27323 7.8443
vt 1.25869 7.83926
f 1513/3206/234 1587/3207/234 1588/3208/234 1514/3209/234 

vt 1.26392 7.82421
vt 1.27845 7.82926
f 1512/3210/1 1586/3211/1 1587/3207/1 1513/3206/1 

vt 1.27643 7.83507
vt 1.2619 7.83003
f 1511/3210/234 1585/3211/234 1586/3212/234 1512/3213/234 

vt 1.26712 7.81498
vt 1.28165 7.82003
f 1510/3214/1 1584/3215/1 1585/3211/1 1511/3210/1 

vt 1.26914 7.80917
vt 1.28367 7.81421
f 1584/3215/234 1510/3214/234 1509/3216/234 1583/3217/234 

vt 1.27032 7.80575
vt 1.28486 7.8108
f 1508/3218/1 1582/3219/1 1583/3215/1 1509/3214/1 

vt 1.28284 7.81661
vt 1.26831 7.81156
f 1507/3218/234 1581/3219/234 1582/3220/234 1508/3221/234 

vt 1.27353 7.79652
vt 1.28806 7.80157
f 1506/3222/1 1580/3223/1 1581/3219/1 1507/3218/1 

vt 1.27555 7.79071
vt 1.29008 7.79575
f 1580/3223/234 1506/3222/234 1505/3224/234 1579/3225/234 

vt 1.27673 7.78729
vt 1.29127 7.79234
f 1504/3226/1 1578/3227/1 1579/3223/1 1505/3222/1 

vt 1.28925 7.79815
vt 1.27472 7.7931
f 1503/3226/234 1577/3227/234 1578/3228/234 1504/3229/234 

vt 1.27994 7.77806
vt 1.29447 7.7831
f 1502/3230/1 1576/3231/1 1577/3227/1 1503/3226/1 

vt 1.28196 7.77225
vt 1.29649 7.77729
f 1576/3231/234 1502/3230/234 1501/3232/234 1575/3233/234 

vt 1.28314 7.76883
vt 1.29768 7.77387
f 1500/3234/1 1574/3235/1 1575/3231/1 1501/3230/1 

vt 1.29566 7.77969
vt 1.28113 7.77464
f 1499/3234/234 1573/3235/234 1574/3236/234 1500/3237/234 

vt 1.28635 7.7596
vt 1.30088 7.76464
f 1498/3238/1 1572/3239/1 1573/3235/1 1499/3234/1 

vt 1.28837 7.75378
vt 1.3029 7.75883
f 1572/3239/234 1498/3238/234 1497/3240/234 1571/3241/234 

vt 1.28955 7.75037
vt 1.30409 7.75541
f 1496/3242/1 1570/3243/1 1571/3239/1 1497/3238/1 

vt 1.29157 7.74455
vt 1.30611 7.7496
f 1570/3243/234 1496/3242/234 1495/3244/234 1569/3245/234 

vt 1.29276 7.74114
vn -2.98238e-15 1 -8.59003e-15
vt 1.30729 7.74618
f 1494/3246/235 1568/3247/235 1569/3243/235 1495/3242/235 

vt 1.29478 7.73532
vt 1.30931 7.74037
f 1568/3247/234 1494/3246/234 1493/3248/234 1567/3249/234 

vt 1.29596 7.7319
vt 1.3105 7.73695
f 1492/3250/1 1566/3251/1 1567/3247/1 1493/3246/1 

vt 1.29798 7.72609
vt 1.31252 7.73114
f 1566/3251/234 1492/3250/234 1491/3252/234 1565/3253/234 

vt 1.29917 7.72267
vt 1.3137 7.72772
f 1490/3254/1 1564/3255/1 1565/3251/1 1491/3250/1 

vt 1.30119 7.71686
vt 1.31572 7.72191
f 1564/3255/234 1490/3254/234 1489/3256/234 1563/3257/234 

vt 1.30237 7.71344
vt 1.31691 7.71849
f 1488/3258/1 1562/3259/1 1563/3255/1 1489/3254/1 

vt 1.30439 7.70763
vt 1.31892 7.71268
f 1562/3259/234 1488/3258/234 1487/3260/234 1561/3261/234 

v 1920.87 1740 -911.323
vt 1.32229 7.70926
f 1486/3087/1 1593/3262/1 1560/3144/1 1561/3259/1 1487/3258/1 

vn -0.173736 0 -0.984792
vt 1.30596 7.70013
v 1920.87 1760 -911.323
vt 1.32336 7.7032
f 1593/3262/236 1486/3087/236 1475/3263/236 1594/3264/236 

vt 1.31627 7.69238
v 1945.57 1760 -881.323
vt 1.32989 7.70003
f 1594/3262/1 1475/3087/1 1484/3265/1 1595/3266/1 

vn -0.489506 0 -0.872
v 1945.57 1780 -881.323
vt 1.32688 7.70539
vt 1.31325 7.69774
f 1483/3265/237 1596/3266/237 1595/3267/237 1484/3268/237 

vt 1.32387 7.68315
v 1970.28 1780 -851.323
vt 1.3375 7.6908
f 1482/3269/1 1597/3270/1 1596/3266/1 1483/3265/1 

vn -0.489506 -9.08896e-29 -0.872
vt 1.32688 7.67778
v 1970.28 1800 -851.323
vt 1.34051 7.68543
f 1597/3270/238 1482/3269/238 1481/3271/238 1598/3272/238 

vt 1.33147 7.67392
v 1994.98 1800 -821.323
f 1480/3273/1 1599/3039/1 1598/3270/1 1481/3269/1 

vt 1.34208 7.68693
vt 1.32845 7.67928
f 1479/3273/237 1453/3039/237 1599/3274/237 1480/3275/237 

vt 1.33907 7.66468
vn -3.69523e-15 1 -6.58265e-15
f 1478/3276/239 1451/3036/239 1453/3039/239 1479/3273/239 

vt 1.34969 7.6777
vt 1.33606 7.67005
f 1477/3276/237 1449/3036/237 1451/3277/237 1478/3278/237 

f 1477/3276/1 1446/3033/1 1423/3000/1 1448/3035/1 1449/3036/1 

vt 1.56224 7.47692
vn 0.771961 4.78283e-15 -0.63567
vt 1.38928 7.68697
vt 1.38168 7.6962
vt 1.38643 7.70011
vt 1.37883 7.70934
vt 1.38358 7.71325
vt 1.37597 7.72248
vt 1.38073 7.72639
vt 1.37312 7.73563
vt 1.37787 7.73954
vt 1.37027 7.74877
vt 1.37502 7.75268
vt 1.37125 7.75726
f 1423/3279/240 1448/3280/240 1449/3281/240 1451/3282/240 1453/3283/240 1599/3284/240 1598/3285/240 1597/3286/240 1596/3287/240 1595/3288/240 1594/3289/240 1593/3290/240 1560/3291/240 1530/3144/240 1424/3000/240 

vt 1.3451 7.67541
f 1455/3016/2 1599/3039/2 1453/3292/2 1452/3042/2 

f 1455/3016/1 1459/3049/1 1598/3270/1 1599/3039/1 

v 2358.9 1780 -851.323
vt 1.3375 7.68464
vt 1.45707 7.68464
f 1600/3049/2 1597/3270/2 1598/3293/2 1459/3294/2 

v 2334.19 1780 -881.323
vn 3.71525e-16 1 4.50681e-15
f 1601/3048/241 1596/3266/241 1597/3270/241 1600/3049/241 

v 2334.19 1760 -881.323
vt 1.32989 7.69387
vt 1.44947 7.69387
f 1602/3048/2 1595/3266/2 1596/3295/2 1601/3296/2 

v 2309.49 1760 -911.323
vt 1.44187 7.70926
f 1603/3297/1 1594/3262/1 1595/3266/1 1602/3048/1 

vt 1.44187 7.7031
v 2309.49 1740 -911.323
vt 1.32229 7.7031
f 1603/3298/2 1604/3297/2 1593/3262/2 1594/3299/2 

v 2284.79 1760 -941.323
vt 1.43902 7.7224
vn -0.771961 0 0.63567
v 2284.79 1740 -941.323
vt 1.43427 7.71849
vt 1.44662 7.71317
f 1605/3300/242 1606/3301/242 1604/3297/242 1603/3302/242 

v 2928.27 1720 -941.323
v 2284.79 1720 -941.323
vt 1.43427 7.71234
vt 1.43427 7.70618
v 2928.27 1760 -941.323
vt 1.63226 7.70618
vt 1.63226 7.71234
f 1607/2986/2 1608/3301/2 1606/3303/2 1605/3304/2 1609/3305/2 1411/3306/2 

v 2952.97 1720 -971.323
vt 1.63986 7.72772
v 2977.67 1720 -1001.32
v 2235.38 1720 -1001.32
vt 1.41907 7.73695
v 2260.08 1720 -971.323
vt 1.42667 7.72772
f 1610/3307/1 1611/2904/1 1612/3308/1 1613/3309/1 1608/3301/1 1607/2986/1 

vt 1.63511 7.73163
vn 0.771961 0 0.63567
v 2952.97 1700 -971.323
v 2977.67 1700 -1001.32
vt 1.64271 7.74086
f 1610/3310/243 1614/3307/243 1615/2904/243 1611/3311/243 

vt 1.75283 7.72157
vt 1.63986 7.72157
f 1359/3312/2 1361/2957/2 1614/3307/2 1610/3313/2 

vn 1.6341e-15 1 2.00624e-14
f 1361/2957/244 1363/2962/244 1362/2905/244 1615/2904/244 1614/3307/244 

vt 1.64746 7.7308
f 1362/2963/2 1313/2905/2 1312/2904/2 1615/3314/2 

v 2235.38 1680 -1001.32
v 2235.38 1700 -1001.32
vt 1.41907 7.7308
vt 1.41907 7.72464
vt 1.64746 7.72464
f 1312/2904/2 1616/3308/2 1617/3315/2 1612/3316/2 1611/3317/2 1615/3314/2 

v 3027.08 1680 -1061.32
vt 1.66267 7.75541
v 2185.97 1680 -1061.32
vt 1.40386 7.75541
v 2210.68 1680 -1031.32
vt 1.41146 7.74618
f 1311/2903/1 1618/3318/1 1619/3319/1 1620/3320/1 1616/3308/1 1312/2904/1 

vt 1.65982 7.74227
v 3027.08 1660 -1061.32
vt 1.66742 7.7515
f 1618/3318/243 1311/2903/243 1316/3321/243 1621/3322/243 

vn 2.54487e-16 1 2.82842e-15
f 1315/2902/245 1321/2913/245 1320/2912/245 1621/3318/245 1316/2903/245 

vt 1.76244 7.74926
v 3351.35 1640 -1061.32
v 3027.08 1640 -1061.32
vt 1.66267 7.74926
f 1320/3323/2 1622/2912/2 1623/3318/2 1621/3324/2 

vn -2.72791e-15 -9.32422e-32 -1
vt 1.77873 7.76157
vt 1.76244 7.76157
f 1320/2912/246 1319/2911/246 1352/3325/246 1622/3326/246 

vn 2.32442e-15 1 6.31212e-15
vt 1.78193 7.76464
vt 1.76565 7.76464
vt 1.76249 7.75554
f 1622/2912/247 1352/2911/247 1351/3327/247 1403/3328/247 1404/3329/247 

vt 1.78193 7.7708
vn -1.36395e-15 3.2486e-14 -1
v 3361.77 1620 -1091.32
vt 1.76565 7.7708
f 1350/3330/248 1624/3331/248 1403/3328/248 1351/3327/248 

vt 1.78193 7.78926
vn -1.56047e-15 -1 2.2677e-15
vt 1.76565 7.78926
vt 1.76569 7.78913
vt 1.76885 7.78003
vt 1.78514 7.78003
f 1350/3332/249 1624/3333/249 1401/3334/249 1400/3335/249 1349/3336/249 

v 3073.34 1620 -1121.32
vt 1.6769 7.78003
vn -7.01345e-16 -1 2.22885e-15
v 3051.78 1620 -1091.32
vt 1.67027 7.78926
v 3072.86 1620 -1116.91
vt 1.67675 7.78139
f 1625/3337/250 1400/3335/250 1401/3334/250 1624/3333/250 1626/3338/250 1627/3339/250 

vn 1.20785e-15 1.80478e-14 1
v 3073.34 1600 -1121.32
vt 1.6769 7.77387
v 3372.18 1600 -1121.32
vt 1.76885 7.77387
f 1625/3337/251 1628/3340/251 1629/3341/251 1400/3335/251 

v 2139.71 1600 -1121.32
vt 1.38963 7.78618
v 2139.71 1620 -1121.32
vt 1.38963 7.78003
v 2139.71 1640 -1121.32
vt 1.38963 7.77387
v 3073.34 1640 -1121.32
vt 1.6769 7.78618
f 1630/3342/2 1631/3343/2 1632/3344/2 1633/3340/2 1625/3337/2 1628/3345/2 

vt 1.29768 7.76772
vt 1.38963 7.76772
f 1630/3344/2 1574/3235/2 1573/3346/2 1631/3347/2 

v 2136.39 1600 -1151.32
vt 1.38861 7.7831
f 1634/3348/1 1575/3231/1 1574/3235/1 1630/3344/1 

vt 1.38861 7.77695
v 2136.39 1580 -1151.32
vt 1.29447 7.77695
f 1634/3349/2 1635/3348/2 1576/3231/2 1575/3350/2 

v 2133.07 1580 -1181.32
vt 1.38759 7.79234
vn -0.993938 0 0.109942
vt 1.39472 7.78378
v 2133.07 1600 -1181.32
vt 1.3937 7.79301
f 1636/3351/252 1635/3348/252 1634/3352/252 1637/3353/252 

f 1636/3351/1 1577/3227/1 1576/3231/1 1635/3348/1 

v 2133.07 1560 -1181.32
vt 1.29127 7.78618
vt 1.38759 7.78618
f 1638/3351/2 1578/3227/2 1577/3354/2 1636/3355/2 

v 2129.76 1560 -1211.32
vt 1.38657 7.80157
f 1639/3356/1 1579/3223/1 1578/3227/1 1638/3351/1 

vt 1.38657 7.79541
v 2129.76 1540 -1211.32
vt 1.28806 7.79541
f 1639/3357/2 1640/3356/2 1580/3223/2 1579/3358/2 

v 2126.44 1560 -1241.32
vt 1.39166 7.81147
v 2126.44 1540 -1241.32
vt 1.38554 7.8108
vt 1.39268 7.80224
f 1641/3359/252 1642/3360/252 1640/3356/252 1639/3361/252 

v 3086.62 1520 -1241.32
vt 1.68098 7.8108
v 2126.44 1520 -1241.32
vt 1.38554 7.80464
vt 1.38554 7.79849
v 3086.62 1560 -1241.32
vt 1.68098 7.79849
v 3086.62 1540 -1241.32
vt 1.68098 7.80464
f 1643/3362/2 1644/3360/2 1642/3363/2 1641/3364/2 1645/3365/2 1646/3366/2 

v 3089.93 1520 -1271.32
vt 1.68201 7.82003
v 3093.25 1520 -1301.32
vt 1.68303 7.82926
v 2119.8 1520 -1301.32
vt 1.3835 7.82926
v 2123.12 1520 -1271.32
vt 1.38452 7.82003
f 1644/3360/1 1643/3362/1 1647/3367/1 1648/3368/1 1649/3369/1 1650/3370/1 

v 3413.85 1520 -1241.32
vt 1.78167 7.8108
vt 1.78171 7.81092
vt 1.78488 7.82003
f 1647/3367/1 1643/3362/1 1651/3371/1 1386/3372/1 1385/3373/1 

vt 1.78167 7.80464
f 1388/3374/2 1651/3371/2 1643/3362/2 1646/3366/2 

vt 1.79796 7.8108
vt 1.79796 7.81695
vt 1.78167 7.81695
f 1388/3371/2 1341/3375/2 1340/3376/2 1651/3377/2 

v 3403.43 1540 -1211.32
vt 1.77847 7.80157
vt 1.79475 7.80157
vt 1.77851 7.80169
f 1652/3378/1 1342/3379/1 1341/3375/1 1388/3371/1 1389/3380/1 

vn -2.72791e-15 0 -1
vt 1.79475 7.80772
vt 1.77847 7.80772
f 1391/3378/253 1343/3379/253 1342/3381/253 1652/3382/253 

v 3393.02 1560 -1181.32
vt 1.77526 7.79234
vt 1.79155 7.79234
vt 1.77531 7.79246
f 1653/3383/1 1344/3384/1 1343/3379/1 1391/3378/1 1392/3385/1 

vt 1.79155 7.79849
vt 1.77526 7.79849
f 1394/3383/253 1345/3384/253 1344/3386/253 1653/3387/253 

v 3382.6 1580 -1151.32
vt 1.77206 7.7831
vt 1.78834 7.7831
vt 1.7721 7.78323
f 1654/3388/1 1346/3389/1 1345/3384/1 1394/3383/1 1395/3390/1 

vn -2.72791e-15 2.19386e-31 -1
vt 1.78834 7.78926
vt 1.77206 7.78926
f 1397/3388/254 1347/3389/254 1346/3391/254 1654/3392/254 

vt 1.78514 7.77387
vt 1.7689 7.774
f 1629/3341/212 1348/3393/212 1347/3389/212 1397/3388/212 1398/3394/212 

vn 1.36395e-15 3.2486e-14 1
f 1349/3336/255 1400/3335/255 1629/3341/255 1348/3393/255 

v 3076.66 1600 -1151.32
vt 1.67792 7.7831
vn 8.12367e-16 1 -1.24901e-15
f 1655/3395/256 1628/3340/256 1629/3341/256 1398/3394/256 1397/3388/256 

vn 1.27958e-17 1 -5.01968e-31
v 3079.98 1600 -1181.32
vt 1.67894 7.79234
f 1630/3344/257 1628/3340/257 1655/3395/257 1656/3396/257 1637/3351/257 1634/3348/257 

v 3076.66 1580 -1151.32
vn 0.993938 2.20282e-18 0.109942
v 3079.98 1580 -1181.32
vt 1.67283 7.79301
vt 1.6718 7.78378
f 1657/3395/258 1658/3396/258 1656/3397/258 1655/3398/258 

f 1654/3388/1 1395/3390/1 1394/3383/1 1658/3396/1 1657/3395/1 

vt 1.77526 7.78618
v 3079.98 1560 -1181.32
vt 1.67894 7.78618
f 1394/3399/2 1653/3383/2 1659/3396/2 1658/3400/2 

v 3083.3 1560 -1211.32
vt 1.67996 7.80157
f 1660/3401/1 1659/3396/1 1653/3383/1 1392/3385/1 1391/3378/1 

f 1638/3351/1 1659/3396/1 1660/3401/1 1645/3362/1 1641/3360/1 1639/3356/1 

vt 1.38759 7.78003
vt 1.67894 7.78003
f 1659/3396/2 1638/3351/2 1636/3355/2 1637/3402/2 1656/3403/2 1658/3400/2 

vt 1.6871 7.81012
vn 0.993938 9.92979e-19 0.109942
v 3083.3 1540 -1211.32
vt 1.68608 7.80089
f 1646/3404/259 1645/3362/259 1660/3401/259 1661/3405/259 

vt 1.77847 7.79541
vt 1.67996 7.79541
f 1391/3406/2 1652/3378/2 1661/3401/2 1660/3407/2 

f 1652/3378/1 1389/3380/1 1388/3371/1 1646/3362/1 1661/3401/1 

vt 1.77206 7.77695
vt 1.67792 7.77695
f 1397/3408/2 1654/3388/2 1657/3395/2 1655/3409/2 

vt 1.80116 7.82003
f 1651/3371/1 1340/3375/1 1339/3410/1 1385/3373/1 1386/3372/1 

v 3424.26 1500 -1271.32
vt 1.78488 7.81387
vt 1.80116 7.81387
f 1338/3410/2 1662/3373/2 1385/3411/2 1339/3412/2 

vt 1.80437 7.82926
vt 1.78808 7.82926
vt 1.78492 7.82015
f 1662/3373/1 1338/3410/1 1337/3413/1 1382/3414/1 1383/3415/1 

vt 1.80437 7.83541
v 3434.68 1480 -1301.32
vt 1.78808 7.83541
f 1382/3414/2 1337/3413/2 1336/3416/2 1663/3417/2 

vt 1.80757 7.83849
vt 1.79129 7.83849
vt 1.78812 7.82938
f 1663/3414/1 1336/3413/1 1335/3418/1 1379/3419/1 1380/3420/1 

v 3445.09 1460 -1331.32
vt 1.79129 7.84464
vt 1.80757 7.84464
f 1664/3421/2 1379/3419/2 1335/3418/2 1334/3422/2 

vt 1.79129 7.83234
v 3096.57 1460 -1331.32
vt 1.68405 7.83849
v 3096.57 1480 -1331.32
vt 1.68405 7.83234
f 1379/3423/2 1664/3419/2 1665/3424/2 1666/3425/2 

vt 1.79133 7.83862
vt 1.79449 7.84772
v 3099.89 1460 -1361.32
vt 1.68507 7.84772
f 1664/3419/1 1377/3426/1 1376/3427/1 1667/3428/1 1665/3424/1 

vt 1.81078 7.84772
f 1664/3419/1 1334/3418/1 1333/3429/1 1376/3427/1 1377/3426/1 

vt 1.81078 7.85387
v 3455.51 1440 -1361.32
vt 1.79449 7.85387
f 1376/3427/2 1333/3429/2 1332/3430/2 1668/3431/2 

vt 1.81398 7.85695
vt 1.79769 7.85695
vt 1.79453 7.84785
f 1668/3427/1 1332/3429/1 1331/3432/1 1373/3433/1 1374/3434/1 

vt 1.81398 7.8631
v 3465.93 1420 -1391.32
vt 1.79769 7.8631
f 1373/3433/2 1331/3432/2 1330/3435/2 1669/3436/2 

vt 1.81719 7.86618
vt 1.79774 7.85708
f 1669/3433/1 1330/3432/1 1329/3437/1 1370/3154/1 1371/3438/1 

vt 1.81719 7.87234
vt 1.8009 7.87234
f 1328/3439/2 1544/3440/2 1370/3154/2 1329/3437/2 

vt 1.84314 8.03474
vt 1.78812 7.87627
vt 1.97431 8.10296
vt 1.97154 8.02836
vt 1.98691 8.02779
v 3527.91 1400 -2482.56
vt 1.99079 8.1323
f 1327/3441/8 1328/3442/8 1544/3154/8 1368/3155/8 1367/3143/8 1545/3443/8 1546/3444/8 1547/3445/8 1670/3446/8 

vt 2.02018 8.07894
vt 1.97575 8.21365
f 1545/3142/13 1367/3143/13 1366/3447/13 1529/3448/13 

vt 1.90708 7.99717
vn 0.807331 6.29875e-18 0.590099
vt 1.95114 8.05744
f 1546/3449/260 1545/3450/260 1529/3142/260 1528/3141/260 

vt 1.34752 7.52465
vn -0.590099 2.06826e-18 0.807331
vt 1.20791 7.62669
v 3327.35 1789.88 -2208.17
vt 1.24159 7.58302
vt 1.33844 7.51223
f 1546/3451/261 1528/3452/261 1671/3453/261 1547/3454/261 

usemtl FrontColor
v 3209.33 1789.88 -2046.7
vt -1046.5 165.878
vn -0.775282 0.278962 -0.566673
vt -1046.5 236.443
vt -1125.24 236.443
vt -1125.24 165.878
f 1672/3455/262 1527/3456/262 1528/3457/262 1671/3458/262 

usemtl mramor
vt 0.836133 6.82501
vn 0.590099 -1.28288e-18 -0.807331
vt 0.739283 6.8958
vt 0.687448 6.91463
vt 0.827054 6.81259
f 1548/3459/263 1672/3460/263 1527/3461/263 1549/3462/263 

vt 1.61545 8.21033
vn -0.807331 2.61999e-16 -0.590099
vt 1.7123 8.13954
vt 1.67599 8.08986
vt 1.57914 8.16065
vt 1.53969 8.10668
vt 1.67716 8.29476
f 1547/3463/264 1671/3464/264 1672/3465/264 1548/3466/264 879/3467/264 1533/1839/264 1532/3146/264 1670/3468/264 

vt 1.6793 7.97387
vt 1.71874 7.91991
vt 1.73116 7.92899
vt 1.33537 7.92899
vt 1.34779 7.91991
vt 1.38723 7.97387
f 879/3469/8 1548/3470/8 1549/3471/8 1550/3139/8 1551/3138/8 1552/3472/8 1553/3473/8 878/3474/8 

vt 1.59156 8.15157
vt 1.5475 8.0913
f 1550/3139/15 1549/3140/15 1527/3475/15 1526/3476/15 

vt 1.37942 8.16218
vt 1.68711 8.16218
f 1525/3477/4 1551/3138/4 1550/3139/4 1526/3478/4 

vt 1.51902 8.0913
vt 1.47497 8.15157
f 1552/3137/17 1551/3138/17 1525/3479/17 1524/3480/17 

vt 0.916767 8.62222
vn -0.590099 1.2444e-16 -0.807331
vt 1.05637 8.72427
v 2003.72 1789.88 -2046.7
vt 1.00454 8.70543
vt 0.907689 8.63464
f 1552/3481/265 1524/3482/265 1673/3483/265 1553/3484/265 

vn -0.775282 -0.278962 0.566673
vt 1.03536 8.78211
v 1885.7 1789.88 -2208.17
vt 0.983526 8.76327
f 1673/3483/266 1524/3482/266 1523/3485/266 1674/3486/266 

vt 1.93371 7.23092
vn 0.590099 3.84865e-17 0.807331
vt 2.03056 7.30171
vt 2.06424 7.34538
vt 1.92463 7.24334
f 1554/3487/267 1674/3488/267 1523/3489/267 1541/3490/267 

vn 0.807331 1.16291e-16 -0.590099
vt 1.52684 8.10668
vt 1.48739 8.16065
vt 1.39054 8.08986
vt 1.35423 8.13954
vt 1.45108 8.21033
v 1685.14 1400 -2482.56
vt 1.38937 8.29476
f 1535/3147/268 1534/1838/268 878/3491/268 1553/3492/268 1673/3493/268 1674/3494/268 1554/3495/268 1675/3496/268 

vt 1.6793 8.17757
vt 1.38723 8.17757
f 879/3497/2 878/3498/2 1534/1838/2 1533/1839/2 

vt 1.24976 7.7858
vt 1.31147 7.87023
vt 1.29905 7.87931
vt 1.255 7.81904
vt 1.21057 7.95374
vt 1.26388 8.10729
vt 1.26563 8.11234
vt 1.24934 8.11234
v 1504.98 1400 -1936.34
vt 1.19433 7.95387
f 1675/3499/8 1554/3500/8 1541/3501/8 1540/3502/8 1555/3503/8 1556/3504/8 1542/3505/8 1521/3506/8 1676/3507/8 

vt 1.09078 8.21365
vt 1.04635 8.07894
f 1555/3149/16 1540/3135/16 1522/3508/16 1539/3509/16 

vn 0.944683 5.7671e-16 -0.327985
vt 1.37393 8.08149
f 1539/3149/269 1531/3145/269 1556/3163/269 1555/3510/269 

vt 0.196883 7.86618
vt 0.211417 7.86114
vt 0.213169 7.86618
f 1542/3511/8 1520/3512/8 1521/3513/8

vt 1.26354 7.8722
vt 1.24901 7.86715
f 1519/3199/234 1557/3152/234 1542/3514/234 1520/3515/234 

vt 1.03097 7.96793
vn -0.944683 0 0.327985
vt 1.08599 7.80947
f 1676/3516/270 1521/3517/270 1485/3097/270 1536/3148/270 

vt 1.08554 8.24688
vt 1.03011 8.07881
f 1675/3518/7 1676/3519/7 1536/3148/7 1535/3147/7 

vt 2.03642 8.07881
vt 1.98099 8.24688
f 1327/3520/11 1670/3521/11 1532/3146/11 1326/2918/11 

v 3708.22 1400 -1936.75
vt 2.03647 8.07869
vn -0.944683 0 -0.327985
v 3708.22 1962 -1936.75
vt 1.87225 8.02452
f 1677/3522/271 1327/3520/271 1326/2918/271 1678/3523/271 

v 3106.53 1440 -1421.32
vt 1.68711 7.85387
v 3106.53 1420 -1421.32
vt 1.68711 7.86003
vt 1.8009 7.86003
v 2106.53 1440 -1421.32
vt 1.37942 7.85387
f 1679/3524/2 1680/3525/2 1370/3526/2 1544/3154/2 1543/3153/2 1558/3159/2 1681/3527/2 

v 3103.21 1440 -1391.32
vt 1.67997 7.85763
vn 0.993938 0 0.109942
v 3103.21 1420 -1391.32
vt 1.68609 7.85695
vt 1.68711 7.86618
vt 1.68099 7.86686
f 1682/3528/272 1683/3529/272 1680/3530/272 1679/3531/272 

vt 1.79769 7.8508
vt 1.68609 7.8508
f 1373/3532/2 1669/3433/2 1683/3529/2 1682/3533/2 

f 1669/3433/1 1371/3438/1 1370/3154/1 1680/3530/1 1683/3529/1 

v 3099.89 1440 -1361.32
f 1682/3529/1 1684/3428/1 1668/3427/1 1374/3434/1 1373/3433/1 

v 2113.16 1440 -1361.32
vt 1.38146 7.84772
v 2109.85 1440 -1391.32
f 1685/3534/1 1684/3428/1 1682/3529/1 1679/3530/1 1681/3153/1 1686/3197/1 

v 2113.16 1460 -1361.32
vt 1.38146 7.84157
v 2113.16 1480 -1361.32
vt 1.38146 7.83541
v 3099.89 1480 -1361.32
vt 1.68507 7.83541
vt 1.68507 7.84157
f 1684/3428/2 1685/3534/2 1687/3535/2 1688/3536/2 1689/3537/2 1667/3538/2 

vt 1.27204 7.84157
f 1685/3534/2 1590/3203/2 1589/3539/2 1687/3535/2 

f 1686/3197/1 1591/3196/1 1590/3203/1 1685/3534/1 

vt 1.26883 7.85101
vt 1.38044 7.85101
f 1592/3197/2 1559/3196/2 1591/3540/2 1686/3541/2 

vt 1.38532 7.86683
vn -0.993938 -7.64509e-18 0.109942
vt 1.38634 7.8576
f 1681/3542/273 1558/3153/273 1592/3197/273 1686/3543/273 

v 2116.48 1460 -1331.32
vt 1.38248 7.83849
f 1687/3534/1 1589/3203/1 1588/3207/1 1690/3544/1 

vt 1.27524 7.83234
v 2116.48 1480 -1331.32
vt 1.38248 7.83234
f 1690/3544/2 1588/3207/2 1587/3545/2 1691/3546/2 

v 2119.8 1480 -1301.32
f 1691/3544/1 1587/3207/1 1586/3211/1 1692/3369/1 

vt 1.27845 7.8231
v 2119.8 1500 -1301.32
vt 1.3835 7.8231
f 1692/3369/2 1586/3211/2 1585/3547/2 1693/3548/2 

v 2123.12 1500 -1271.32
f 1693/3369/1 1585/3211/1 1584/3215/1 1694/3370/1 

vt 1.38452 7.81387
vt 1.28165 7.81387
f 1650/3549/2 1694/3370/2 1584/3215/2 1583/3550/2 

vt 1.38962 7.82994
vt 1.39064 7.8207
f 1649/3551/252 1693/3369/252 1694/3370/252 1650/3552/252 

v 3093.25 1480 -1301.32
vt 1.3835 7.81695
vt 1.68303 7.81695
v 3093.25 1500 -1301.32
vt 1.68303 7.8231
f 1695/3368/2 1692/3369/2 1693/3548/2 1649/3553/2 1648/3554/2 1696/3555/2 

f 1692/3369/1 1695/3368/1 1666/3424/1 1689/3428/1 1688/3534/1 1691/3544/1 

f 1666/3424/1 1695/3368/1 1663/3414/1 1380/3420/1 1379/3419/1 

vt 1.78808 7.8231
f 1382/3556/2 1663/3414/2 1695/3368/2 1696/3555/2 

v 3089.93 1500 -1271.32
f 1662/3373/1 1383/3415/1 1382/3414/1 1696/3368/1 1697/3367/1 

vt 1.68914 7.82858
vn 0.993938 4.60027e-19 0.109942
vt 1.68812 7.81935
f 1696/3557/274 1648/3368/274 1647/3367/274 1697/3558/274 

vt 1.68201 7.81387
f 1385/3411/2 1662/3373/2 1697/3367/2 1647/3559/2 

vt 1.69119 7.84704
vn 0.993938 8.75152e-19 0.109942
vt 1.69016 7.83781
f 1667/3560/275 1689/3428/275 1666/3424/275 1665/3561/275 

vt 1.38758 7.8484
vt 1.3886 7.83917
f 1688/3562/252 1687/3534/252 1690/3544/252 1691/3563/252 

vn 8.72882e-16 1 -1.99804e-16
f 1650/3370/276 1583/3215/276 1582/3219/276 1644/3360/276 

vt 1.28486 7.80464
f 1644/3360/2 1582/3219/2 1581/3564/2 1642/3363/2 

f 1642/3360/1 1581/3219/1 1580/3223/1 1640/3356/1 

vt 1.79449 7.84157
f 1376/3565/2 1668/3427/2 1684/3428/2 1667/3538/2 

v 2161.27 1620 -1091.32
vt 1.39626 7.76464
v 2139.71 1620 -1117.36
vt 1.38963 7.77266
f 1572/3239/1 1698/3566/1 1699/3567/1 1631/3344/1 1573/3235/1 

vt 1.30088 7.75849
v 2161.27 1640 -1091.32
vt 1.39626 7.75849
f 1698/3566/2 1572/3239/2 1571/3568/2 1700/3569/2 

v 2185.97 1640 -1061.32
f 1701/3319/1 1700/3566/1 1571/3239/1 1570/3243/1 

v 3051.78 1640 -1091.32
vt 1.67027 7.76464
v 3072.86 1640 -1116.91
vt 1.67675 7.77252
v 2140.2 1640 -1116.91
vt 1.38978 7.77252
f 1623/3318/1 1702/3570/1 1703/3571/1 1633/3340/1 1632/3344/1 1704/3572/1 1700/3566/1 1701/3319/1 

vn 5.30697e-16 1 5.78166e-15
f 1702/3570/277 1623/3318/277 1622/2912/277 1404/3329/277 1403/3328/277 

vn -1.16443e-15 1.80478e-14 -1
vt 1.67027 7.7708
f 1403/3328/278 1624/3331/278 1626/3573/278 1702/3570/278 

vt 1.67502 7.76073
vt 1.6815 7.7686
f 1703/3571/243 1702/3570/243 1626/3574/243 1627/3575/243 

vt 1.68287 7.77184
vt 1.68302 7.7732
f 1703/3571/272 1627/3576/272 1625/3577/272 1633/3340/272 

v 2140.2 1620 -1116.91
vt 1.38366 7.77184
vn -0.993938 3.45852e-19 0.109942
vt 1.38351 7.7732
f 1705/3578/279 1704/3572/279 1632/3344/279 1631/3579/279 

vt 1.39151 7.76073
vt 1.38503 7.7686
f 1698/3580/242 1700/3566/242 1704/3572/242 1705/3581/242 

vt 1.66267 7.7431
v 2185.97 1660 -1061.32
vt 1.40386 7.74926
vt 1.40386 7.7431
f 1623/3582/4 1621/3324/4 1618/3318/4 1619/3319/4 1706/3583/4 1701/3584/4 

v 2210.68 1660 -1031.32
vt 1.40671 7.74227
vn -0.771961 -3.37401e-17 0.63567
vt 1.39911 7.7515
f 1707/3585/280 1620/3320/280 1619/3319/280 1706/3586/280 

vt 1.30729 7.74003
vt 1.41146 7.74003
f 1707/3320/2 1568/3247/2 1567/3587/2 1620/3588/2 

vn -4.26064e-16 1 -4.56336e-15
f 1706/3319/281 1569/3243/281 1568/3247/281 1707/3320/281 

vt 1.30409 7.74926
f 1701/3319/2 1570/3243/2 1569/3589/2 1706/3583/2 

f 1616/3308/1 1620/3320/1 1567/3247/1 1566/3251/1 

vt 1.3105 7.7308
f 1616/3308/2 1566/3251/2 1565/3590/2 1617/3315/2 

v 2260.08 1700 -971.323
f 1617/3308/1 1565/3251/1 1564/3255/1 1708/3309/1 

vt 1.3137 7.72157
vt 1.42667 7.72157
f 1708/3309/2 1564/3255/2 1563/3591/2 1613/3592/2 

f 1613/3309/1 1563/3255/1 1562/3259/1 1608/3301/1 

vt 1.31691 7.71234
f 1608/3301/2 1562/3259/2 1561/3593/2 1606/3303/2 

f 1604/3297/1 1606/3301/1 1561/3259/1 1560/3144/1 1593/3262/1 

vt 1.42382 7.74086
vn -0.771961 -1.31795e-17 0.63567
vt 1.43142 7.73163
f 1612/3594/282 1617/3308/282 1708/3309/282 1613/3595/282 

f 1359/2957/1 1610/3307/1 1607/2986/1 1357/2954/1 1360/2958/1 

f 1358/2955/2 1357/2954/2 1607/2986/2 1411/3306/2 

v 2878.86 1760 -881.323
f 1418/2987/1 1609/2986/1 1605/3301/1 1603/3297/1 1602/3048/1 1709/3047/1 

vt 1.61991 7.71317
vt 1.62751 7.7224
f 1418/3596/243 1412/2987/243 1411/2986/243 1609/3597/243 

vt 1.44947 7.68772
vt 1.61706 7.68772
vt 1.61706 7.69387
f 1709/3047/2 1602/3048/2 1601/3296/2 1458/3598/2 1457/3599/2 1461/3600/2 

vn -0.771961 1.0066e-17 0.63567
vt 1.44472 7.69612
vt 1.45232 7.68689
f 1459/3049/283 1458/3048/283 1601/3601/283 1600/3602/283 

vt 1.73663 7.69387
vt 1.73663 7.70003
f 1426/3603/2 1425/3604/2 1709/3047/2 1461/3600/2 

vt 1.73362 7.69466
vn 0.489506 2.33224e-15 -0.872
v 3303.68 1780 -861.004
vt 1.74476 7.68841
vt 1.74725 7.68701
vt 1.75026 7.69238
f 1426/3605/284 1710/3606/284 1474/3607/284 1473/3608/284 1425/3604/284 

vt 1.74777 7.69378
f 1427/3053/1 1464/3058/1 1474/3608/1 1710/3609/1 1426/3604/1 

f 1427/3053/1 1426/3604/1 1461/3047/1 1460/3046/1 

vt 1.75537 7.70301
f 1415/3610/1 1414/2984/1 1425/3604/1 1473/3608/1 1416/2992/1 

f 1418/2987/1 1709/3047/1 1425/3604/1 1414/2984/1 

f 1323/2953/1 1358/2954/1 1364/2985/1 1413/2988/1 1417/2992/1 1324/2917/1 

v 3295.95 1962 -901.757
vn -0.944683 -3.36832e-15 -0.327985
vt 1.69777 7.73051
v 3295.95 1740 -901.757
f 1711/2917/285 1365/2967/285 1364/2966/285 1413/3611/285 1712/2916/285 

f 1431/3014/1 1430/3060/1 1439/3015/1 1438/3011/1 

f 1466/3062/1 1463/3058/1 1462/3059/1

g Mesh19 Group21 Group20 Model

usemtl Color_M00
v 48216.5 476.7 -36221.5
v 47487.5 476.7 -36221.5
v 47487.5 476.7 -36217.4
v 48216.5 476.7 -36217.4
f 1713/1/1 1714/2/1 1715/3/1 1716/4/1 

usemtl FrontColor
v 47487.5 71.7 -36221.5
v 47487.5 274.2 -36221.5
v 48216.5 71.7 -36221.5
f 1717/5/2 1718/6/2 1714/7/2 1713/8/2 1719/9/2 

v 47487.5 71.7 -36217.4
v 47487.5 274.2 -36217.4
f 1720/5/3 1721/6/3 1718/10/3 1717/11/3 

usemtl Color_M00
v 48216.5 71.7 -36217.4
f 1722/4/4 1716/12/4 1715/7/4 1721/6/4 1720/5/4 

f 1719/13/5 1713/14/5 1716/7/5 1722/3/5 

f 1717/15/6 1719/16/6 1722/9/6 1720/17/6 

f 1714/18/3 1718/10/3 1721/6/3 1715/7/3 

g Mesh20 Group22 Group20 Model

usemtl mramor
v 48297.5 400 -34582.4
v 48574.8 400 -34582.4
v 48585.2 400 -34612.4
v 48297.5 400 -34612.4
f 1723/2028/156 1724/2029/156 1725/2030/156 1726/2031/156 

v 48297.5 420 -34582.4
v 48574.8 420 -34582.4
f 1724/2032/2 1723/2033/2 1727/2034/2 1728/2035/2 

v 47397.5 400 -34582.4
v 47397.5 420 -34582.4
v 47397.5 440 -34582.4
v 48297.5 440 -34582.4
f 1723/2036/2 1729/2037/2 1730/2038/2 1731/2039/2 1732/2040/2 1727/2041/2 

v 48297.5 400 -34642.4
v 47397.5 400 -34642.4
v 47397.5 400 -34612.4
f 1723/2042/157 1726/2043/157 1733/2044/157 1734/2045/157 1735/2046/157 1729/2047/157 

v 48297.5 380 -34612.4
v 48297.5 380 -34642.4
f 1726/2048/5 1736/2049/5 1737/2050/5 1733/2051/5 

v 48585.2 380 -34612.4
f 1738/2052/2 1736/2053/2 1726/2033/2 1725/2054/2 

v 48595.6 380 -34642.4
f 1739/2055/1 1737/2056/1 1736/2031/1 1738/2030/1 

v 48595.6 360 -34642.4
v 48297.5 360 -34642.4
f 1740/2057/2 1741/2058/2 1737/2053/2 1739/2059/2 

v 48297.5 360 -34672.4
v 48606 360 -34672.4
f 1742/2060/158 1741/2044/158 1740/2061/158 1743/2062/158 

v 48297.5 360 -34702.4
v 47397.5 360 -34702.4
v 47397.5 360 -34672.4
v 47397.5 360 -34642.4
f 1744/2063/159 1745/2064/159 1746/2065/159 1747/2066/159 1741/2056/159 1742/2067/159 

v 48297.5 320 -34702.4
v 47397.5 320 -34702.4
v 47397.5 340 -34702.4
v 48297.5 340 -34702.4
f 1748/2068/2 1749/2069/2 1750/2070/2 1745/2071/2 1744/2058/2 1751/2072/2 

v 48297.5 320 -34732.4
v 48297.5 320 -34762.4
v 47397.5 320 -34762.4
v 47397.5 320 -34732.4
f 1752/2073/1 1753/2074/1 1754/2075/1 1755/2076/1 1749/2077/1 1748/2078/1 

v 48297.5 300 -34732.4
v 48297.5 300 -34762.4
f 1752/2079/5 1756/2080/5 1757/2081/5 1753/2082/5 

v 48626.8 300 -34732.4
v 48626.8 320 -34732.4
f 1758/2083/2 1756/2084/2 1752/2068/2 1759/2085/2 

v 48637.3 300 -34762.4
f 1757/2074/1 1756/2073/1 1758/2086/1 1760/2087/1 

v 48606 340 -34672.4
v 48564.3 420 -34552.4
v 48564.3 440 -34552.4
v 48553.9 440 -34522.4
v 48553.9 460 -34522.4
v 48543.5 460 -34492.4
v 48543.5 480 -34492.4
v 48533.1 480 -34462.4
v 48533.1 500 -34462.4
v 48522.7 500 -34432.4
v 48522.7 520 -34432.4
v 48512.3 520 -34402.4
v 48512.3 540 -34402.4
v 48501.9 540 -34372.4
v 48501.9 560 -34372.4
v 48491.4 560 -34342.4
v 48465.7 560 -34268.2
v 48465.7 880 -34268.2
v 48791.4 880 -35206.3
v 48791.4 280 -35206.3
v 48637.3 280 -34762.4
v 48616.4 320 -34702.4
v 48616.4 340 -34702.4
f 1761/2088/160 1743/2089/160 1740/2090/160 1739/2091/160 1738/2092/160 1725/2093/160 1724/2094/160 1728/2095/160 1762/2096/160 1763/2097/160 1764/2098/160 1765/2099/160 1766/2100/160 1767/2101/160 1768/2102/160 1769/2103/160 1770/2104/160 1771/2105/160 1772/2106/160 1773/2107/160 1774/2108/160 1775/2109/160 1776/2110/160 1777/2111/160 1778/2112/160 1779/2113/160 1780/2114/160 1781/2115/160 1760/2116/160 1758/2117/160 1759/2118/160 1782/2119/160 1783/2120/160 

v 48297.5 340 -34672.4
f 1761/2121/2 1784/2122/2 1742/2123/2 1743/2124/2 

f 1751/2078/1 1784/2060/1 1761/2062/1 1783/2125/1 

f 1742/2126/5 1784/2127/5 1751/2128/5 1744/2129/5 

usemtl FrontColor
v 48658.8 340 -34672
v 48669.2 340 -34702
f 1761/2130/161 1785/2131/161 1786/2132/161 1783/2133/161 

v 48658.8 360 -34672
f 1785/2134/162 1761/2135/162 1743/2136/162 1787/2137/162 

v 48648.4 360 -34642
f 1740/2138/1 1788/2139/1 1787/2131/1 1743/2130/1 

v 48648.4 380 -34642
f 1739/2140/163 1789/2141/163 1788/2142/163 1740/2143/163 

v 48638 380 -34612
f 1738/2144/161 1790/2145/161 1789/2139/161 1739/2138/161 

v 48638 400 -34612
f 1790/2146/162 1738/2147/162 1725/2148/162 1791/2149/162 

v 48627.6 400 -34582
f 1724/2150/1 1792/2151/1 1791/2145/1 1725/2144/1 

v 48627.6 420 -34582
f 1792/2152/32 1724/2153/32 1728/2154/32 1793/2155/32 

v 48617.1 420 -34552
f 1762/2156/1 1794/2157/1 1793/2151/1 1728/2150/1 

v 48617.1 440 -34552
f 1763/2158/32 1795/2159/32 1794/2160/32 1762/2161/32 

v 48606.7 440 -34522
f 1764/2162/1 1796/2163/1 1795/2157/1 1763/2156/1 

v 48606.7 460 -34522
f 1796/2164/164 1764/2165/164 1765/2166/164 1797/2167/164 

usemtl mramor
v 48297.5 440 -34522.4
v 48297.5 460 -34522.4
f 1764/2168/2 1798/2169/2 1799/2170/2 1765/2171/2 

v 48297.5 440 -34552.4
f 1798/2172/165 1764/2173/165 1763/2174/165 1800/2175/165 

v 48297.5 420 -34552.4
f 1762/2176/2 1801/2034/2 1800/2169/2 1763/2177/2 

f 1728/2029/1 1727/2028/1 1801/2175/1 1762/2174/1 

f 1800/2178/5 1801/2179/5 1727/2180/5 1732/2181/5 

v 47397.5 440 -34552.4
v 47397.5 440 -34522.4
f 1798/2182/157 1800/2183/157 1732/2042/157 1731/2047/157 1802/2184/157 1803/2185/157 

v 47397.5 420 -34552.4
f 1731/2186/3 1730/2187/3 1804/2188/3 1802/2189/3 

v 47120.2 420 -34582.4
v 47130.6 420 -34552.4
f 1730/2190/166 1805/2191/166 1806/2192/166 1804/2193/166 

v 47120.2 400 -34582.4
f 1729/2194/2 1807/2195/2 1805/2196/2 1730/2197/2 

v 47109.8 400 -34612.4
f 1735/2198/167 1808/2199/167 1807/2191/167 1729/2190/167 

v 47397.5 380 -34612.4
v 47109.8 380 -34612.4
f 1809/2200/2 1810/2201/2 1808/2202/2 1735/2194/2 

v 47397.5 380 -34642.4
v 47099.4 380 -34642.4
f 1811/2066/168 1812/2203/168 1810/2199/168 1809/2198/168 

v 47099.4 360 -34642.4
f 1747/2071/2 1813/2204/2 1812/2205/2 1811/2200/2 

v 47089 360 -34672.4
f 1747/2045/169 1746/2206/169 1814/2207/169 1813/2208/169 

v 47397.5 340 -34672.4
v 47089 340 -34672.4
f 1815/2209/2 1816/2210/2 1814/2211/2 1746/2212/2 

v 47078.5 340 -34702.4
f 1815/2206/1 1750/2077/1 1817/2213/1 1816/2207/1 

f 1745/2214/3 1750/2215/3 1815/2216/3 1746/2217/3 

v 47078.5 320 -34702.4
f 1749/2218/2 1818/2219/2 1817/2220/2 1750/2209/2 

v 47068.1 320 -34732.4
f 1818/2221/1 1749/2064/1 1755/2222/1 1819/2223/1 

v 47397.5 300 -34732.4
v 47068.1 300 -34732.4
f 1820/2224/2 1821/2225/2 1819/2226/2 1755/2069/2 

v 47397.5 300 -34762.4
v 47057.7 300 -34762.4
f 1820/2076/1 1822/2075/1 1823/2227/1 1821/2228/1 

f 1754/2229/3 1822/2230/3 1820/2231/3 1755/2232/3 

v 48297.5 280 -34762.4
v 47397.5 280 -34762.4
f 1824/2233/2 1825/2234/2 1822/2235/2 1754/2218/2 1753/2236/2 1757/2237/2 

v 46903.6 280 -35206.3
vn 1.76086e-33 1 -4.44171e-34
v 47057.7 280 -34762.4
v 48661.4 280 -35600.3
v 48297.5 280 -35102.4
v 47397.5 280 -35102.4
v 47322.5 280 -35205
vt 1.37173 10.2081
v 47362.9 280 -35234.5
vt 1.38415 10.2172
v 47302.4 280 -35317.3
vt 1.36554 10.2427
v 47262 280 -35287.8
vt 1.35312 10.2336
v 47033.6 280 -35600.3
f 1826/2238/286 1827/2239/286 1825/2240/286 1824/2241/286 1781/2242/286 1780/2243/286 1828/2244/286 1829/2249/286 1830/2250/286 1831/3612/286 1832/3613/286 1833/3614/286 1834/3615/286 1835/2255/286 

v 46903.6 880 -35206.3
v 47229.3 880 -34268.2
v 47229.3 560 -34268.2
v 47203.5 560 -34342.4
v 47193.1 560 -34372.4
v 47193.1 540 -34372.4
v 47182.7 540 -34402.4
v 47182.7 520 -34402.4
v 47172.3 520 -34432.4
v 47172.3 500 -34432.4
v 47161.9 500 -34462.4
v 47161.9 480 -34462.4
v 47151.4 480 -34492.4
v 47151.4 460 -34492.4
v 47141 460 -34522.4
v 47141 440 -34522.4
v 47130.6 440 -34552.4
f 1821/2256/171 1823/2257/171 1827/2258/171 1826/2259/171 1836/2260/171 1837/2261/171 1838/2262/171 1839/2263/171 1840/2264/171 1841/2265/171 1842/2266/171 1843/2267/171 1844/2268/171 1845/2269/171 1846/2270/171 1847/2271/171 1848/2272/171 1849/2273/171 1850/2274/171 1851/2275/171 1852/2276/171 1806/2277/171 1805/2278/171 1807/2279/171 1808/2280/171 1810/2281/171 1812/2282/171 1813/2283/171 1814/2284/171 1816/2285/171 1817/2286/171 1818/2287/171 1819/2288/171 

usemtl FrontColor
v 47004.9 300 -34762
v 47015.3 300 -34732
f 1823/2289/1 1853/2290/1 1854/2291/1 1821/2292/1 

v 47004.9 280 -34762
f 1827/2293/41 1855/2294/41 1853/2295/41 1823/2296/41 

v 46850.8 280 -35205.9
f 1855/2290/1 1827/2289/1 1826/2297/1 1856/2298/1 

usemtl mramor
v 46850.8 880 -35205.9
f 1856/2299/172 1826/2300/172 1836/2301/172 1857/2302/172 

v 47229.3 280 -35417.3
vt -4.36372 10.2427
vt -4.3513 10.2336
v 47016.5 280 -35708.3
f 1858/2303/8 1833/3616/8 1834/3617/8 1835/2306/8 1826/2307/8 1856/2308/8 1859/2309/8 

vt -0.928107 7.44161
vn 0.807331 -1.84399e-15 -0.590099
v 47229.3 880 -35417.3
vt -0.889999 7.62622
v 47422.9 880 -35152.4
v 47422.9 280 -35152.4
vt -0.959646 7.44161
v 47362.9 707.8 -35234.5
vt -0.959646 7.57324
v 47302.4 707.8 -35317.3
vt -0.928107 7.57324
f 1833/3618/287 1858/2318/287 1860/3619/287 1861/2312/287 1862/2313/287 1832/3620/287 1863/3621/287 1864/3622/287 

v 47016.5 880 -35708.3
f 1858/2318/20 1859/2310/20 1865/2311/20 1860/3619/20 

f 1859/2319/7 1856/2320/7 1857/2321/7 1865/2322/7 

v 47128.5 880 -34406.2
v 47176.5 880 -34267.8
v 47176.5 560 -34267.8
v 47150.7 560 -34342
v 47140.3 560 -34372
v 47140.3 540 -34372
v 47129.9 540 -34402
v 47129.9 520 -34402
v 47119.5 520 -34432
v 47119.5 500 -34432
v 47109.1 500 -34462
v 47109.1 480 -34462
v 47098.7 480 -34492
v 47098.7 460 -34492
v 47088.2 460 -34522
v 47088.2 440 -34522
v 47077.8 440 -34552
v 47077.8 420 -34552
v 47067.4 420 -34582
v 47067.4 400 -34582
v 47057 400 -34612
v 47057 380 -34612
v 47046.6 380 -34642
v 47046.6 360 -34642
v 47036.2 360 -34672
v 47036.2 340 -34672
v 47025.8 340 -34702
v 47025.8 320 -34702
v 47015.3 320 -34732
f 1854/2256/174 1853/2257/174 1855/2258/174 1856/2259/174 1857/2260/174 1866/2323/174 1867/2261/174 1868/2262/174 1869/2263/174 1870/2264/174 1871/2265/174 1872/2266/174 1873/2267/174 1874/2268/174 1875/2269/174 1876/2270/174 1877/2271/174 1878/2272/174 1879/2273/174 1880/2274/174 1881/2275/174 1882/2276/174 1883/2277/174 1884/2278/174 1885/2279/174 1886/2280/174 1887/2281/174 1888/2282/174 1889/2283/174 1890/2284/174 1891/2285/174 1892/2286/174 1893/2287/174 1894/2288/174 

f 1866/2324/175 1837/2325/175 1836/2326/175 1857/2327/175 

v 48272.1 880 -35152.4
vt 1.34305 10.2735
v 47033.6 880 -35600.3
v 47397.5 880 -35102.4
v 48297.5 880 -35102.4
v 48661.4 880 -35600.3
v 48844.2 880 -35205.9
v 48678.4 880 -35708.3
v 48465.7 880 -35417.3
vt 1.72348 10.2735
f 1895/2328/1 1861/2329/1 1860/3623/1 1865/2330/1 1857/2331/1 1836/2238/1 1896/2255/1 1897/2250/1 1898/2249/1 1899/2244/1 1779/2243/1 1900/2332/1 1901/2333/1 1902/3624/1 

v 48272.1 280 -35152.4
f 1903/2334/2 1862/2335/2 1861/2336/2 1895/2337/2 

vt -4.36991 10.2081
vt -4.38233 10.2172
v 48465.7 280 -35417.3
v 48678.4 280 -35708.3
v 48844.2 280 -35205.9
f 1831/3625/8 1832/3626/8 1862/2345/8 1903/2338/8 1904/2357/8 1905/2358/8 1906/2359/8 1780/2360/8 1828/2361/8 1829/2341/8 1830/2342/8 

v 47322.5 707.8 -35205
f 1831/2675/208 1907/2676/208 1863/2677/208 1832/2678/208 

vt -2.07008 7.44161
v 47262 707.8 -35287.8
vt -2.07008 7.57324
vt -2.03854 7.57324
vt -2.03854 7.44161
f 1835/2659/205 1834/3627/205 1908/3628/205 1907/3629/205 1831/3630/205 1830/2664/205 1897/2665/205 1896/2666/205 

f 1908/2667/206 1834/2668/206 1833/2669/206 1864/2670/206 

vt -0.813137 10.1347
vt -0.794527 10.1602
vt -0.806947 10.1693
vt -0.825558 10.1438
f 1907/3631/207 1908/3632/207 1864/3633/207 1863/3634/207 

f 1830/2655/4 1829/2656/4 1898/2657/4 1897/2658/4 

f 1829/2373/15 1828/2370/15 1899/2371/15 1898/2372/15 

f 1828/2382/13 1780/2383/13 1779/2384/13 1899/2385/13 

f 1780/2386/183 1906/2387/183 1900/2388/183 1779/2389/183 

v 48690.2 280 -34762.4
f 1906/2390/8 1909/2391/8 1781/2392/8 1780/2393/8 

v 48596.3 460 -34492
v 48596.3 480 -34492
v 48585.9 480 -34462
v 48585.9 500 -34462
v 48575.5 500 -34432
v 48575.5 520 -34432
v 48565.1 520 -34402
v 48565.1 540 -34402
v 48554.6 540 -34372
v 48554.6 560 -34372
v 48544.2 560 -34342
v 48518.5 560 -34267.8
v 48518.5 880 -34267.8
v 48566.5 880 -34406.2
v 48690 280 -34762
v 48690 300 -34762
v 48679.6 300 -34732
v 48679.6 320 -34732
v 48669.2 320 -34702
f 1785/2088/184 1787/2089/184 1788/2090/184 1789/2091/184 1790/2092/184 1791/2093/184 1792/2094/184 1793/2095/184 1794/2096/184 1795/2097/184 1796/2098/184 1797/2099/184 1910/2100/184 1911/2101/184 1912/2102/184 1913/2103/184 1914/2104/184 1915/2105/184 1916/2106/184 1917/2107/184 1918/2108/184 1919/2109/184 1920/2110/184 1921/2111/184 1922/2112/184 1923/2394/184 1900/2113/184 1906/2114/184 1909/2395/184 1924/2115/184 1925/2116/184 1926/2117/184 1927/2118/184 1928/2119/184 1786/2120/184 

usemtl FrontColor
f 1766/2396/185 1910/2397/185 1797/2163/185 1765/2162/185 

f 1910/2398/164 1766/2399/164 1767/2400/164 1911/2401/164 

usemtl mramor
v 48297.5 460 -34492.4
v 48297.5 480 -34492.4
f 1766/2402/2 1929/2170/2 1930/2403/2 1767/2404/2 

f 1765/2173/1 1799/2172/1 1929/2405/1 1766/2406/1 

v 48297.5 480 -34522.4
f 1930/2407/5 1929/2408/5 1799/2409/5 1931/2410/5 

v 47397.5 460 -34522.4
v 47397.5 480 -34522.4
f 1798/2040/2 1803/2039/2 1932/2411/2 1933/2412/2 1931/2413/2 1799/2414/2 

f 1803/2415/2 1851/2416/2 1850/2417/2 1932/2418/2 

f 1802/2193/186 1852/2192/186 1851/2419/186 1803/2420/186 

f 1804/2197/2 1806/2421/2 1852/2422/2 1802/2415/2 

usemtl FrontColor
f 1882/2423/41 1852/2424/41 1806/2425/41 1883/2426/41 

f 1881/2427/1 1851/2428/1 1852/2429/1 1882/2430/1 

f 1880/2431/41 1850/2432/41 1851/2433/41 1881/2434/41 

f 1879/2435/1 1849/2436/1 1850/2428/1 1880/2427/1 

f 1878/2437/41 1848/2438/41 1849/2439/41 1879/2440/41 

f 1877/2441/1 1847/2442/1 1848/2436/1 1878/2435/1 

f 1876/2443/41 1846/2444/41 1847/2445/41 1877/2446/41 

f 1875/2447/187 1845/2448/187 1846/2442/187 1876/2441/187 

f 1845/2449/41 1875/2450/41 1874/2451/41 1844/2452/41 

f 1873/2453/1 1843/2454/1 1844/2448/1 1874/2447/1 

f 1872/2455/41 1842/2456/41 1843/2457/41 1873/2458/41 

f 1871/2459/188 1841/2460/188 1842/2454/188 1872/2453/188 

f 1841/2461/41 1871/2462/41 1870/2463/41 1840/2464/41 

f 1868/2465/189 1838/2466/189 1839/2467/189 1840/2460/189 1870/2459/189 1869/2468/189 

usemtl mramor
v 48272.1 560 -34003.4
v 48297.5 560 -34342.4
v 47397.5 560 -34342.4
v 47422.9 560 -34003.4
f 1934/392/190 1777/368/190 1776/2469/190 1935/2470/190 1936/2471/190 1839/2472/190 1838/805/190 1937/383/190 

usemtl FrontColor
v 48465.3 560 -34267.2
f 1777/2473/191 1938/2474/191 1921/2475/191 1920/2476/191 1919/2477/191 1775/2478/191 1776/2479/191 

f 1918/2480/192 1774/2481/192 1775/2482/192 1919/2483/192 

f 1774/2478/161 1918/2477/161 1917/2484/161 1773/2485/161 

f 1916/2486/163 1772/2487/163 1773/2488/163 1917/2489/163 

f 1772/2485/193 1916/2484/193 1915/2490/193 1771/2491/193 

f 1914/2492/164 1770/2493/164 1771/2494/164 1915/2495/164 

f 1770/2491/161 1914/2490/161 1913/2496/161 1769/2497/161 

f 1912/2498/163 1768/2499/163 1769/2500/163 1913/2501/163 

f 1768/2497/1 1912/2496/1 1911/2397/1 1767/2396/1 

usemtl mramor
v 48297.5 480 -34462.4
f 1939/2502/44 1768/2503/44 1767/2406/44 1930/2405/44 

v 48297.5 500 -34462.4
f 1768/2504/2 1939/2403/2 1940/2505/2 1769/2506/2 

v 47397.5 480 -34462.4
v 47397.5 500 -34462.4
v 47397.5 520 -34462.4
v 48297.5 520 -34462.4
f 1939/2413/2 1941/2412/2 1942/2507/2 1943/2508/2 1944/2509/2 1940/2510/2 

v 47397.5 480 -34492.4
f 1939/2511/159 1930/2512/159 1931/2182/159 1933/2185/159 1945/2513/159 1941/2514/159 

v 47397.5 460 -34492.4
f 1933/2515/3 1932/2516/3 1946/2517/3 1945/2518/3 

f 1932/2420/1 1850/2419/1 1849/2519/1 1946/2520/1 

f 1946/2418/2 1849/2521/2 1848/2522/2 1945/2523/2 

f 1945/2520/45 1848/2519/45 1847/2524/45 1941/2525/45 

f 1941/2523/2 1847/2526/2 1846/2527/2 1942/2528/2 

v 47397.5 500 -34432.4
f 1942/2525/194 1846/2524/194 1845/2529/194 1947/2530/194 

v 47397.5 520 -34432.4
f 1948/2531/2 1947/2528/2 1845/2532/2 1844/2533/2 

f 1943/2534/3 1942/2535/3 1947/2536/3 1948/2537/3 

v 48297.5 520 -34402.4
v 48297.5 520 -34432.4
v 47397.5 520 -34402.4
f 1949/2538/195 1950/2539/195 1944/2511/195 1943/2514/195 1948/2540/195 1951/2541/195 

f 1949/2542/196 1772/2543/196 1771/2544/196 1950/2545/196 

v 48297.5 540 -34402.4
f 1772/2546/2 1949/2547/2 1952/2548/2 1773/2549/2 

v 47397.5 540 -34402.4
v 47397.5 560 -34402.4
v 48297.5 560 -34402.4
f 1949/2509/2 1951/2508/2 1953/2550/2 1954/2551/2 1955/2552/2 1952/2553/2 

f 1953/2554/2 1951/2531/2 1843/2555/2 1842/2556/2 

f 1948/2530/197 1844/2529/197 1843/2557/197 1951/2558/197 

v 47397.5 540 -34372.4
f 1953/2558/198 1842/2557/198 1841/2559/198 1956/2560/198 

v 47397.5 560 -34372.4
f 1957/2561/2 1956/2554/2 1841/2562/2 1840/2563/2 

f 1954/2564/3 1953/2565/3 1956/2566/3 1957/2567/3 

v 48297.5 560 -34372.4
f 1935/2568/199 1958/2569/199 1955/2538/199 1954/2541/199 1957/2570/199 1936/2571/199 

f 1935/2470/200 1776/2469/200 1775/2572/200 1958/2573/200 

v 48297.5 540 -34372.4
f 1774/2574/2 1959/2548/2 1958/2575/2 1775/2576/2 

f 1773/2543/201 1952/2542/201 1959/2573/201 1774/2572/201 

f 1958/2577/5 1959/2578/5 1952/2579/5 1955/2580/5 

f 1957/2560/202 1840/2559/202 1839/2472/202 1936/2471/202 

v 48297.5 500 -34432.4
f 1770/2581/2 1960/2505/2 1950/2547/2 1771/2582/2 

f 1769/2503/203 1940/2502/203 1960/2545/203 1770/2544/203 

f 1950/2583/5 1960/2584/5 1940/2585/5 1944/2586/5 

usemtl FrontColor
f 1883/2430/187 1806/2429/187 1805/2587/187 1884/2588/187 

f 1884/2589/41 1805/2590/41 1807/2591/41 1885/2592/41 

f 1885/2588/1 1807/2587/1 1808/2593/1 1886/2594/1 

f 1886/2595/41 1808/2596/41 1810/2597/41 1887/2598/41 

f 1887/2594/187 1810/2593/187 1812/2599/187 1888/2600/187 

f 1888/2601/41 1812/2602/41 1813/2603/41 1889/2604/41 

f 1814/2605/1 1890/2606/1 1889/2600/1 1813/2599/1 

f 1816/2607/41 1891/2608/41 1890/2609/41 1814/2610/41 

f 1817/2611/1 1892/2612/1 1891/2606/1 1816/2605/1 

f 1818/2613/41 1893/2614/41 1892/2615/41 1817/2616/41 

f 1819/2292/1 1894/2291/1 1893/2612/1 1818/2611/1 

f 1821/2617/41 1854/2618/41 1894/2619/41 1819/2620/41 

usemtl mramor
f 1778/2621/204 1923/2622/204 1900/2623/204 1779/2624/204 

f 1906/2625/11 1905/2626/11 1901/2627/11 1900/2628/11 

vt -5.68696 7.62622
f 1905/2346/9 1904/2347/9 1902/3635/9 1901/2354/9 

f 1904/2347/9 1903/2352/9 1895/2353/9 1902/3635/9 

usemtl FrontColor
f 1924/2629/8 1781/2630/8 1909/2631/8

f 1760/2632/163 1925/2633/163 1924/2634/163 1781/2635/163 

f 1758/2636/161 1926/2637/161 1925/2638/161 1760/2639/161 

f 1926/2640/163 1758/2641/163 1759/2642/163 1927/2643/163 

f 1782/2133/1 1928/2132/1 1927/2637/1 1759/2636/1 

f 1783/2644/163 1786/2645/163 1928/2646/163 1782/2647/163 

usemtl mramor
f 1782/2648/2 1748/2236/2 1751/2122/2 1783/2649/2 

f 1748/2063/1 1782/2650/1 1759/2651/1 1752/2652/1 

f 1781/2653/2 1824/2233/2 1757/2237/2 1760/2654/2 

f 1826/2679/16 1835/2680/16 1896/2681/16 1836/2682/16 

f 1825/2234/2 1827/2683/2 1823/2684/2 1822/2235/2 

f 1741/2123/2 1747/2212/2 1811/2685/2 1734/2037/2 1733/2036/2 1737/2686/2 

f 1734/2687/3 1811/2688/3 1809/2689/3 1735/2690/3 

g Mesh21 Group23 Group20 Model

v 46573.5 840 -32193.2
v 46407.3 840 -31689.2
v 46407.3 1440 -31689.2
v 46573.5 1440 -32193.2
f 1961/19/7 1962/20/7 1963/21/7 1964/22/7 

v 48465.3 840 -33118.2
v 48540.9 840 -33183.5
v 48710.5 840 -32669.4
v 49105.4 840 -33209.8
v 49287.7 840 -32657.1
v 49121.4 840 -32193.2
v 49287.7 840 -31689.2
v 48972.2 840 -30808.9
v 48946.7 840 -30886.1
v 49234.8 840 -31689.8
v 49088.4 840 -32133.8
v 49069.1 840 -32192.2
v 49066.8 840 -32188.9
v 49234.8 840 -32657.8
v 49088.4 840 -33101.7
v 48693.5 840 -32561.4
v 48687.1 840 -32580.6
v 48661.7 840 -32657.8
v 48515.2 840 -33101.7
v 48060.9 840 -32480.2
v 47634.1 840 -32480.2
v 47179.7 840 -33101.7
v 47033.3 840 -32657.8
v 47007.8 840 -32580.6
v 47001.5 840 -32561.4
v 46606.6 840 -33101.7
v 46460.1 840 -32657.8
v 46626.4 840 -32193.9
v 46625.8 840 -32192.2
v 46606.6 840 -32133.8
v 46460.1 840 -31689.8
v 46748.2 840 -30886.1
v 46722.8 840 -30808.9
v 46407.3 840 -32657.1
v 46589.5 840 -33209.8
v 46984.5 840 -32669.4
v 47154 840 -33183.5
v 47229.6 840 -33118.2
v 47659.4 840 -32530.2
v 48035.5 840 -32530.2
f 1965/84/8 1966/85/8 1967/86/8 1968/87/8 1969/88/8 1970/89/8 1971/90/8 1972/91/8 1973/92/8 1974/93/8 1975/94/8 1976/95/8 1977/96/8 1978/97/8 1979/98/8 1980/99/8 1981/100/8 1982/101/8 1983/102/8 1984/80/8 1985/25/8 1986/26/8 1987/27/8 1988/28/8 1989/29/8 1990/30/8 1991/31/8 1992/32/8 1993/33/8 1994/34/8 1995/35/8 1996/36/8 1997/37/8 1962/38/8 1961/39/8 1998/40/8 1999/41/8 2000/42/8 2001/43/8 2002/44/8 2003/45/8 2004/83/8 

v 48465.3 1440 -33118.2
v 48540.9 1440 -33183.5
f 1966/157/10 1965/158/10 2005/159/10 2006/160/10 

v 48035.5 1440 -32530.2
f 1965/111/9 2004/112/9 2007/113/9 2005/114/9 

v 47659.4 1440 -32530.2
f 2004/72/2 2003/77/2 2008/78/2 2007/79/2 

v 47229.6 1440 -33118.2
f 2003/335/20 2002/336/20 2009/337/20 2008/338/20 

v 47154 1440 -33183.5
f 2002/339/21 2001/340/21 2010/341/21 2009/342/21 

v 46984.5 1440 -32669.4
f 2001/343/7 2000/344/7 2011/345/7 2010/346/7 

v 46589.5 1440 -33209.8
f 2000/347/20 1999/348/20 2012/349/20 2011/350/20 

v 46407.3 1440 -32657.1
f 1999/351/7 1998/352/7 2013/353/7 2012/354/7 

f 1998/355/19 1961/356/19 1964/357/19 2013/358/19 

v 46722.8 1440 -30808.9
v 46748.2 1440 -30886.1
v 46460.1 1440 -31689.8
v 46606.6 1440 -32133.8
v 46625.8 1440 -32192.2
v 46626.4 1440 -32193.9
v 46460.1 1440 -32657.8
v 46606.6 1440 -33101.7
v 47001.5 1440 -32561.4
v 47007.8 1440 -32580.6
v 47033.3 1440 -32657.8
v 47179.7 1440 -33101.7
v 47634.1 1440 -32480.2
v 48060.9 1440 -32480.2
v 48515.2 1440 -33101.7
v 48661.7 1440 -32657.8
v 48687.1 1440 -32580.6
v 48693.5 1440 -32561.4
v 49088.4 1440 -33101.7
v 49234.8 1440 -32657.8
v 49066.8 1440 -32188.9
v 49069.1 1440 -32192.2
v 49088.4 1440 -32133.8
v 49234.8 1440 -31689.8
v 48946.7 1440 -30886.1
v 48972.2 1440 -30808.9
v 49287.7 1440 -31689.2
v 49121.4 1440 -32193.2
v 49287.7 1440 -32657.1
v 49105.4 1440 -33209.8
v 48710.5 1440 -32669.4
f 2006/115/1 2005/116/1 2007/117/1 2008/118/1 2009/119/1 2010/120/1 2011/121/1 2012/122/1 2013/123/1 1964/124/1 1963/125/1 2014/126/1 2015/127/1 2016/128/1 2017/129/1 2018/130/1 2019/131/1 2020/132/1 2021/133/1 2022/134/1 2023/135/1 2024/136/1 2025/137/1 2026/138/1 2027/139/1 2028/140/1 2029/141/1 2030/142/1 2031/143/1 2032/144/1 2033/145/1 2034/146/1 2035/147/1 2036/148/1 2037/149/1 2038/150/1 2039/151/1 2040/152/1 2041/153/1 2042/154/1 2043/155/1 2044/156/1 

f 1962/331/19 1997/332/19 2014/333/19 1963/334/19 

f 1997/327/16 1996/328/16 2015/329/16 2014/330/16 

f 1996/323/18 1995/324/18 2016/325/18 2015/326/18 

v 46876.1 840 -31273.9
v 47372.9 840 -30594.2
v 47027.4 840 -31558
v 47001.5 840 -31593.5
v 46979.6 840 -31623.5
f 1996/311/1 2045/312/1 2046/313/1 2047/314/1 2048/315/1 2049/316/1 1994/317/1 1995/318/1 

v 47426 840 -30594.2
v 47033.3 840 -31689.8
v 47007.8 840 -31612.7
f 2050/319/1 2051/215/1 2052/214/1 2047/320/1 2046/321/1 

v 48060.9 840 -31512.2
v 47634.1 840 -31512.2
v 47179.7 840 -32133.8
v 48224.5 840 -30594.2
v 48269 840 -30594.2
v 48661.7 840 -31689.8
v 48515.2 840 -32133.8
f 2053/218/1 2054/217/1 2055/216/1 2051/215/1 2050/319/1 2056/322/1 2057/199/1 2058/220/1 2059/219/1 

v 48322.1 840 -30594.2
v 48667.5 840 -31558
v 48714.5 840 -31689.2
v 48710.5 840 -31701.5
v 48548.3 840 -32193.2
v 48532.3 840 -32241.8
v 48493.6 840 -32188.9
v 48035.5 840 -31562.2
v 47659.4 840 -31562.2
v 47201.3 840 -32188.9
v 47162.7 840 -32241.8
v 47146.7 840 -32193.2
v 46984.5 840 -31701.5
v 46980.4 840 -31689.2
f 2057/199/1 2060/200/1 2061/201/1 2062/202/1 2063/203/1 2064/204/1 2065/205/1 2066/206/1 2067/207/1 2068/208/1 2069/209/1 2070/210/1 2071/211/1 2072/212/1 2073/213/1 2052/214/1 2051/215/1 2055/216/1 2054/217/1 2053/218/1 2059/219/1 2058/220/1 

v 48818.8 840 -31273.9
f 2061/193/1 2060/194/1 2074/195/1 1973/196/1 1974/197/1 1975/198/1 

f 1974/189/14 1973/190/14 2038/191/14 2037/192/14 

f 1973/185/13 1972/186/13 2039/187/13 2038/188/13 

f 1972/181/12 1971/182/12 2040/183/12 2039/184/12 

f 1971/177/11 1970/178/11 2041/179/11 2040/180/11 

f 1970/173/12 1969/174/12 2042/175/12 2041/176/12 

f 1969/169/11 1968/170/11 2043/171/11 2042/172/11 

f 1968/165/9 1967/166/9 2044/167/9 2043/168/9 

f 1967/161/11 1966/162/11 2006/163/11 2044/164/11 

f 1975/226/13 1974/229/13 2037/230/13 2036/227/13 

f 1976/225/13 1975/226/13 2036/227/13 2035/228/13 

f 2061/193/1 1975/198/1 1976/221/1 1977/222/1 2063/223/1 2062/224/1 

f 1977/231/15 1976/232/15 2035/233/15 2034/234/15 

f 1978/235/14 1977/236/14 2034/237/14 2033/238/14 

v 48667.5 840 -32525.9
f 2075/239/1 2064/240/1 2063/223/1 1977/222/1 1978/241/1 1979/242/1 1980/243/1 

f 1981/142/1 1982/141/1 2066/206/1 2065/205/1 2064/204/1 2075/244/1 

f 1982/245/13 1981/246/13 2030/247/13 2029/248/13 

f 1981/246/13 1980/249/13 2031/250/13 2030/247/13 

usemtl FrontColor
f 1980/251/1 1981/252/1 2075/253/1

usemtl mramor
f 1980/254/15 1979/255/15 2032/256/15 2031/257/15 

f 1979/258/13 1978/259/13 2033/260/13 2032/261/13 

f 1983/262/13 1982/245/13 2029/248/13 2028/263/13 

f 2066/57/1 1982/58/1 1983/59/1 1984/46/1 1985/51/1 1986/52/1 1987/53/1 2069/54/1 2068/55/1 2067/56/1 

f 1984/264/15 1983/265/15 2028/266/15 2027/267/15 

f 1985/60/4 1984/65/4 2027/66/4 2026/67/4 

f 1986/275/17 1985/276/17 2026/277/17 2025/278/17 

f 1987/270/16 1986/273/16 2025/274/16 2024/271/16 

f 1988/269/16 1987/270/16 2024/271/16 2023/272/16 

v 47027.4 840 -32525.9
f 1987/136/1 1988/135/1 2076/268/1 2071/211/1 2070/210/1 2069/209/1 

f 1988/135/1 1989/134/1 2076/268/1

f 1989/279/16 1988/269/16 2023/272/16 2022/280/16 

f 1990/305/17 1989/306/17 2022/307/17 2021/308/17 

f 1993/281/1 2072/282/1 2071/283/1 2076/284/1 1989/285/1 1990/286/1 1991/287/1 1992/288/1 

f 1993/130/1 1994/129/1 2049/289/1 2048/290/1 2052/214/1 2073/213/1 2072/212/1 

f 1994/291/16 1993/292/16 2018/293/16 2017/294/16 

f 1993/292/16 1992/295/16 2019/296/16 2018/293/16 

f 1992/297/18 1991/298/18 2020/299/18 2019/300/18 

f 1991/301/16 1990/302/16 2021/303/16 2020/304/16 

f 1995/309/16 1994/291/16 2017/294/16 2016/310/16 

f 2048/290/1 2047/320/1 2052/214/1

g Mesh22 Group24 Group20 Model

usemtl Color_M00
v 48216.5 756.7 -35072.4
v 47487.5 756.7 -35072.4
v 47487.5 756.7 -35068.4
v 48216.5 756.7 -35068.4
f 2077/1/1 2078/2/1 2079/3/1 2080/4/1 

usemtl FrontColor
v 47487.5 351.7 -35072.4
v 47487.5 554.2 -35072.4
v 48216.5 351.7 -35072.4
f 2081/5/2 2082/6/2 2078/7/2 2077/8/2 2083/9/2 

v 47487.5 351.7 -35068.4
v 47487.5 554.2 -35068.4
f 2084/5/3 2085/6/3 2082/10/3 2081/11/3 

usemtl Color_M00
v 48216.5 351.7 -35068.4
f 2086/4/4 2080/12/4 2079/7/4 2085/6/4 2084/5/4 

f 2083/13/5 2077/14/5 2080/7/5 2086/3/5 

f 2081/15/6 2083/16/6 2086/9/6 2084/17/6 

f 2078/18/3 2082/10/3 2085/6/3 2079/7/3 

g Mesh23 Group25 Group20 Model

v 48206.4 1349.4 -30514.2
v 47477.4 1349.4 -30514.2
v 47477.4 1349.4 -30510.2
v 48206.4 1349.4 -30510.2
f 2087/1/1 2088/2/1 2089/3/1 2090/4/1 

usemtl FrontColor
v 47477.4 944.4 -30514.2
v 47477.4 1146.9 -30514.2
v 48206.4 944.4 -30514.2
f 2091/5/2 2092/6/2 2088/7/2 2087/8/2 2093/9/2 

v 47477.4 944.4 -30510.2
v 47477.4 1146.9 -30510.2
f 2094/5/3 2095/6/3 2092/10/3 2091/11/3 

usemtl Color_M00
v 48206.4 944.4 -30510.2
f 2096/4/4 2090/12/4 2089/7/4 2095/6/4 2094/5/4 

f 2093/13/5 2087/14/5 2090/7/5 2096/3/5 

f 2091/15/6 2093/16/6 2096/9/6 2094/17/6 

f 2088/18/3 2092/10/3 2095/6/3 2089/7/3 

g Mesh24 Group26 Group20 Model

usemtl mramor
v 48581.9 1680 -27203.6
v 48243.3 1680 -27203.6
v 48218.6 1680 -27173.6
v 48571.5 1680 -27173.6
v 48571.6 1680 -27174.1
f 2097/2902/210 2098/2903/210 2099/2904/210 2100/2905/210 2101/2906/210 

v 48581.9 1660 -27203.6
v 48243.3 1660 -27203.6
f 2097/2907/2 2102/2902/2 2103/2903/2 2098/2908/2 

v 48634.8 1660 -27203.6
v 48634.8 1680 -27203.6
f 2104/2909/211 2102/2902/211 2097/2907/211 2105/2910/211 

v 48645.2 1660 -27233.6
v 48592.3 1660 -27233.6
v 48582 1660 -27204.1
f 2102/2902/212 2104/2909/212 2106/2911/212 2107/2912/212 2108/2913/212 

v 48603.6 1720 -27113.6
v 48603.6 1740 -27113.6
v 48589.7 1740 -27073.7
v 48589.7 1962 -27073.7
v 48949 1962 -28108.7
v 48949 1400 -28108.7
v 48770.2 1400 -27593.6
v 48770.2 1420 -27593.6
v 48759.8 1420 -27563.6
v 48759.8 1440 -27563.6
v 48749.4 1440 -27533.6
v 48749.4 1460 -27533.6
v 48739 1460 -27503.6
v 48739 1480 -27503.6
v 48728.6 1480 -27473.6
v 48728.6 1500 -27473.6
v 48718.1 1500 -27443.6
v 48718.1 1520 -27443.6
v 48707.7 1520 -27413.6
v 48707.7 1540 -27413.6
v 48697.3 1540 -27383.6
v 48697.3 1560 -27383.6
v 48686.9 1560 -27353.6
v 48686.9 1580 -27353.6
v 48676.5 1580 -27323.6
v 48676.5 1600 -27323.6
v 48666.1 1600 -27293.6
v 48666.1 1620 -27293.6
v 48655.7 1620 -27263.6
v 48655.7 1640 -27263.6
v 48645.2 1640 -27233.6
v 48624.4 1680 -27173.6
v 48624.4 1700 -27173.6
v 48614 1700 -27143.6
v 48614 1720 -27143.6
f 2109/2914/213 2110/2915/213 2111/2916/213 2112/2917/213 2113/2918/213 2114/2919/213 2115/2920/213 2116/2921/213 2117/2922/213 2118/2923/213 2119/2924/213 2120/2925/213 2121/2926/213 2122/2927/213 2123/2928/213 2124/2929/213 2125/2930/213 2126/2931/213 2127/2932/213 2128/2933/213 2129/2934/213 2130/2935/213 2131/2936/213 2132/2937/213 2133/2938/213 2134/2939/213 2135/2940/213 2136/2941/213 2137/2942/213 2138/2943/213 2139/2944/213 2106/2945/213 2104/2946/213 2105/2947/213 2140/2948/213 2141/2949/213 2142/2950/213 2143/2951/213 

v 48550.6 1720 -27113.6
v 48550.6 1740 -27113.6
f 2110/2952/214 2109/2953/214 2144/2954/214 2145/2955/214 

v 48561.1 1720 -27143.6
v 48550.8 1720 -27114.1
f 2144/2954/1 2109/2953/1 2143/2956/1 2146/2957/1 2147/2958/1 

v 48561.1 1700 -27143.6
f 2146/2957/215 2143/2956/215 2142/2959/215 2148/2960/215 

v 48571.5 1700 -27173.6
v 48561.2 1700 -27144.1
f 2148/2957/216 2142/2956/216 2141/2961/216 2149/2905/216 2150/2962/216 

f 2140/2961/214 2100/2905/214 2149/2963/214 2141/2964/214 

f 2100/2905/217 2140/2961/217 2105/2909/217 2097/2902/217 2101/2906/217 

v 48545.4 1740 -27098.5
v 48545.4 1962 -27098.5
v 48896.2 1962 -28109.1
v 48896.2 1400 -28109.1
v 48717.4 1400 -27594.1
v 48717.4 1420 -27594.1
v 48717.3 1420 -27593.6
v 48707 1420 -27564.1
v 48707 1440 -27564.1
v 48706.9 1440 -27563.6
v 48696.6 1440 -27534.1
v 48696.6 1460 -27534.1
v 48696.5 1460 -27533.6
v 48686.2 1460 -27504.1
v 48686.2 1480 -27504.1
v 48686 1480 -27503.6
v 48675.8 1480 -27474.1
v 48675.8 1500 -27474.1
v 48675.6 1500 -27473.6
v 48665.4 1500 -27444.1
v 48665.4 1520 -27444.1
v 48665.2 1520 -27443.6
v 48654.9 1520 -27414.1
v 48654.9 1540 -27414.1
v 48654.8 1540 -27413.6
v 48644.5 1540 -27384.1
v 48644.5 1560 -27384.1
v 48644.4 1560 -27383.6
v 48634.1 1560 -27354.1
v 48634.1 1580 -27354.1
v 48634 1580 -27353.6
v 48623.7 1580 -27324.1
v 48623.7 1600 -27324.1
v 48623.6 1600 -27323.6
v 48613.3 1600 -27294.1
v 48613.3 1620 -27294.1
v 48613.1 1620 -27293.6
v 48602.9 1620 -27264.1
v 48602.9 1640 -27264.1
v 48602.7 1640 -27263.6
v 48592.5 1640 -27234.1
v 48592.5 1660 -27234.1
v 48582 1680 -27204.1
v 48571.6 1700 -27174.1
v 48561.2 1720 -27144.1
v 48550.8 1740 -27114.1
f 2145/2965/218 2151/2966/218 2152/2967/218 2153/2918/218 2154/2919/218 2155/2920/218 2156/2921/218 2157/2968/218 2158/2922/218 2159/2923/218 2160/2969/218 2161/2924/218 2162/2925/218 2163/2970/218 2164/2926/218 2165/2927/218 2166/2971/218 2167/2928/218 2168/2929/218 2169/2972/218 2170/2930/218 2171/2931/218 2172/2973/218 2173/2932/218 2174/2933/218 2175/2974/218 2176/2934/218 2177/2935/218 2178/2975/218 2179/2936/218 2180/2937/218 2181/2976/218 2182/2938/218 2183/2939/218 2184/2977/218 2185/2940/218 2186/2941/218 2187/2978/218 2188/2942/218 2189/2943/218 2190/2979/218 2191/2944/218 2192/2945/218 2107/2980/218 2108/2946/218 2193/2947/218 2097/2981/218 2101/2948/218 2194/2949/218 2149/2982/218 2150/2950/218 2195/2951/218 2146/2983/218 2147/2914/218 2196/2915/218 

v 48533.1 1740 -27083.6
v 48169.2 1740 -27113.6
v 48144.5 1740 -27083.6
f 2197/2984/1 2151/2985/1 2145/2954/1 2198/2986/1 2199/2987/1 

v 48539.1 1740 -27080.3
f 2197/2984/1 2200/2988/1 2151/2985/1

v 48533.1 1760 -27083.6
v 48569.3 1760 -27063.3
v 48577.4 1760 -27058.8
v 48577.4 1740 -27058.8
f 2197/2984/219 2201/2989/219 2202/2990/219 2203/2991/219 2204/2992/219 2200/2988/219 

v 48144.5 1760 -27083.6
f 2201/2993/2 2197/2984/2 2199/2987/2 2205/2994/2 

v 48434.3 1840 -26963.6
v 48409.6 1840 -26933.6
v 48143.9 1840 -26611
v 47919.2 1840 -26338.1
v 47847.5 1840 -26251
v 47847.5 1962 -26251
v 48508.4 1760 -27053.6
v 48508.4 1780 -27053.6
v 48483.7 1780 -27023.6
v 48483.7 1800 -27023.6
v 48459 1800 -26993.6
v 48459 1820 -26993.6
v 48434.3 1820 -26963.6
f 2206/2995/220 2207/2996/220 2208/2997/220 2209/2998/220 2210/2999/220 2211/3000/220 2152/2985/220 2151/3001/220 2197/3002/220 2201/3003/220 2212/3004/220 2213/3005/220 2214/3006/220 2215/3007/220 2216/3008/220 2217/3009/220 2218/3010/220 

v 48045.7 1840 -26963.6
v 48021 1840 -26933.6
f 2219/3011/1 2220/3012/1 2207/3013/1 2206/3014/1 

v 48070.4 1840 -26993.6
v 47624.6 1840 -26993.6
v 47649.3 1840 -26963.6
v 47674 1840 -26933.6
f 2220/3012/1 2219/3011/1 2221/3015/1 2222/3016/1 2223/3017/1 2224/3018/1 

v 48045.7 1820 -26963.6
v 48070.4 1820 -26993.6
f 2219/3019/221 2225/3011/221 2226/3015/221 2221/3020/221 

f 2206/3021/2 2218/3014/2 2225/3011/2 2219/3022/2 

v 48470.5 1840 -26943.3
v 48478.6 1840 -26938.8
v 48478.6 1820 -26938.8
f 2206/3023/222 2227/3024/222 2228/3025/222 2229/3026/222 2218/3014/222 

v 48175.4 1840 -26585
v 48462.6 1840 -26933.6
f 2208/3027/1 2230/3028/1 2231/3029/1 2227/3030/1 2206/3014/1 2207/3013/1 

v 47950.7 1840 -26312.1
f 2209/3031/1 2232/3032/1 2230/3028/1 2208/3027/1 

v 47847.5 1840 -26172.3
v 47957.8 1840 -26306.3
f 2232/3032/1 2209/3031/1 2210/3000/1 2233/3033/1 2234/3034/1 

v 47285.3 1840 -26933.6
f 2207/3013/1 2220/3012/1 2224/3018/1 2235/3035/1 2210/3000/1 2209/3031/1 2208/3027/1 

v 47260.6 1840 -26963.6
f 2223/3017/1 2236/3036/1 2235/3035/1 2224/3018/1 

v 47649.3 1820 -26963.6
v 47260.6 1820 -26963.6
f 2237/3017/2 2238/3036/2 2236/3037/2 2223/3038/2 

v 47624.6 1820 -26993.6
v 47235.9 1820 -26993.6
f 2237/3017/223 2239/3016/223 2240/3039/223 2238/3036/223 

f 2222/3040/224 2239/3016/224 2237/3017/224 2223/3041/224 

v 48070.4 1800 -26993.6
v 47624.6 1800 -26993.6
f 2241/3015/2 2242/3016/2 2239/3042/2 2222/3043/2 2221/3044/2 2226/3045/2 

v 48095.1 1800 -27023.6
v 48119.8 1800 -27053.6
v 47575.1 1800 -27053.6
v 47599.9 1800 -27023.6
f 2243/3046/225 2244/3047/225 2245/3048/225 2246/3049/225 2242/3016/225 2241/3015/225 

v 48095.1 1780 -27023.6
v 48119.8 1780 -27053.6
f 2243/3050/226 2247/3046/226 2248/3047/226 2244/3051/226 

f 2215/3052/2 2214/3053/2 2247/3046/2 2243/3054/2 

v 48519.9 1800 -27003.3
v 48528 1800 -26998.8
v 48528 1780 -26998.8
f 2215/3055/222 2249/3056/222 2250/3057/222 2251/3058/222 2214/3053/222 

v 48503.3 1800 -26968.8
v 48516.2 1800 -26998.8
f 2249/3059/1 2215/3053/1 2216/3060/1 2252/3061/1 2250/3058/1 2253/3062/1 

f 2243/3046/1 2241/3015/1 2216/3060/1 2215/3053/1 

f 2217/3063/2 2216/3060/2 2241/3015/2 2226/3045/2 

v 48495.2 1820 -26973.3
v 48503.3 1820 -26968.8
f 2217/3064/227 2254/3065/227 2255/3066/227 2252/3061/227 2216/3060/227 

v 48490.7 1820 -26967.8
f 2218/3014/1 2256/3067/1 2254/3068/1 2217/3060/1 

f 2255/3061/1 2256/3067/1 2218/3014/1 2229/3026/1 

f 2256/3067/1 2255/3061/1 2254/3068/1

v 48453.9 1840 -26908.8
v 48182.5 1840 -26579.2
v 47847.5 1962 -26172.3
v 48552.7 1760 -27028.8
v 48552.7 1780 -27028.8
f 2257/3069/228 2258/3070/228 2234/3071/228 2233/3072/228 2259/3033/228 2112/2917/228 2111/3073/228 2204/3074/228 2203/3075/228 2260/3076/228 2261/3077/228 2251/3078/228 2250/3079/228 2252/3080/228 2255/3081/228 2229/3082/228 2228/3083/228 

f 2230/3028/1 2258/3084/1 2257/3085/1 2228/3026/1 2227/3030/1 2231/3029/1 

f 2232/3032/1 2234/3034/1 2258/3084/1 2230/3028/1 

v 47105.3 1760 -27073.7
v 47105.3 1962 -27073.7
v 47216.3 1840 -26938.8
v 47216.3 1820 -26938.8
v 47191.6 1820 -26968.8
v 47191.6 1800 -26968.8
v 47166.9 1800 -26998.8
v 47166.9 1780 -26998.8
v 47142.2 1780 -27028.8
v 47142.2 1760 -27028.8
f 2262/3086/229 2263/3087/229 2259/3033/229 2233/3088/229 2264/3089/229 2265/3090/229 2266/3091/229 2267/3092/229 2268/3093/229 2269/3094/229 2270/3095/229 2271/3096/229 

v 46924.7 1962 -27593.6
v 47105.3 1740 -27073.7
v 47097.1 1740 -27097.2
v 47097.1 1720 -27097.2
v 47086.7 1720 -27127.2
v 47086.7 1700 -27127.2
v 47076.3 1700 -27157.2
v 47076.3 1680 -27157.2
v 47065.8 1680 -27187.2
v 47065.8 1660 -27187.2
v 47055.4 1660 -27217.2
v 47055.4 1640 -27217.2
v 47045 1640 -27247.2
v 47045 1620 -27247.2
v 47034.6 1620 -27277.2
v 47034.6 1600 -27277.2
v 47024.2 1600 -27307.2
v 47024.2 1580 -27307.2
v 47013.8 1580 -27337.2
v 47013.8 1560 -27337.2
v 47003.3 1560 -27367.2
v 47003.3 1540 -27367.2
v 46992.9 1540 -27397.2
v 46992.9 1520 -27397.2
v 46982.5 1520 -27427.2
v 46982.5 1500 -27427.2
v 46972.1 1500 -27457.2
v 46972.1 1480 -27457.2
v 46961.7 1480 -27487.2
v 46961.7 1460 -27487.2
v 46951.3 1460 -27517.2
v 46951.3 1440 -27517.2
v 46940.8 1440 -27547.2
v 46940.8 1420.7 -27547.2
v 46930.4 1420.7 -27577.2
v 46930.4 1400 -27577.2
v 46924.7 1400 -27593.6
f 2272/3097/230 2263/3087/230 2262/3098/230 2273/3099/230 2274/3100/230 2275/3101/230 2276/3102/230 2277/3103/230 2278/3104/230 2279/3105/230 2280/3106/230 2281/3107/230 2282/3108/230 2283/3109/230 2284/3110/230 2285/3111/230 2286/3112/230 2287/3113/230 2288/3114/230 2289/3115/230 2290/3116/230 2291/3117/230 2292/3118/230 2293/3119/230 2294/3120/230 2295/3121/230 2296/3122/230 2297/3123/230 2298/3124/230 2299/3125/230 2300/3126/230 2301/3127/230 2302/3128/230 2303/3129/230 2304/3130/230 2305/3131/230 2306/3132/230 2307/3133/230 2308/3134/230 

vn -3.91649e-16 1 -3.25932e-16
v 47149.6 1962 -27098.5
v 46972 1962 -27610
v 48768.9 1962 -28654.9
v 48568.3 1962 -28380.5
v 48608.7 1962 -28351
v 48751.8 1962 -28546.9
f 2152/2985/288 2211/3000/288 2309/3144/288 2310/3145/288 2272/3097/288 2263/3087/288 2259/3033/288 2112/2917/288 2113/2918/288 2311/3146/288 2312/1859/288 2313/3141/288 2314/3142/288 2153/3143/288 

v 47235.9 1800 -26993.6
v 47211.2 1800 -27023.6
v 47211.2 1780 -27023.6
v 47186.5 1780 -27053.6
v 47186.5 1760 -27053.6
v 47161.8 1760 -27083.6
v 47161.8 1740 -27083.6
v 47149.6 1740 -27098.5
f 2210/3279/240 2235/3280/240 2236/3281/240 2238/3282/240 2240/3283/240 2315/3284/240 2316/3285/240 2317/3286/240 2318/3287/240 2319/3288/240 2320/3289/240 2321/3290/240 2322/3291/240 2309/3144/240 2211/3000/240 

f 2264/3276/1 2233/3033/1 2210/3000/1 2235/3035/1 2236/3036/1 

f 2264/3276/237 2236/3036/237 2238/3277/237 2265/3278/237 

f 2265/3276/239 2238/3036/239 2240/3039/239 2266/3273/239 

f 2266/3273/237 2240/3039/237 2315/3274/237 2267/3275/237 

f 2242/3016/2 2315/3039/2 2240/3292/2 2239/3042/2 

f 2242/3016/1 2246/3049/1 2316/3270/1 2315/3039/1 

v 47599.9 1780 -27023.6
f 2323/3049/2 2317/3270/2 2316/3293/2 2246/3294/2 

v 47575.1 1780 -27053.6
f 2324/3048/241 2318/3266/241 2317/3270/241 2323/3049/241 

v 47575.1 1760 -27053.6
f 2325/3048/2 2319/3266/2 2318/3295/2 2324/3296/2 

v 47550.4 1760 -27083.6
f 2326/3297/1 2320/3262/1 2319/3266/1 2325/3048/1 

v 47550.4 1740 -27083.6
f 2326/3298/2 2327/3297/2 2321/3262/2 2320/3299/2 

v 47525.7 1760 -27113.6
v 47525.7 1740 -27113.6
f 2328/3300/242 2329/3301/242 2327/3297/242 2326/3302/242 

v 48169.2 1720 -27113.6
v 47525.7 1720 -27113.6
v 48169.2 1760 -27113.6
f 2330/2986/2 2331/3301/2 2329/3303/2 2328/3304/2 2332/3305/2 2198/3306/2 

v 48193.9 1720 -27143.6
v 48218.6 1720 -27173.6
v 47476.3 1720 -27173.6
v 47501 1720 -27143.6
f 2333/3307/1 2334/2904/1 2335/3308/1 2336/3309/1 2331/3301/1 2330/2986/1 

v 48193.9 1700 -27143.6
v 48218.6 1700 -27173.6
f 2333/3310/243 2337/3307/243 2338/2904/243 2334/3311/243 

f 2146/3312/2 2148/2957/2 2337/3307/2 2333/3313/2 

f 2148/2957/244 2150/2962/244 2149/2905/244 2338/2904/244 2337/3307/244 

f 2149/2963/2 2100/2905/2 2099/2904/2 2338/3314/2 

v 47476.3 1680 -27173.6
v 47476.3 1700 -27173.6
f 2099/2904/2 2339/3308/2 2340/3315/2 2335/3316/2 2334/3317/2 2338/3314/2 

v 48268 1680 -27233.6
v 47426.9 1680 -27233.6
v 47451.6 1680 -27203.6
f 2098/2903/1 2341/3318/1 2342/3319/1 2343/3320/1 2339/3308/1 2099/2904/1 

v 48268 1660 -27233.6
f 2341/3318/243 2098/2903/243 2103/3321/243 2344/3322/243 

f 2102/2902/245 2108/2913/245 2107/2912/245 2344/3318/245 2103/2903/245 

v 48592.3 1640 -27233.6
v 48268 1640 -27233.6
f 2107/3323/2 2345/2912/2 2346/3318/2 2344/3324/2 

f 2107/2912/246 2106/2911/246 2139/3325/246 2345/3326/246 

f 2345/2912/247 2139/2911/247 2138/3327/247 2190/3328/247 2191/3329/247 

v 48602.7 1620 -27263.6
f 2137/3330/248 2347/3331/248 2190/3328/248 2138/3327/248 

f 2137/3332/249 2347/3333/249 2188/3334/249 2187/3335/249 2136/3336/249 

v 48314.3 1620 -27293.6
v 48292.7 1620 -27263.6
v 48313.8 1620 -27289.2
f 2348/3337/250 2187/3335/250 2188/3334/250 2347/3333/250 2349/3338/250 2350/3339/250 

v 48314.3 1600 -27293.6
v 48613.1 1600 -27293.6
f 2348/3337/251 2351/3340/251 2352/3341/251 2187/3335/251 

v 47380.7 1600 -27293.6
v 47380.7 1620 -27293.6
v 47380.7 1640 -27293.6
v 48314.3 1640 -27293.6
f 2353/3342/2 2354/3343/2 2355/3344/2 2356/3340/2 2348/3337/2 2351/3345/2 

v 47081.8 1600 -27293.6
v 47081.8 1620 -27293.6
f 2353/3344/2 2357/3235/2 2358/3346/2 2354/3347/2 

v 47377.3 1600 -27323.6
v 47071.4 1600 -27323.6
f 2359/3348/1 2360/3231/1 2357/3235/1 2353/3344/1 

v 47377.3 1580 -27323.6
v 47071.4 1580 -27323.6
f 2359/3349/2 2361/3348/2 2362/3231/2 2360/3350/2 

v 47374 1580 -27353.6
v 47374 1600 -27353.6
f 2363/3351/252 2361/3348/252 2359/3352/252 2364/3353/252 

v 47061 1580 -27353.6
f 2363/3351/1 2365/3227/1 2362/3231/1 2361/3348/1 

v 47374 1560 -27353.6
v 47061 1560 -27353.6
f 2366/3351/2 2367/3227/2 2365/3354/2 2363/3355/2 

v 47370.7 1560 -27383.6
v 47050.6 1560 -27383.6
f 2368/3356/1 2369/3223/1 2367/3227/1 2366/3351/1 

v 47370.7 1540 -27383.6
v 47050.6 1540 -27383.6
f 2368/3357/2 2370/3356/2 2371/3223/2 2369/3358/2 

v 47367.4 1560 -27413.6
v 47367.4 1540 -27413.6
f 2372/3359/252 2373/3360/252 2370/3356/252 2368/3361/252 

v 48327.6 1520 -27413.6
v 47367.4 1520 -27413.6
v 48327.6 1560 -27413.6
v 48327.6 1540 -27413.6
f 2374/3362/2 2375/3360/2 2373/3363/2 2372/3364/2 2376/3365/2 2377/3366/2 

v 48330.9 1520 -27443.6
v 48334.2 1520 -27473.6
v 47360.8 1520 -27473.6
v 47364.1 1520 -27443.6
f 2375/3360/1 2374/3362/1 2378/3367/1 2379/3368/1 2380/3369/1 2381/3370/1 

v 48654.8 1520 -27413.6
f 2378/3367/1 2374/3362/1 2382/3371/1 2173/3372/1 2172/3373/1 

f 2175/3374/2 2382/3371/2 2374/3362/2 2377/3366/2 

f 2175/3371/2 2128/3375/2 2127/3376/2 2382/3377/2 

v 48644.4 1540 -27383.6
f 2383/3378/1 2129/3379/1 2128/3375/1 2175/3371/1 2176/3380/1 

f 2178/3378/253 2130/3379/253 2129/3381/253 2383/3382/253 

v 48634 1560 -27353.6
f 2384/3383/1 2131/3384/1 2130/3379/1 2178/3378/1 2179/3385/1 

f 2181/3383/253 2132/3384/253 2131/3386/253 2384/3387/253 

v 48623.6 1580 -27323.6
f 2385/3388/1 2133/3389/1 2132/3384/1 2181/3383/1 2182/3390/1 

f 2184/3388/254 2134/3389/254 2133/3391/254 2385/3392/254 

f 2352/3341/212 2135/3393/212 2134/3389/212 2184/3388/212 2185/3394/212 

f 2136/3336/255 2187/3335/255 2352/3341/255 2135/3393/255 

v 48317.6 1600 -27323.6
f 2386/3395/256 2351/3340/256 2352/3341/256 2185/3394/256 2184/3388/256 

v 48320.9 1600 -27353.6
f 2353/3344/257 2351/3340/257 2386/3395/257 2387/3396/257 2364/3351/257 2359/3348/257 

v 48317.6 1580 -27323.6
v 48320.9 1580 -27353.6
f 2388/3395/258 2389/3396/258 2387/3397/258 2386/3398/258 

f 2385/3388/1 2182/3390/1 2181/3383/1 2389/3396/1 2388/3395/1 

v 48320.9 1560 -27353.6
f 2181/3399/2 2384/3383/2 2390/3396/2 2389/3400/2 

v 48324.3 1560 -27383.6
f 2391/3401/1 2390/3396/1 2384/3383/1 2179/3385/1 2178/3378/1 

f 2366/3351/1 2390/3396/1 2391/3401/1 2376/3362/1 2372/3360/1 2368/3356/1 

f 2390/3396/2 2366/3351/2 2363/3355/2 2364/3402/2 2387/3403/2 2389/3400/2 

v 48324.3 1540 -27383.6
f 2377/3404/259 2376/3362/259 2391/3401/259 2392/3405/259 

f 2178/3406/2 2383/3378/2 2392/3401/2 2391/3407/2 

f 2383/3378/1 2176/3380/1 2175/3371/1 2377/3362/1 2392/3401/1 

f 2184/3408/2 2385/3388/2 2388/3395/2 2386/3409/2 

f 2382/3371/1 2127/3375/1 2126/3410/1 2172/3373/1 2173/3372/1 

v 48665.2 1500 -27443.6
f 2125/3410/2 2393/3373/2 2172/3411/2 2126/3412/2 

f 2393/3373/1 2125/3410/1 2124/3413/1 2169/3414/1 2170/3415/1 

v 48675.6 1480 -27473.6
f 2169/3414/2 2124/3413/2 2123/3416/2 2394/3417/2 

f 2394/3414/1 2123/3413/1 2122/3418/1 2166/3419/1 2167/3420/1 

v 48686 1460 -27503.6
f 2395/3421/2 2166/3419/2 2122/3418/2 2121/3422/2 

v 48337.5 1460 -27503.6
v 48337.5 1480 -27503.6
f 2166/3423/2 2395/3419/2 2396/3424/2 2397/3425/2 

v 48340.8 1460 -27533.6
f 2395/3419/1 2164/3426/1 2163/3427/1 2398/3428/1 2396/3424/1 

f 2395/3419/1 2121/3418/1 2120/3429/1 2163/3427/1 2164/3426/1 

v 48696.5 1440 -27533.6
f 2163/3427/2 2120/3429/2 2119/3430/2 2399/3431/2 

f 2399/3427/1 2119/3429/1 2118/3432/1 2160/3433/1 2161/3434/1 

v 48706.9 1420 -27563.6
f 2160/3433/2 2118/3432/2 2117/3435/2 2400/3436/2 

f 2400/3433/1 2117/3432/1 2116/3437/1 2157/3154/1 2158/3438/1 

v 48717.3 1400 -27593.6
f 2115/3439/2 2401/3440/2 2157/3154/2 2116/3437/2 

v 48751.8 1400 -28546.9
v 48608.7 1400 -28351
v 48568.3 1400 -28380.5
v 48768.9 1400 -28654.9
f 2114/3441/8 2115/3442/8 2401/3154/8 2155/3155/8 2154/3143/8 2402/3443/8 2403/3444/8 2404/3445/8 2405/3446/8 

v 46977.7 1400 -27593.6
v 47347.5 1400 -27593.6
v 48490.7 1400 -28189.5
v 48347.5 1400 -27993.6
v 47347.5 1400 -27993.6
v 47204.3 1400 -28189.5
v 47086.3 1400 -28351
v 46943.1 1400 -28546.9
v 46798.7 1400 -28109.1
v 46972 1400 -27610
f 2406/3152/1 2407/3153/1 2401/3154/1 2155/3155/1 2154/3143/1 2402/3142/1 2403/3141/1 2408/3140/1 2409/3139/1 2410/3138/1 2411/3137/1 2412/3136/1 2413/3135/1 2414/3149/1 2415/3145/1 

v 46977.7 1420.7 -27593.6
v 47347.5 1420.7 -27593.6
f 2407/3153/2 2406/3152/2 2416/3158/2 2417/3159/2 

v 46988.1 1420.7 -27563.6
v 47144.3 1740 -27113.6
v 47144.3 1720 -27113.6
v 47133.9 1720 -27143.6
v 47133.9 1700 -27143.6
v 47123.5 1700 -27173.6
v 47123.5 1680 -27173.6
v 47113.1 1680 -27203.6
v 47113.1 1660 -27203.6
v 47102.7 1660 -27233.6
v 47102.7 1640 -27233.6
v 47092.2 1640 -27263.6
v 47092.2 1620 -27263.6
v 47040.2 1540 -27413.6
v 47040.2 1520 -27413.6
v 47029.7 1520 -27443.6
v 47029.7 1500 -27443.6
v 47019.3 1500 -27473.6
v 47019.3 1480 -27473.6
v 47008.9 1480 -27503.6
v 47008.9 1460 -27503.6
v 46998.5 1460 -27533.6
v 46998.5 1440 -27533.6
v 46988.1 1440 -27563.6
f 2418/3160/233 2416/3161/233 2406/3162/233 2415/3163/233 2310/3145/233 2309/3144/233 2322/3164/233 2419/3165/233 2420/3166/233 2421/3167/233 2422/3168/233 2423/3169/233 2424/3170/233 2425/3171/233 2426/3172/233 2427/3173/233 2428/3174/233 2429/3175/233 2430/3176/233 2358/3177/233 2357/3178/233 2360/3179/233 2362/3180/233 2365/3181/233 2367/3182/233 2369/3183/233 2371/3184/233 2431/3185/233 2432/3186/233 2433/3187/233 2434/3188/233 2435/3189/233 2436/3190/233 2437/3191/233 2438/3192/233 2439/3193/233 2440/3194/233 2441/3195/233 

v 47350.8 1420.7 -27563.6
f 2417/3153/1 2416/3152/1 2418/3196/1 2442/3197/1 

f 2305/3198/1 2418/3196/1 2416/3152/1 2306/3199/1 

f 2304/3198/234 2441/3196/234 2418/3200/234 2305/3201/234 

f 2303/3202/1 2440/3203/1 2441/3196/1 2304/3198/1 

f 2302/3202/234 2439/3203/234 2440/3204/234 2303/3205/234 

f 2301/3206/1 2438/3207/1 2439/3203/1 2302/3202/1 

f 2300/3206/234 2437/3207/234 2438/3208/234 2301/3209/234 

f 2299/3210/1 2436/3211/1 2437/3207/1 2300/3206/1 

f 2298/3210/234 2435/3211/234 2436/3212/234 2299/3213/234 

f 2297/3214/1 2434/3215/1 2435/3211/1 2298/3210/1 

f 2434/3215/234 2297/3214/234 2296/3216/234 2433/3217/234 

f 2295/3218/1 2432/3219/1 2433/3215/1 2296/3214/1 

f 2294/3218/234 2431/3219/234 2432/3220/234 2295/3221/234 

f 2293/3222/1 2371/3223/1 2431/3219/1 2294/3218/1 

f 2371/3223/234 2293/3222/234 2292/3224/234 2369/3225/234 

f 2291/3226/1 2367/3227/1 2369/3223/1 2292/3222/1 

f 2290/3226/234 2365/3227/234 2367/3228/234 2291/3229/234 

f 2289/3230/1 2362/3231/1 2365/3227/1 2290/3226/1 

f 2362/3231/234 2289/3230/234 2288/3232/234 2360/3233/234 

f 2287/3234/1 2357/3235/1 2360/3231/1 2288/3230/1 

f 2286/3234/234 2358/3235/234 2357/3236/234 2287/3237/234 

f 2285/3238/1 2430/3239/1 2358/3235/1 2286/3234/1 

f 2430/3239/234 2285/3238/234 2284/3240/234 2429/3241/234 

f 2283/3242/1 2428/3243/1 2429/3239/1 2284/3238/1 

f 2428/3243/234 2283/3242/234 2282/3244/234 2427/3245/234 

f 2281/3246/235 2426/3247/235 2427/3243/235 2282/3242/235 

f 2426/3247/234 2281/3246/234 2280/3248/234 2425/3249/234 

f 2279/3250/1 2424/3251/1 2425/3247/1 2280/3246/1 

f 2424/3251/234 2279/3250/234 2278/3252/234 2423/3253/234 

f 2277/3254/1 2422/3255/1 2423/3251/1 2278/3250/1 

f 2422/3255/234 2277/3254/234 2276/3256/234 2421/3257/234 

f 2275/3258/1 2420/3259/1 2421/3255/1 2276/3254/1 

f 2420/3259/234 2275/3258/234 2274/3260/234 2419/3261/234 

f 2273/3087/1 2321/3262/1 2322/3144/1 2419/3259/1 2274/3258/1 

f 2321/3262/236 2273/3087/236 2262/3263/236 2320/3264/236 

f 2320/3262/1 2262/3087/1 2271/3265/1 2319/3266/1 

f 2270/3265/237 2318/3266/237 2319/3267/237 2271/3268/237 

f 2269/3269/1 2317/3270/1 2318/3266/1 2270/3265/1 

f 2317/3270/238 2269/3269/238 2268/3271/238 2316/3272/238 

f 2267/3273/1 2315/3039/1 2316/3270/1 2268/3269/1 

f 2327/3297/1 2329/3301/1 2419/3259/1 2322/3144/1 2321/3262/1 

f 2331/3301/2 2420/3259/2 2419/3593/2 2329/3303/2 

f 2336/3309/1 2421/3255/1 2420/3259/1 2331/3301/1 

v 47501 1700 -27143.6
f 2443/3309/2 2422/3255/2 2421/3591/2 2336/3592/2 

f 2340/3308/1 2423/3251/1 2422/3255/1 2443/3309/1 

f 2339/3308/2 2424/3251/2 2423/3590/2 2340/3315/2 

f 2339/3308/1 2343/3320/1 2425/3247/1 2424/3251/1 

v 47451.6 1660 -27203.6
f 2444/3320/2 2426/3247/2 2425/3587/2 2343/3588/2 

v 47426.9 1660 -27233.6
f 2445/3319/281 2427/3243/281 2426/3247/281 2444/3320/281 

v 47426.9 1640 -27233.6
f 2446/3319/2 2428/3243/2 2427/3589/2 2445/3583/2 

v 47402.2 1640 -27263.6
f 2446/3319/1 2447/3566/1 2429/3239/1 2428/3243/1 

v 48292.7 1640 -27263.6
v 48313.8 1640 -27289.2
v 47381.2 1640 -27289.2
f 2346/3318/1 2448/3570/1 2449/3571/1 2356/3340/1 2355/3344/1 2450/3572/1 2447/3566/1 2446/3319/1 

f 2448/3570/277 2346/3318/277 2345/2912/277 2191/3329/277 2190/3328/277 

f 2190/3328/278 2347/3331/278 2349/3573/278 2448/3570/278 

f 2449/3571/243 2448/3570/243 2349/3574/243 2350/3575/243 

f 2449/3571/272 2350/3576/272 2348/3577/272 2356/3340/272 

v 47381.2 1620 -27289.2
f 2451/3578/279 2450/3572/279 2355/3344/279 2354/3579/279 

v 47402.2 1620 -27263.6
f 2452/3580/242 2447/3566/242 2450/3572/242 2451/3581/242 

f 2452/3566/2 2430/3239/2 2429/3568/2 2447/3569/2 

v 47380.7 1620 -27289.7
f 2430/3239/1 2452/3566/1 2453/3567/1 2354/3344/1 2358/3235/1 

f 2346/3582/4 2344/3324/4 2341/3318/4 2342/3319/4 2445/3583/4 2446/3584/4 

f 2444/3585/280 2343/3320/280 2342/3319/280 2445/3586/280 

f 2335/3594/282 2340/3308/282 2443/3309/282 2336/3595/282 

f 2373/3360/1 2431/3219/1 2371/3223/1 2370/3356/1 

f 2375/3360/2 2432/3219/2 2431/3564/2 2373/3363/2 

f 2381/3370/276 2433/3215/276 2432/3219/276 2375/3360/276 

v 47364.1 1500 -27443.6
f 2381/3549/2 2454/3370/2 2434/3215/2 2433/3550/2 

v 47360.8 1500 -27473.6
f 2380/3551/252 2455/3369/252 2454/3370/252 2381/3552/252 

v 48334.2 1480 -27473.6
v 47360.8 1480 -27473.6
v 48334.2 1500 -27473.6
f 2456/3368/2 2457/3369/2 2455/3548/2 2380/3553/2 2379/3554/2 2458/3555/2 

v 48340.8 1480 -27533.6
v 47354.1 1480 -27533.6
v 47357.4 1480 -27503.6
f 2457/3369/1 2456/3368/1 2397/3424/1 2459/3428/1 2460/3534/1 2461/3544/1 

f 2397/3424/1 2456/3368/1 2394/3414/1 2167/3420/1 2166/3419/1 

f 2169/3556/2 2394/3414/2 2456/3368/2 2458/3555/2 

v 48330.9 1500 -27443.6
f 2393/3373/1 2170/3415/1 2169/3414/1 2458/3368/1 2462/3367/1 

f 2458/3557/274 2379/3368/274 2378/3367/274 2462/3558/274 

f 2172/3411/2 2393/3373/2 2462/3367/2 2378/3559/2 

f 2398/3560/275 2459/3428/275 2397/3424/275 2396/3561/275 

v 48340.8 1440 -27533.6
v 47354.1 1440 -27533.6
v 47354.1 1460 -27533.6
f 2463/3428/2 2464/3534/2 2465/3535/2 2460/3536/2 2459/3537/2 2398/3538/2 

v 48344.2 1440 -27563.6
v 48347.5 1440 -27593.6
v 47347.5 1440 -27593.6
v 47350.8 1440 -27563.6
f 2464/3534/1 2463/3428/1 2466/3529/1 2467/3530/1 2468/3153/1 2469/3197/1 

f 2466/3529/1 2463/3428/1 2399/3427/1 2161/3434/1 2160/3433/1 

f 2163/3565/2 2399/3427/2 2463/3428/2 2398/3538/2 

v 48344.2 1420 -27563.6
f 2160/3532/2 2400/3433/2 2470/3529/2 2466/3533/2 

v 48347.5 1420 -27593.6
f 2400/3433/1 2158/3438/1 2157/3154/1 2471/3530/1 2470/3529/1 

f 2467/3524/2 2471/3525/2 2157/3526/2 2401/3154/2 2407/3153/2 2417/3159/2 2468/3527/2 

f 2466/3528/272 2470/3529/272 2471/3530/272 2467/3531/272 

f 2468/3542/273 2417/3153/273 2442/3197/273 2469/3543/273 

f 2442/3197/2 2418/3196/2 2441/3540/2 2469/3541/2 

f 2469/3197/1 2441/3196/1 2440/3203/1 2464/3534/1 

f 2464/3534/2 2440/3203/2 2439/3539/2 2465/3535/2 

v 47357.4 1460 -27503.6
f 2465/3534/1 2439/3203/1 2438/3207/1 2472/3544/1 

f 2472/3544/2 2438/3207/2 2437/3545/2 2461/3546/2 

f 2461/3544/1 2437/3207/1 2436/3211/1 2457/3369/1 

f 2457/3369/2 2436/3211/2 2435/3547/2 2455/3548/2 

f 2455/3369/1 2435/3211/1 2434/3215/1 2454/3370/1 

f 2460/3562/252 2465/3534/252 2472/3544/252 2461/3563/252 

f 2306/3199/234 2416/3152/234 2406/3514/234 2307/3515/234 

f 2406/3511/8 2307/3512/8 2308/3513/8

vn -1.57119e-31 -1 -2.25493e-32
v 46745.9 1400 -28108.7
v 46926.1 1400 -28654.9
v 47126.7 1400 -28380.5
v 47244.7 1400 -28219
v 47372.9 1400 -28043.6
v 48322.1 1400 -28043.6
v 48450.3 1400 -28219
v 48486.3 1400 -28268.3
vt 1.72982 7.90476
vt 1.75506 7.87023
vt 1.76748 7.87931
f 2406/3505/289 2308/3506/289 2473/3507/289 2474/3499/289 2475/3500/289 2476/3473/289 2477/3474/289 2478/3469/289 2479/3470/289 2480/3636/289 2404/3637/289 2403/3638/289 2408/3471/289 2409/3139/289 2410/3138/289 2411/3472/289 2412/3501/289 2413/3502/289 2414/3503/289 2415/3504/289 

v 46745.9 1962 -28108.7
f 2473/3516/270 2308/3517/270 2272/3097/270 2481/3148/270 

v 46798.7 1962 -28109.1
v 46943.1 1962 -28546.9
v 47086.3 1962 -28351
v 47126.7 1962 -28380.5
v 46926.1 1962 -28654.9
f 2481/3148/1 2272/3097/1 2310/3145/1 2482/3149/1 2483/3135/1 2484/3136/1 2485/1766/1 2486/3147/1 

f 2482/3149/269 2310/3145/269 2415/3163/269 2414/3510/269 

f 2414/3149/16 2413/3135/16 2483/3508/16 2482/3509/16 

f 2413/3135/17 2412/3136/17 2484/3150/17 2483/3151/17 

vn -0.807331 -2.89137e-18 0.590099
v 47204.3 1962 -28189.5
f 2412/3136/290 2411/3137/290 2487/3480/290 2484/3150/290 

v 47347.5 1962 -27993.6
f 2411/3137/17 2410/3138/17 2488/3479/17 2487/3480/17 

v 48347.5 1962 -27993.6
f 2488/3477/4 2410/3138/4 2409/3139/4 2489/3478/4 

v 48490.7 1962 -28189.5
f 2409/3139/15 2408/3140/15 2490/3475/15 2489/3476/15 

vt 1.62787 8.20125
f 2408/3140/15 2403/3141/15 2313/3639/15 2490/3475/15 

vn 0.807331 -8.07139e-18 0.590099
f 2403/3449/291 2402/3450/291 2314/3142/291 2313/3141/291 

f 2402/3142/13 2154/3143/13 2153/3447/13 2314/3448/13 

v 48450.3 1962 -28219
v 48486.3 1962 -28268.3
vt 1.72982 8.07376
f 2491/3156/1 2490/3140/1 2313/3141/1 2312/1859/1 2492/3640/1 

v 48322.1 1962 -28043.6
v 47372.9 1962 -28043.6
v 47244.7 1962 -28219
f 2487/3137/1 2488/3138/1 2489/3139/1 2490/3140/1 2491/3156/1 2493/1839/1 2494/1838/1 2495/3157/1 

f 2479/3466/9 2478/3467/9 2493/1839/9 2491/3156/9 

f 2478/3497/2 2477/3498/2 2494/1838/2 2493/1839/2 

f 2477/3491/20 2476/3492/20 2495/3157/20 2494/1838/20 

vn 0.807331 2.89137e-18 -0.590099
f 2476/3492/292 2475/3495/292 2485/1766/292 2495/3157/292 

f 2475/3495/20 2474/3496/20 2486/3147/20 2485/1766/20 

f 2474/3518/7 2473/3519/7 2481/3148/7 2486/3147/7 

vn -6.38999e-16 1 -8.74232e-16
f 2485/1766/293 2484/3136/293 2487/3137/293 2495/3157/293 

vt 1.59021 8.1758
f 2480/3641/9 2479/3466/9 2491/3156/9 2492/3640/9 

f 2404/3463/9 2480/3641/9 2492/3640/9 2312/1859/9 

vn -0.807331 -2.89137e-18 -0.590099
f 2405/3468/294 2404/3463/294 2312/1859/294 2311/3146/294 

f 2114/3520/11 2405/3521/11 2311/3146/11 2113/2918/11 

v 48949.2 1400 -28109.1
v 48949.2 1962 -28109.1
f 2496/3522/271 2114/3520/271 2113/2918/271 2497/3523/271 

f 2146/2957/1 2333/3307/1 2330/2986/1 2144/2954/1 2147/2958/1 

f 2145/2955/2 2144/2954/2 2330/2986/2 2198/3306/2 

v 48119.8 1760 -27053.6
f 2205/2987/1 2332/2986/1 2328/3301/1 2326/3297/1 2325/3048/1 2498/3047/1 

f 2205/3596/243 2199/2987/243 2198/2986/243 2332/3597/243 

f 2498/3047/2 2325/3048/2 2324/3296/2 2245/3598/2 2244/3599/2 2248/3600/2 

f 2246/3049/283 2245/3048/283 2324/3601/283 2323/3602/283 

f 2213/3603/2 2212/3604/2 2498/3047/2 2248/3600/2 

v 48544.6 1780 -27033.3
f 2213/3605/284 2499/3606/284 2261/3607/284 2260/3608/284 2212/3604/284 

f 2214/3053/1 2251/3058/1 2261/3608/1 2499/3609/1 2213/3604/1 

f 2214/3053/1 2213/3604/1 2248/3047/1 2247/3046/1 

f 2202/3610/1 2201/2984/1 2212/3604/1 2260/3608/1 2203/2992/1 

f 2205/2987/1 2498/3047/1 2212/3604/1 2201/2984/1 

f 2110/2953/1 2145/2954/1 2151/2985/1 2200/2988/1 2204/2992/1 2111/2917/1 

v 48536.9 1962 -27074.1
v 48536.9 1740 -27074.1
f 2500/2917/285 2152/2967/285 2151/2966/285 2200/3611/285 2501/2916/285 

f 2218/3014/1 2217/3060/1 2226/3015/1 2225/3011/1 

f 2253/3062/1 2250/3058/1 2249/3059/1

g Mesh25 Group28 Group27 Group20 Model

usemtl Color_M00
v 48216.5 1036.7 -33923.4
v 47487.5 1036.7 -33923.4
v 47487.5 1036.7 -33919.3
v 48216.5 1036.7 -33919.3
f 2502/1/1 2503/2/1 2504/3/1 2505/4/1 

usemtl mramor
v 47487.5 631.7 -33923.4
v 47487.5 834.2 -33923.4
v 48216.5 631.7 -33923.4
f 2506/359/2 2507/360/2 2503/361/2 2502/362/2 2508/363/2 

v 47487.5 631.7 -33919.3
v 47487.5 834.2 -33919.3
f 2509/359/3 2510/360/3 2507/364/3 2506/365/3 

usemtl Color_M00
v 48216.5 631.7 -33919.3
f 2511/4/4 2505/12/4 2504/7/4 2510/6/4 2509/5/4 

f 2508/13/5 2502/14/5 2505/7/5 2511/3/5 

f 2506/15/6 2508/16/6 2511/9/6 2509/17/6 

f 2503/18/3 2507/10/3 2510/6/3 2504/7/3 

g Mesh26 Group27 Group20 Model

usemtl mramor
v 48678.4 560 -34559.3
v 48566.5 560 -34406.2
v 48566.5 1160 -34406.2
vt 1.90355 9.8534
v 48678.4 1160 -34559.3
f 2512/366/9 2513/367/9 2514/3642/9 2515/373/9 

v 48791.4 560 -34057.3
vn 3.22058e-32 1 8.46604e-33
v 48637.3 560 -33613.4
v 48690.2 560 -33613.4
v 48844.2 560 -34056.9
v 47397.5 560 -33953.4
v 48297.5 560 -33953.4
v 48661.4 560 -34451.3
f 2516/376/295 2517/377/295 2518/378/295 2519/379/295 2512/366/295 2513/367/295 1938/380/295 1777/368/295 1934/392/295 1937/383/295 2520/381/295 2521/394/295 2522/375/295 

v 48512.3 800 -33253.4
v 48512.3 820 -33253.4
v 48501.9 820 -33223.4
v 48501.9 840 -33223.4
v 48491.4 840 -33193.4
v 48465.3 840 -33118.2
v 48465.3 1160 -33118.2
v 48791.4 1160 -34057.3
v 48637.3 580 -33613.4
v 48626.8 580 -33583.4
v 48626.8 600 -33583.4
v 48616.4 600 -33553.4
v 48616.4 620 -33553.4
v 48606 620 -33523.4
v 48606 640 -33523.4
v 48595.6 640 -33493.4
v 48595.6 660 -33493.4
v 48585.2 660 -33463.4
v 48585.2 680 -33463.4
v 48574.8 680 -33433.4
v 48574.8 700 -33433.4
v 48564.3 700 -33403.4
v 48564.3 720 -33403.4
v 48553.9 720 -33373.4
v 48553.9 740 -33373.4
v 48543.5 740 -33343.4
v 48543.5 760 -33343.4
v 48533.1 760 -33313.4
v 48533.1 780 -33313.4
v 48522.7 780 -33283.4
v 48522.7 800 -33283.4
f 2523/425/30 2524/426/30 2525/427/30 2526/428/30 2527/429/30 2528/430/30 2529/431/30 2530/432/30 2516/376/30 2517/377/30 2531/433/30 2532/434/30 2533/435/30 2534/436/30 2535/437/30 2536/438/30 2537/439/30 2538/440/30 2539/441/30 2540/442/30 2541/443/30 2542/444/30 2543/445/30 2544/446/30 2545/447/30 2546/448/30 2547/449/30 2548/450/30 2549/451/30 2550/452/30 2551/453/30 2552/454/30 2553/455/30 

v 48297.5 800 -33253.4
v 48297.5 820 -33253.4
f 2554/456/2 2555/457/2 2524/458/2 2523/459/2 

v 47397.5 800 -33253.4
v 47397.5 820 -33253.4
v 47397.5 840 -33253.4
v 48297.5 840 -33253.4
f 2554/456/2 2556/460/2 2557/461/2 2558/462/2 2559/463/2 2555/457/2 

v 48297.5 800 -33283.4
v 48297.5 800 -33313.4
v 47397.5 800 -33313.4
v 47397.5 800 -33283.4
f 2554/456/1 2560/464/1 2561/465/1 2562/466/1 2563/467/1 2556/460/1 

f 2553/468/31 2560/464/31 2554/456/31 2523/459/31 

v 48297.5 780 -33283.4
f 2564/469/2 2560/470/2 2553/471/2 2552/472/2 

v 48297.5 780 -33313.4
f 2560/473/5 2564/464/5 2565/465/5 2561/474/5 

f 2565/465/1 2564/464/1 2552/468/1 2551/475/1 

usemtl FrontColor
v 48575.5 780 -33283
v 48585.9 780 -33313
f 2552/476/1 2566/477/1 2567/478/1 2551/479/1 

v 48575.5 800 -33283
f 2566/480/32 2552/481/32 2553/482/32 2568/483/32 

v 48565.1 800 -33253
f 2523/484/1 2569/485/1 2568/477/1 2553/476/1 

v 48565.1 820 -33253
f 2524/486/32 2570/487/32 2569/488/32 2523/489/32 

v 48554.6 820 -33223
f 2525/490/1 2571/491/1 2570/485/1 2524/484/1 

v 48554.6 840 -33223
f 2526/492/32 2572/493/32 2571/494/32 2525/495/32 

v 48518.1 840 -33118.2
f 2573/496/1 2572/491/1 2526/490/1 2527/497/1 2528/498/1 

usemtl mramor
v 48297.5 840 -33223.4
v 48297.5 840 -33193.4
f 2526/499/1 2574/500/1 2575/501/1 2527/502/1 

v 48297.5 820 -33223.4
f 2574/500/2 2526/499/2 2525/503/2 2576/504/2 

f 2555/456/1 2576/500/1 2525/499/1 2524/459/1 

f 2574/500/5 2576/505/5 2555/506/5 2559/456/5 

v 47397.5 840 -33223.4
v 47397.5 840 -33193.4
f 2574/500/1 2559/456/1 2558/460/1 2577/507/1 2578/508/1 2575/501/1 

v 47397.5 820 -33223.4
f 2558/460/3 2557/509/3 2579/510/3 2577/507/3 

v 47182.7 820 -33253.4
v 47193.1 820 -33223.4
f 2557/460/1 2580/511/1 2581/512/1 2579/507/1 

v 47182.7 800 -33253.4
f 2557/513/2 2556/514/2 2582/515/2 2580/516/2 

v 47172.3 800 -33283.4
f 2583/517/1 2582/511/1 2556/460/1 2563/467/1 

v 47129.9 800 -33253
v 47119.5 800 -33283
f 2584/518/33 2582/511/33 2583/517/33 2585/519/33 

v 47129.9 820 -33253
f 2586/520/34 2580/521/34 2582/522/34 2584/523/34 

v 47140.3 820 -33223
f 2587/524/33 2581/512/33 2580/511/33 2586/518/33 

v 47140.3 840 -33223
v 47193.1 840 -33223.4
f 2581/512/35 2587/524/35 2588/525/35 2589/526/35 

v 47154 1160 -33183.5
v 47176.8 1160 -33117.8
v 47176.8 840 -33117.8
v 47154 840 -33183.5
v 47150.7 840 -33193
v 47119.5 780 -33283
v 47109.1 780 -33313
v 47109.1 760 -33313
v 47098.7 760 -33343
v 47098.7 740 -33343
v 47088.2 740 -33373
v 47088.2 720 -33373
v 47077.8 720 -33403
v 47077.8 700 -33403
v 47067.4 700 -33433
v 47067.4 680 -33433
v 47057 680 -33463
v 47057 660 -33463
v 47046.6 660 -33493
v 47046.6 640 -33493
v 47036.2 640 -33523
v 47036.2 620 -33523
v 47025.8 620 -33553
v 47025.8 600 -33553
v 47015.3 600 -33583
v 47015.3 560 -33583
v 47004.9 560 -33613
v 47004.8 560 -33613.4
v 46850.8 560 -34056.9
v 46850.8 1160 -34056.9
f 2590/527/36 2591/528/36 2592/529/36 2593/530/36 2594/531/36 2588/532/36 2587/533/36 2586/534/36 2584/535/36 2585/536/36 2595/537/36 2596/538/36 2597/539/36 2598/540/36 2599/541/36 2600/542/36 2601/543/36 2602/544/36 2603/545/36 2604/546/36 2605/547/36 2606/548/36 2607/549/36 2608/550/36 2609/551/36 2610/552/36 2611/553/36 2612/554/36 2613/555/36 2614/556/36 2615/557/36 2616/558/36 2617/559/36 2618/560/36 2619/561/36 

v 47206.8 840 -33183.9
v 47203.5 840 -33193.4
f 2593/527/37 2002/562/37 2620/563/37 2621/564/37 2589/512/37 2588/524/37 2594/565/37 

v 47206.8 1160 -33183.9
v 47229.6 1160 -33118.2
v 47172.3 780 -33283.4
v 47161.9 780 -33313.4
v 47161.9 760 -33313.4
v 47151.4 760 -33343.4
v 47151.4 740 -33343.4
v 47141 740 -33373.4
v 47141 720 -33373.4
v 47130.6 720 -33403.4
v 47130.6 700 -33403.4
v 47120.2 700 -33433.4
v 47120.2 680 -33433.4
v 47109.8 680 -33463.4
v 47109.8 660 -33463.4
v 47099.4 660 -33493.4
v 47099.4 640 -33493.4
v 47089 640 -33523.4
v 47089 620 -33523.4
v 47078.5 620 -33553.4
v 47078.5 600 -33553.4
v 47068.1 600 -33583.4
v 47068.1 560 -33583.4
v 47057.7 560 -33613.4
v 47057.6 560 -33613.8
v 46903.6 560 -34057.3
v 46903.6 1160 -34057.3
f 2622/527/38 2623/528/38 2002/529/38 2620/530/38 2621/531/38 2589/532/38 2581/533/38 2580/534/38 2582/535/38 2583/536/38 2624/537/38 2625/538/38 2626/539/38 2627/540/38 2628/541/38 2629/542/38 2630/543/38 2631/544/38 2632/545/38 2633/546/38 2634/547/38 2635/548/38 2636/549/38 2637/550/38 2638/551/38 2639/552/38 2640/553/38 2641/554/38 2642/555/38 2643/556/38 2644/557/38 2645/558/38 2646/559/38 2647/560/38 2648/561/38 

vn 1.15832e-17 1 -7.97903e-17
v 47033.6 1160 -34451.3
v 47397.5 1160 -33953.4
v 47422.9 1160 -34003.4
v 47229.3 1160 -34268.2
v 47016.5 1160 -34559.3
f 2623/562/296 2622/563/296 2648/387/296 2649/386/296 2650/381/296 2651/383/296 2652/805/296 2653/568/296 2619/561/296 2590/527/296 

v 47033.6 560 -34451.3
f 2647/387/16 2654/386/16 2649/803/16 2648/804/16 

vn 3.32547e-17 1 -7.20621e-17
v 47397.5 560 -33613.4
v 48297.5 560 -33613.4
f 2646/388/297 2645/389/297 2655/390/297 2656/391/297 2517/377/297 2516/376/297 2522/375/297 2521/394/297 2520/381/297 2654/386/297 2647/387/297 

v 47016.5 560 -34559.3
f 2618/561/46 2617/592/46 2645/389/46 2646/388/46 2647/387/46 2654/386/46 2657/568/46 

f 2615/591/1 2644/590/1 2645/389/1 2617/592/1 2616/593/1 

f 2644/590/41 2615/591/41 2614/594/41 2643/595/41 

f 2613/596/1 2642/597/1 2643/590/1 2614/591/1 

f 2642/597/41 2613/596/41 2612/598/41 2641/599/41 

f 2611/600/1 2640/601/1 2641/597/1 2612/596/1 

f 2610/600/41 2639/601/41 2640/602/41 2611/603/41 

f 2609/604/1 2638/605/1 2639/601/1 2610/600/1 

f 2638/605/41 2609/604/41 2608/606/41 2637/607/41 

f 2607/608/1 2636/609/1 2637/605/1 2608/604/1 

f 2606/608/41 2635/609/41 2636/610/41 2607/611/41 

f 2605/612/1 2634/613/1 2635/609/1 2606/608/1 

f 2634/613/41 2605/612/41 2604/614/41 2633/615/41 

f 2603/616/1 2632/617/1 2633/613/1 2604/612/1 

f 2632/617/42 2603/616/42 2602/618/42 2631/619/42 

f 2601/620/33 2630/621/33 2631/617/33 2602/616/33 

f 2600/620/34 2629/621/34 2630/622/34 2601/623/34 

f 2599/624/33 2628/625/33 2629/621/33 2600/620/33 

f 2628/625/35 2599/624/35 2598/626/35 2627/627/35 

f 2597/628/33 2626/629/33 2627/625/33 2598/624/33 

f 2596/628/34 2625/629/34 2626/630/34 2597/631/34 

f 2595/519/33 2624/517/33 2625/629/33 2596/628/33 

f 2624/632/34 2595/537/34 2585/536/34 2583/633/34 

v 47397.5 780 -33283.4
f 2563/634/2 2658/467/2 2624/517/2 2583/635/2 

v 47397.5 780 -33313.4
f 2562/636/3 2659/466/3 2658/467/3 2563/637/3 

v 48297.5 760 -33313.4
v 47397.5 760 -33313.4
f 2660/465/2 2661/466/2 2659/638/2 2562/639/2 2561/640/2 2565/641/2 

v 48297.5 760 -33343.4
v 48297.5 760 -33373.4
v 47397.5 760 -33373.4
v 47397.5 760 -33343.4
f 2660/465/43 2662/642/43 2663/643/43 2664/644/43 2665/645/43 2661/466/43 

f 2662/642/44 2660/465/44 2550/475/44 2549/646/44 

f 2660/647/2 2565/648/2 2551/649/2 2550/650/2 

usemtl FrontColor
v 48585.9 760 -33313
f 2666/651/32 2550/652/32 2551/653/32 2567/654/32 

v 48596.3 760 -33343
f 2550/479/1 2666/478/1 2667/655/1 2549/656/1 

usemtl mramor
v 48544.2 840 -33193
v 48518.1 840 -33117.8
v 48518.1 1160 -33117.8
v 48540.9 1160 -33183.5
v 48844.2 1160 -34056.9
v 48690 560 -33613
v 48690 580 -33613
v 48679.6 580 -33583
v 48679.6 600 -33583
v 48669.2 600 -33553
v 48669.2 620 -33553
v 48658.8 620 -33523
v 48658.8 640 -33523
v 48648.4 640 -33493
v 48648.4 660 -33493
v 48638 660 -33463
v 48638 680 -33463
v 48627.6 680 -33433
v 48627.6 700 -33433
v 48617.1 700 -33403
v 48617.1 720 -33403
v 48606.7 720 -33373
v 48606.7 740 -33373
v 48596.3 740 -33343
f 2569/425/40 2570/426/40 2571/427/40 2572/428/40 2668/429/40 2669/430/40 2670/431/40 2671/571/40 2672/432/40 2519/376/40 2518/572/40 2673/377/40 2674/433/40 2675/434/40 2676/435/40 2677/436/40 2678/437/40 2679/438/40 2680/439/40 2681/440/40 2682/441/40 2683/442/40 2684/443/40 2685/444/40 2686/445/40 2687/446/40 2688/447/40 2689/448/40 2690/449/40 2691/450/40 2667/451/40 2666/452/40 2567/453/40 2566/454/40 2568/455/40 

v 48297.5 1160 -33953.4
v 48661.4 1160 -34451.3
v 48465.3 1160 -34267.2
v 48465.7 1160 -34268.2
v 48272.1 1160 -34003.4
f 2651/383/1 2650/381/1 2692/394/1 2693/375/1 2530/376/1 2529/566/1 2671/567/1 2672/379/1 2515/366/1 2514/367/1 2694/380/1 2695/368/1 2696/392/1 

vt 1.55942 9.73945
vn 0.891655 0 0.452715
vt 1.56723 9.75483
f 2520/3643/298 1937/3644/298 2651/383/298 2650/381/298 

f 2654/386/1 2520/381/1 1937/383/1 1838/805/1 2657/568/1 

f 2654/386/17 2520/381/17 2650/395/17 2649/396/17 

f 2520/381/4 2521/394/4 2692/569/4 2650/570/4 

f 2521/394/15 2522/375/15 2693/413/15 2692/414/15 

f 2522/423/13 2516/424/13 2530/376/13 2693/375/13 

vt 1.55166 9.94735
vt 1.49209 10.0288
f 1937/3645/20 1838/3646/20 2652/805/20 2651/383/20 

vn 0.807331 1.18406e-17 -0.590099
vt 1.194 9.81096
f 1838/805/299 2657/568/299 2653/810/299 2652/3647/299 

f 2657/568/7 2618/561/7 2619/818/7 2653/819/7 

f 1934/392/2 1937/383/2 2651/406/2 2696/403/2 

vt 1.87253 9.81096
f 1777/368/9 1934/392/9 2696/372/9 2695/3648/9 

vn 0.944683 0 0.327985
vt 1.54908 9.98046
vt 1.54897 9.98014
f 1938/380/300 1777/368/300 2695/3649/300 2694/3650/300 

vn -0.808407 0 -0.588624
vt 1.87262 9.81092
vt 1.90374 9.85367
f 2513/367/301 1938/380/301 2694/3651/301 2514/3652/301 

f 2519/573/11 2512/574/11 2515/366/11 2672/379/11 

usemtl FrontColor
f 2517/575/1 2673/576/1 2518/577/1

f 2673/578/32 2517/579/32 2531/580/32 2674/581/32 

usemtl mramor
v 48297.5 580 -33613.4
f 2517/582/2 2656/583/2 2697/391/2 2531/377/2 

v 47397.5 600 -33613.4
v 48297.5 600 -33613.4
f 2656/391/2 2655/390/2 2698/584/2 2699/585/2 2697/586/2 

v 47397.5 560 -33583.4
v 47397.5 600 -33583.4
f 2655/587/3 2700/588/3 2701/589/3 2698/390/3 

f 2645/389/1 2644/590/1 2700/589/1 2655/390/1 

f 2700/801/2 2644/802/2 2643/590/2 2701/589/2 

v 47397.5 600 -33553.4
f 2642/597/1 2702/720/1 2701/589/1 2643/590/1 

v 47397.5 620 -33553.4
f 2703/721/2 2702/720/2 2642/597/2 2641/722/2 

v 48297.5 600 -33553.4
v 47397.5 640 -33553.4
v 48297.5 640 -33553.4
v 48297.5 620 -33553.4
f 2704/586/2 2702/719/2 2703/584/2 2705/720/2 2706/715/2 2707/585/2 

v 48297.5 600 -33583.4
f 2708/709/1 2699/391/1 2698/390/1 2701/589/1 2702/720/1 2704/715/1 

v 48297.5 580 -33583.4
f 2708/711/5 2709/709/5 2697/391/5 2699/712/5 

f 2709/713/2 2708/709/2 2533/710/2 2532/714/2 

f 2704/715/1 2534/716/1 2533/710/1 2708/709/1 

f 2704/715/2 2707/717/2 2535/718/2 2534/716/2 

v 48297.5 620 -33523.4
f 2707/715/1 2710/732/1 2536/796/1 2535/716/1 

v 48297.5 640 -33523.4
f 2711/799/5 2710/732/5 2707/715/5 2706/800/5 

f 2710/797/2 2711/732/2 2537/796/2 2536/798/2 

v 48297.5 640 -33493.4
f 2711/732/1 2712/731/1 2538/794/1 2537/796/1 

v 47397.5 640 -33523.4
v 47397.5 640 -33493.4
f 2706/715/1 2705/720/1 2713/723/1 2714/730/1 2712/731/1 2711/732/1 

v 47397.5 620 -33523.4
f 2705/728/3 2703/720/3 2715/723/3 2713/729/3 

f 2641/597/1 2640/601/1 2715/723/1 2703/720/1 

f 2713/724/2 2715/725/2 2640/726/2 2639/727/2 

f 2639/601/1 2638/605/1 2714/730/1 2713/723/1 

v 47397.5 660 -33493.4
f 2716/733/2 2714/734/2 2638/735/2 2637/736/2 

v 47397.5 680 -33493.4
v 48297.5 680 -33493.4
v 48297.5 660 -33493.4
f 2712/717/2 2714/721/2 2716/737/2 2717/730/2 2718/731/2 2719/738/2 

v 47397.5 660 -33463.4
v 47397.5 680 -33463.4
f 2717/739/3 2716/730/3 2720/740/3 2721/741/3 

f 2716/730/1 2637/605/1 2636/609/1 2720/740/1 

f 2721/740/2 2720/742/2 2636/743/2 2635/609/2 

v 47397.5 680 -33433.4
f 2721/740/1 2635/609/1 2634/613/1 2722/744/1 

v 47397.5 700 -33433.4
f 2723/745/2 2722/744/2 2634/613/2 2633/746/2 

v 48297.5 680 -33433.4
v 47397.5 720 -33433.4
v 48297.5 720 -33433.4
v 48297.5 700 -33433.4
f 2724/747/2 2722/748/2 2723/749/2 2725/744/2 2726/750/2 2727/751/2 

v 48297.5 680 -33463.4
f 2728/752/1 2718/731/1 2717/730/1 2721/740/1 2722/744/1 2724/750/1 

v 48297.5 660 -33463.4
f 2728/753/5 2729/752/5 2719/731/5 2718/754/5 

f 2729/752/2 2728/755/2 2541/756/2 2540/757/2 

f 2724/750/1 2542/758/1 2541/757/1 2728/752/1 

f 2542/758/2 2724/750/2 2727/759/2 2543/760/2 

v 48297.5 700 -33403.4
f 2543/758/1 2727/750/1 2730/761/1 2544/762/1 

v 48297.5 720 -33403.4
f 2731/763/5 2730/761/5 2727/750/5 2726/764/5 

f 2730/765/2 2731/761/2 2545/762/2 2544/766/2 

v 48297.5 720 -33373.4
f 2732/643/1 2546/767/1 2545/762/1 2731/761/1 

v 48297.5 740 -33373.4
f 2732/768/2 2733/643/2 2547/767/2 2546/769/2 

v 47397.5 720 -33373.4
v 47397.5 740 -33373.4
f 2732/770/2 2734/771/2 2735/772/2 2664/773/2 2663/647/2 2733/774/2 

v 47397.5 720 -33403.4
f 2732/643/1 2731/761/1 2726/750/1 2725/744/1 2736/775/1 2734/644/1 

v 47397.5 700 -33403.4
f 2725/776/3 2723/744/3 2737/775/3 2736/777/3 

f 2723/744/1 2633/613/1 2632/617/1 2737/775/1 

f 2736/778/2 2737/775/2 2632/617/2 2631/779/2 

f 2736/775/1 2631/617/1 2630/621/1 2734/644/1 

f 2735/644/2 2734/780/2 2630/781/2 2629/621/2 

v 47397.5 740 -33343.4
f 2735/644/1 2629/621/1 2628/625/1 2738/645/1 

f 2665/782/2 2738/645/2 2628/625/2 2627/783/2 

f 2664/784/3 2735/644/3 2738/645/3 2665/785/3 

f 2665/645/45 2627/625/45 2626/629/45 2661/466/45 

f 2659/786/2 2661/787/2 2626/788/2 2625/789/2 

f 2659/466/1 2625/629/1 2624/517/1 2658/467/1 

v 48297.5 740 -33343.4
f 2662/790/5 2739/642/5 2733/643/5 2663/791/5 

f 2739/792/2 2662/642/2 2549/646/2 2548/793/2 

usemtl FrontColor
f 2691/657/32 2548/658/32 2549/659/32 2667/660/32 

f 2548/656/1 2691/655/1 2690/661/1 2547/662/1 

f 2689/663/32 2546/664/32 2547/665/32 2690/666/32 

f 2546/662/1 2689/661/1 2688/667/1 2545/668/1 

f 2687/669/32 2544/670/32 2545/671/32 2688/672/32 

f 2544/668/1 2687/667/1 2686/673/1 2543/674/1 

f 2685/675/32 2542/676/32 2543/677/32 2686/678/32 

f 2542/674/1 2685/673/1 2684/679/1 2541/680/1 

f 2683/681/32 2540/682/32 2541/683/32 2684/684/32 

f 2540/680/1 2683/679/1 2682/685/1 2539/686/1 

f 2681/687/32 2538/688/32 2539/689/32 2682/690/32 

f 2538/686/1 2681/685/1 2680/691/1 2537/692/1 

f 2679/693/32 2536/694/32 2537/695/32 2680/696/32 

f 2536/692/1 2679/691/1 2678/697/1 2535/698/1 

f 2535/699/32 2678/700/32 2677/701/32 2534/702/32 

f 2534/698/1 2677/697/1 2676/703/1 2533/704/1 

f 2675/705/32 2532/706/32 2533/707/32 2676/708/32 

f 2532/704/1 2675/703/1 2674/576/1 2531/575/1 

usemtl mramor
f 2697/391/1 2709/709/1 2532/710/1 2531/377/1 

f 2712/738/2 2719/731/2 2539/794/2 2538/795/2 

f 2539/794/1 2719/731/1 2729/752/1 2540/757/1 

f 2547/767/1 2733/643/1 2739/642/1 2548/646/1 

f 2577/507/50 2589/512/50 2621/564/50 2620/563/50 2002/562/50 2003/820/50 2004/821/50 2528/566/50 2527/502/50 2575/501/50 2578/508/50 

f 2577/507/2 2579/822/2 2581/823/2 2589/512/2 

g Mesh27 Group29 Group20 Model

v 48422.9 1000 -29964.2
v 47272.1 1000 -29964.2
v 47272.1 1020 -29964.2
v 47272.1 1040 -29964.2
v 48422.9 1040 -29964.2
v 48422.9 1020 -29964.2
f 2740/827/2 2741/828/2 2742/829/2 2743/830/2 2744/831/2 2745/832/2 

v 48422.9 1000 -29994.2
v 48422.9 1000 -30024.2
v 47272.1 1000 -30024.2
v 47272.1 1000 -29994.2
f 2740/833/1 2746/834/1 2747/835/1 2748/836/1 2749/837/1 2741/838/1 

v 48676.7 1000 -29964.2
v 48687.4 1000 -29994.2
f 2740/833/1 2750/839/1 2751/840/1 2746/834/1 

v 48676.7 1020 -29964.2
f 2750/841/2 2740/827/2 2745/832/2 2752/842/2 

v 48422.9 1020 -29934.2
v 48665.9 1020 -29934.2
f 2752/839/51 2745/833/51 2753/843/51 2754/844/51 

v 48422.9 1040 -29934.2
f 2744/845/5 2755/846/5 2753/847/5 2745/848/5 

v 47272.1 1040 -29934.2
v 47272.1 1040 -29904.2
v 48422.9 1040 -29904.2
f 2755/843/1 2744/833/1 2743/838/1 2756/849/1 2757/850/1 2758/851/1 

v 47272.1 1020 -29934.2
f 2743/852/3 2742/853/3 2759/854/3 2756/855/3 

v 47018.3 1020 -29964.2
v 47029 1020 -29934.2
f 2742/838/1 2760/856/1 2761/857/1 2759/849/1 

v 47018.3 1000 -29964.2
f 2741/828/2 2762/858/2 2760/859/2 2742/829/2 

v 47007.5 1000 -29994.2
f 2749/837/1 2763/860/1 2762/856/1 2741/838/1 

v 47007.5 980 -29994.2
v 47272.1 980 -29994.2
f 2764/861/2 2763/862/2 2749/828/2 2765/863/2 

v 46953.8 880 -30144.2
v 46943 880 -30174.2
v 46943 860 -30174.2
v 46932.3 860 -30204.2
v 46932.3 840 -30204.2
v 46746.7 840 -30721.9
v 46746.7 1440 -30721.9
v 47130.9 1440 -29650
v 47130.9 1120 -29650
v 47072 1120 -29814.2
v 47072 1100 -29814.2
v 47061.3 1100 -29844.2
v 47061.3 1080 -29844.2
v 47050.5 1080 -29874.2
v 47050.5 1060 -29874.2
v 47039.8 1060 -29904.2
v 47039.8 1040 -29904.2
v 47029 1040 -29934.2
v 46996.8 980 -30024.2
v 46996.8 960 -30024.2
v 46986 960 -30054.2
v 46986 940 -30054.2
v 46975.3 940 -30084.2
v 46975.3 920 -30084.2
v 46964.5 920 -30114.2
v 46964.5 900 -30114.2
v 46953.8 900 -30144.2
f 2766/864/52 2767/865/52 2768/866/52 2769/867/52 2770/868/52 2771/869/52 2772/870/52 2773/871/52 2774/872/52 2775/873/52 2776/874/52 2777/875/52 2778/876/52 2779/877/52 2780/878/52 2781/879/52 2782/880/52 2783/881/52 2761/882/52 2760/883/52 2762/884/52 2763/885/52 2764/886/52 2784/887/52 2785/888/52 2786/889/52 2787/890/52 2788/891/52 2789/892/52 2790/893/52 2791/894/52 2792/895/52 

v 47272.1 880 -30174.2
v 47272.1 880 -30144.2
f 2793/896/1 2767/897/1 2766/898/1 2794/899/1 

v 47272.1 860 -30174.2
f 2768/900/2 2767/901/2 2793/902/2 2795/903/2 

usemtl FrontColor
v 46890.1 880 -30173.6
v 46890.1 860 -30173.6
f 2796/904/53 2767/905/53 2768/906/53 2797/907/53 

v 46900.9 880 -30143.6
f 2798/908/1 2766/909/1 2767/910/1 2796/911/1 

v 46900.9 900 -30143.6
f 2799/912/54 2792/913/54 2766/914/54 2798/915/54 

v 46911.6 900 -30113.6
f 2800/916/1 2791/917/1 2792/909/1 2799/908/1 

v 46911.6 920 -30113.6
f 2801/918/53 2790/919/53 2791/920/53 2800/921/53 

v 46922.4 920 -30083.6
f 2802/922/1 2789/923/1 2790/917/1 2801/916/1 

v 46922.4 940 -30083.6
f 2803/924/53 2788/925/53 2789/926/53 2802/927/53 

v 46933.1 940 -30053.6
f 2804/928/1 2787/929/1 2788/923/1 2803/922/1 

v 46933.1 960 -30053.6
f 2787/930/55 2804/931/55 2805/932/55 2786/933/55 

usemtl mramor
v 46693.8 1440 -30721.2
v 47026.7 1440 -29792.5
v 47026.7 1120 -29792.5
v 47019.2 1120 -29813.6
v 47019.2 1100 -29813.6
v 47008.4 1100 -29843.6
v 47008.4 1080 -29843.6
v 46997.7 1080 -29873.6
v 46997.7 1060 -29873.6
v 46986.9 1060 -29903.6
v 46986.9 1040 -29903.6
v 46976.2 1040 -29933.6
v 46976.2 1020 -29933.6
v 46965.4 1020 -29963.6
v 46965.4 1000 -29963.6
v 46954.6 1000 -29993.6
v 46954.6 980 -29993.6
v 46943.9 980 -30023.6
v 46943.9 960 -30023.6
v 46879.4 860 -30203.6
v 46879.4 840 -30203.6
v 46879.1 840 -30204.2
v 46693.8 840 -30721.2
f 2806/870/56 2807/934/56 2808/935/56 2809/873/56 2810/874/56 2811/875/56 2812/876/56 2813/877/56 2814/878/56 2815/879/56 2816/880/56 2817/881/56 2818/882/56 2819/883/56 2820/884/56 2821/885/56 2822/886/56 2823/887/56 2824/888/56 2805/889/56 2804/890/56 2803/891/56 2802/892/56 2801/893/56 2800/894/56 2799/895/56 2798/864/56 2796/865/56 2797/866/56 2825/867/56 2826/868/56 2827/936/56 2828/869/56 

v 46893.1 1440 -31165.8
v 46876.1 1440 -31273.9
f 2773/939/1 2772/940/1 2829/941/1 2830/312/1 2806/937/1 2807/938/1 

v 46893.1 840 -31165.8
f 2771/1381/16 2831/1382/16 2829/1383/16 2772/1384/16 

v 48347.5 840 -30544.2
v 47347.5 840 -30544.2
v 47215.1 840 -30725.3
v 47272.1 840 -30204.2
v 48422.9 840 -30204.2
v 48762.7 840 -30204.2
v 48948.3 840 -30721.9
v 48801.8 840 -31165.8
f 2832/961/1 2833/962/1 2834/963/1 2831/968/1 2771/969/1 2770/970/1 2835/971/1 2836/972/1 2837/973/1 2838/974/1 2839/956/1 

v 48347.5 1440 -30544.2
v 47347.5 1440 -30544.2
f 2833/1031/4 2832/1032/4 2840/1033/4 2841/1034/4 

v 47240.5 840 -30775.3
vt 1.3465 8.70295
f 2770/1369/8 2827/1370/8 2828/1371/8 2045/1372/8 2842/3653/8 2046/1018/8 2060/1019/8 2832/1020/8 2833/943/8 2834/1015/8 2831/1367/8 2771/1368/8 

usemtl FrontColor
f 2770/1362/8 2826/1363/8 2827/1364/8

f 2825/1329/69 2769/1330/69 2770/1331/69 2826/1332/69 

f 2797/911/1 2768/910/1 2769/1333/1 2825/1334/1 

usemtl mramor
v 47272.1 860 -30204.2
f 2769/1335/1 2768/897/1 2795/896/1 2843/1336/1 

v 47272.1 880 -30204.2
f 2844/1337/3 2843/1338/3 2795/1339/3 2793/1340/3 

v 48422.9 880 -30204.2
v 48422.9 860 -30204.2
f 2836/1324/2 2835/1326/2 2843/903/2 2844/902/2 2845/1314/2 2846/1319/2 

f 2835/1326/2 2770/1327/2 2769/1328/2 2843/903/2 

v 48422.9 880 -30144.2
v 48422.9 880 -30174.2
f 2847/1203/1 2848/1317/1 2845/1322/1 2844/1336/1 2793/896/1 2794/899/1 

v 48741.2 880 -30144.2
v 48752 880 -30174.2
f 2847/1203/1 2849/1312/1 2850/1316/1 2848/1317/1 

v 48422.9 900 -30144.2
v 48741.2 900 -30144.2
f 2849/1313/2 2847/1314/2 2851/1310/2 2852/1315/2 

v 47272.1 900 -30144.2
v 47272.1 920 -30144.2
v 48422.9 920 -30144.2
f 2847/1314/2 2794/902/2 2853/1345/2 2854/1198/2 2855/1197/2 2851/1310/2 

f 2766/1346/2 2792/1347/2 2853/1345/2 2794/902/2 

v 47272.1 900 -30114.2
f 2853/899/1 2792/898/1 2791/1348/1 2856/1204/1 

v 47272.1 920 -30114.2
f 2791/1349/2 2790/1350/2 2857/1198/2 2856/1345/2 

v 47272.1 920 -30084.2
f 2857/1204/1 2790/1348/1 2789/1351/1 2858/1205/1 

v 47272.1 940 -30084.2
f 2789/1352/2 2788/1353/2 2859/1192/2 2858/1198/2 

v 47272.1 940 -30054.2
f 2859/1205/1 2788/1351/1 2787/1189/1 2860/1188/1 

v 47272.1 960 -30054.2
f 2787/1190/2 2786/1191/2 2861/1185/2 2860/1192/2 

v 47272.1 960 -30024.2
f 2861/1188/1 2786/1189/1 2785/1184/1 2862/836/1 

usemtl FrontColor
f 2824/1183/1 2785/1182/1 2786/929/1 2805/928/1 

f 2823/1409/69 2784/1410/69 2785/1411/69 2824/1412/69 

f 2822/1177/1 2764/1176/1 2784/1182/1 2823/1183/1 

f 2764/1178/53 2822/1179/53 2821/1180/53 2763/1181/53 

f 2820/1171/1 2762/1170/1 2763/1176/1 2821/1177/1 

f 2762/1172/53 2820/1173/53 2819/1174/53 2760/1175/53 

f 2818/1163/1 2761/1162/1 2760/1170/1 2819/1171/1 

f 2761/1166/54 2818/1167/54 2817/1168/54 2783/1169/54 

f 2816/1154/1 2782/1153/1 2783/1162/1 2817/1163/1 

f 2782/1158/54 2816/1159/54 2815/1160/54 2781/1161/54 

f 2814/1144/1 2780/1143/1 2781/1153/1 2815/1154/1 

f 2780/1149/53 2814/1150/53 2813/1151/53 2779/1152/53 

f 2812/1136/1 2778/1135/1 2779/1143/1 2813/1144/1 

f 2811/1129/53 2777/1130/53 2778/1131/53 2812/1132/53 

f 2810/1133/1 2776/1134/1 2777/1135/1 2811/1136/1 

f 2809/1137/69 2775/1138/69 2776/1139/69 2810/1140/69 

usemtl mramor
v 47272.1 1120 -29814.2
v 47272.1 1100 -29814.2
f 2776/1141/2 2775/1142/2 2863/1090/2 2864/1089/2 

v 48622.9 1120 -29814.2
v 48422.9 1120 -29814.2
v 48422.9 1120 -29844.2
v 47272.1 1120 -29844.2
v 47372.9 1120 -29318.9
v 48322.1 1120 -29318.9
v 48668.3 1120 -29792.5
f 2865/1081/1 2866/1080/1 2867/1079/1 2868/1093/1 2863/1119/1 2775/1120/1 2774/939/1 2869/1121/1 2870/1118/1 2871/1037/1 

v 48622.9 1100 -29814.2
v 48422.9 1100 -29814.2
f 2872/1075/2 2873/1076/2 2866/1077/2 2865/1078/2 

v 48422.9 1100 -29844.2
v 48633.7 1100 -29844.2
f 2874/1079/1 2873/1080/1 2872/1081/1 2875/1082/1 

f 2866/1083/5 2873/1084/5 2874/1085/5 2867/1086/5 

v 48422.9 1080 -29844.2
v 47272.1 1080 -29844.2
v 47272.1 1100 -29844.2
f 2876/1087/2 2877/1088/2 2878/1089/2 2868/1090/2 2867/1077/2 2874/1076/2 

v 48422.9 1080 -29874.2
v 48422.9 1080 -29904.2
v 47272.1 1080 -29904.2
v 47272.1 1080 -29874.2
f 2876/1079/1 2879/1091/1 2880/851/1 2881/850/1 2882/1092/1 2877/1093/1 

v 48633.7 1080 -29844.2
v 48644.4 1080 -29874.2
f 2879/1091/1 2876/1079/1 2883/1082/1 2884/1094/1 

f 2883/1095/2 2876/1087/2 2874/1076/2 2875/1096/2 

vn -0.941358 -5.34133e-15 -0.337408
v 48762.7 860 -30204.2
v 48752 860 -30174.2
v 48730.5 900 -30114.2
v 48730.5 920 -30114.2
v 48719.7 920 -30084.2
v 48719.7 940 -30084.2
v 48709 940 -30054.2
v 48709 960 -30054.2
v 48698.2 960 -30024.2
v 48698.2 980 -30024.2
v 48687.4 980 -29994.2
v 48665.9 1040 -29934.2
v 48655.2 1040 -29904.2
v 48655.2 1060 -29904.2
v 48644.4 1060 -29874.2
v 48622.9 1440 -29814.2
v 48948.3 1440 -30721.9
f 2837/1049/302 2885/1050/302 2886/1051/302 2850/1052/302 2849/1053/302 2852/1054/302 2887/1055/302 2888/1056/302 2889/1057/302 2890/1058/302 2891/1059/302 2892/1060/302 2893/1061/302 2894/1062/302 2895/1063/302 2751/1064/302 2750/1065/302 2752/1066/302 2754/1067/302 2896/1068/302 2897/1069/302 2898/1070/302 2899/1071/302 2884/1072/302 2883/1073/302 2875/1074/302 2872/1042/302 2865/1043/302 2900/1264/302 2901/1047/302 2838/1048/302 

f 2837/1323/2 2836/1324/2 2846/1319/2 2885/1325/2 

v 48422.9 860 -30174.2
f 2885/1321/1 2846/1322/1 2902/1317/1 2886/1316/1 

f 2848/1341/5 2902/1342/5 2846/1343/5 2845/1344/5 

f 2886/1318/2 2902/1319/2 2848/1314/2 2850/1320/2 

usemtl FrontColor
v 48804.8 880 -30173.6
v 48804.8 860 -30173.6
f 2850/1277/67 2903/1278/67 2904/1279/67 2886/1280/67 

v 48794.1 880 -30143.6
f 2849/1281/1 2905/1282/1 2903/1274/1 2850/1273/1 

v 48794.1 900 -30143.6
f 2852/1283/67 2906/1284/67 2905/1285/67 2849/1286/67 

v 48783.3 900 -30113.6
f 2887/1287/66 2907/1288/66 2906/1282/66 2852/1281/66 

v 48783.3 920 -30113.6
f 2888/1289/65 2908/1290/65 2907/1291/65 2887/1292/65 

v 48772.6 920 -30083.6
f 2889/1293/66 2909/1294/66 2908/1288/66 2888/1287/66 

v 48772.6 940 -30083.6
f 2890/1295/65 2910/1296/65 2909/1297/65 2889/1298/65 

v 48761.8 940 -30053.6
f 2891/1299/66 2911/1300/66 2910/1294/66 2890/1293/66 

v 48761.8 960 -30053.6
f 2892/1301/65 2912/1302/65 2911/1303/65 2891/1304/65 

v 48751.1 960 -30023.6
f 2893/1235/66 2913/1234/66 2912/1300/66 2892/1299/66 

v 48751.1 980 -30023.6
f 2894/1305/65 2914/1306/65 2913/1307/65 2893/1308/65 

v 48740.3 980 -29993.6
f 2895/1232/66 2915/1233/66 2914/1234/66 2894/1235/66 

v 48740.3 1000 -29993.6
f 2751/1236/65 2916/1237/65 2915/1238/65 2895/1239/65 

v 48729.6 1000 -29963.6
f 2750/1240/66 2917/1241/66 2916/1233/66 2751/1232/66 

v 48729.6 1020 -29963.6
f 2752/1242/65 2918/1243/65 2917/1244/65 2750/1245/65 

v 48718.8 1020 -29933.6
f 2754/1246/66 2919/1247/66 2918/1241/66 2752/1240/66 

v 48718.8 1040 -29933.6
f 2896/1248/67 2920/1249/67 2919/1250/67 2754/1251/67 

v 48708.1 1040 -29903.6
f 2897/1252/1 2921/1253/1 2920/1247/1 2896/1246/1 

v 48708.1 1060 -29903.6
f 2898/1254/70 2922/1255/70 2921/1256/70 2897/1257/70 

v 48697.3 1060 -29873.6
f 2899/1258/1 2923/1259/1 2922/1253/1 2898/1252/1 

v 48697.3 1080 -29873.6
f 2884/1260/67 2924/1261/67 2923/1262/67 2899/1263/67 

v 48686.6 1080 -29843.6
f 2883/1104/66 2925/1103/66 2924/1259/66 2884/1258/66 

v 48686.6 1100 -29843.6
f 2875/1097/65 2926/1098/65 2925/1099/65 2883/1100/65 

v 48675.8 1100 -29813.6
f 2872/1101/66 2927/1102/66 2926/1103/66 2875/1104/66 

v 48675.8 1120 -29813.6
f 2927/1105/67 2872/1106/67 2865/1107/67 2928/1108/67 

f 2871/1109/1 2928/1102/1 2865/1101/1

v 48668.3 1440 -29792.5
v 48675.8 1440 -29813.6
f 2928/1110/14 2871/1111/14 2929/1112/14 2930/1113/14 

usemtl mramor
vt 0.879922 7.38955
vn -0.431614 0 0.902058
vt 0.879922 7.48801
vt 0.864457 7.48801
vt 0.864457 7.38955
f 2871/3654/303 2929/3655/303 2900/3656/303 2865/3657/303 

v 49001.1 1440 -30721.2
v 48818.8 1440 -31273.9
v 48322.1 1440 -30594.2
v 48801.8 1440 -31165.8
f 2931/1039/1 2932/195/1 2933/194/1 2840/1020/1 2934/1040/1 2901/1041/1 2900/1081/1 2929/1037/1 2930/1038/1 

v 49001.1 840 -30721.2
f 2935/1389/11 2074/1390/11 2932/1391/11 2931/1392/11 

v 48815.8 840 -30204.2
f 2935/987/8 2936/988/8 2837/989/8 2838/990/8 2839/983/8 2832/1013/8 2060/1014/8 2074/986/8 

v 48815.6 840 -30203.6
v 48815.6 860 -30203.6
f 2937/1049/71 2938/1050/71 2904/1051/71 2903/1052/71 2905/1053/71 2906/1054/71 2907/1055/71 2908/1056/71 2909/1057/71 2910/1058/71 2911/1059/71 2912/1060/71 2913/1061/71 2914/1062/71 2915/1063/71 2916/1064/71 2917/1065/71 2918/1066/71 2919/1067/71 2920/1068/71 2921/1069/71 2922/1070/71 2923/1071/71 2924/1072/71 2925/1073/71 2926/1074/71 2927/1042/71 2928/1043/71 2930/1264/71 2931/1047/71 2935/1048/71 2936/1265/71 

usemtl FrontColor
f 2837/1266/72 2937/1267/72 2938/1268/72 2885/1269/72 

f 2937/1270/73 2837/1271/73 2936/1272/73

f 2886/1273/66 2904/1274/66 2938/1275/66 2885/1276/66 

usemtl mramor
f 2839/1413/13 2838/1414/13 2901/1415/13 2934/1416/13 

f 2832/979/15 2839/976/15 2934/977/15 2840/978/15 

f 2074/1002/9 2060/999/9 2933/1000/9 2932/1001/9 

v 47372.9 1440 -30594.2
f 2060/1417/2 2046/1418/2 2939/1419/2 2933/1420/2 

vt -2.73284 7.3034
v 47240.5 1440 -30775.3
vt -2.73284 7.48801
f 2046/951/20 2842/3658/20 2940/3659/20 2939/950/20 

f 2842/3658/20 2045/948/20 2830/949/20 2940/3659/20 

f 2045/1385/7 2828/1386/7 2806/1387/7 2830/1388/7 

v 47215.1 1440 -30725.3
vt 1.3465 8.84516
f 2830/312/1 2829/941/1 2941/942/1 2940/3660/1 

f 2831/1025/17 2834/1022/17 2941/1023/17 2829/1024/17 

f 2834/1022/17 2833/1029/17 2841/1030/17 2941/1023/17 

f 2939/313/1 2940/3660/1 2941/942/1 2841/943/1 

f 2840/1020/1 2933/194/1 2939/313/1 2841/943/1 

v 48422.9 1060 -29874.2
f 2899/1393/2 2942/1394/2 2879/1087/2 2884/1395/2 

v 48422.9 1060 -29904.2
f 2898/1396/1 2943/851/1 2942/1091/1 2899/1094/1 

f 2897/1397/2 2758/831/2 2943/1394/2 2898/1398/2 

f 2758/851/1 2897/1396/1 2896/844/1 2755/843/1 

f 2754/1399/2 2753/832/2 2755/831/2 2896/1400/2 

v 47272.1 1060 -29904.2
f 2758/831/2 2757/830/2 2944/1148/2 2881/1088/2 2880/1087/2 2943/1394/2 

f 2782/1156/2 2781/1157/2 2944/1148/2 2757/830/2 

v 47272.1 1060 -29874.2
f 2944/850/1 2781/1155/1 2780/1145/1 2945/1092/1 

f 2780/1146/2 2779/1147/2 2882/1088/2 2945/1148/2 

f 2882/1092/1 2779/1145/1 2778/1126/1 2877/1093/1 

f 2778/1127/2 2777/1128/2 2878/1089/2 2877/1088/2 

f 2878/1093/1 2777/1126/1 2776/1120/1 2864/1119/1 

f 2868/1122/3 2878/1123/3 2864/1124/3 2863/1125/3 

f 2881/1401/3 2944/1402/3 2945/1403/3 2882/1404/3 

f 2756/849/1 2783/857/1 2782/1155/1 2757/850/1 

f 2761/1164/2 2783/1165/2 2756/830/2 2759/829/2 

f 2879/1405/5 2942/1406/5 2943/1407/5 2880/1408/5 

v 48422.9 980 -29994.2
f 2895/1230/2 2946/1220/2 2746/827/2 2751/1231/2 

v 48422.9 980 -30024.2
f 2894/1218/1 2947/835/1 2946/834/1 2895/840/1 

v 48422.9 960 -30024.2
f 2893/1219/2 2948/1199/2 2947/1220/2 2894/1221/2 

v 48422.9 960 -30054.2
f 2948/835/1 2893/1218/1 2892/1211/1 2949/1210/1 

v 48422.9 940 -30054.2
f 2891/1216/2 2950/1200/2 2949/1199/2 2892/1217/2 

v 48422.9 940 -30084.2
f 2890/1206/1 2951/1201/1 2950/1210/1 2891/1211/1 

v 48422.9 920 -30084.2
f 2889/1208/2 2952/1197/2 2951/1200/2 2890/1209/2 

v 48422.9 920 -30114.2
f 2952/1201/1 2889/1206/1 2888/1207/1 2953/1202/1 

v 48422.9 900 -30114.2
f 2887/1309/2 2954/1310/2 2953/1197/2 2888/1311/2 

f 2852/1312/1 2851/1203/1 2954/1202/1 2887/1207/1 

f 2953/1358/5 2954/1359/5 2851/1360/5 2855/1361/5 

f 2952/1201/1 2953/1202/1 2855/1203/1 2854/899/1 2857/1204/1 2858/1205/1 

f 2854/1354/3 2853/1355/3 2856/1356/3 2857/1357/3 

v 47272.1 960 -30084.2
v 48422.9 960 -30084.2
f 2952/1197/2 2858/1198/2 2859/1192/2 2955/1185/2 2956/1199/2 2951/1200/2 

f 2955/1193/3 2859/1194/3 2860/1195/3 2861/1196/3 

f 2949/1210/1 2956/1201/1 2955/1205/1 2861/1188/1 2862/836/1 2948/835/1 

f 2949/1212/5 2950/1213/5 2951/1214/5 2956/1215/5 

v 47272.1 980 -30024.2
f 2948/1199/2 2862/1185/2 2957/863/2 2748/828/2 2747/827/2 2947/1220/2 

f 2862/1185/2 2785/1186/2 2784/1187/2 2957/863/2 

f 2957/836/1 2784/1184/1 2764/860/1 2765/837/1 

f 2748/1222/3 2957/1223/3 2765/1224/3 2749/1225/3 

f 2746/1226/5 2946/1227/5 2947/1228/5 2747/1229/5 

v 47029.9 1120 -29783.6
v 47078 1440 -29649.3
v 47078 1120 -29649.3
f 2958/1421/75 2808/935/75 2807/934/75 2959/871/75 2960/872/75 

g Mesh28 Group30 Group20 Model

usemtl Color_M00
v 48206.4 1901.4 -27963.6
v 47477.4 1901.4 -27963.6
v 47477.4 1901.4 -27959.6
v 48206.4 1901.4 -27959.6
f 2961/1/1 2962/2/1 2963/3/1 2964/4/1 

usemtl FrontColor
v 47477.4 1496.4 -27963.6
v 47477.4 1698.9 -27963.6
v 48206.4 1496.4 -27963.6
f 2965/5/2 2966/6/2 2962/7/2 2961/8/2 2967/9/2 

v 47477.4 1496.4 -27959.6
v 47477.4 1698.9 -27959.6
f 2968/5/3 2969/6/3 2966/10/3 2965/11/3 

usemtl Color_M00
v 48206.4 1496.4 -27959.6
f 2970/4/4 2964/12/4 2963/7/4 2969/6/4 2968/5/4 

f 2967/13/5 2961/14/5 2964/7/5 2970/3/5 

f 2965/15/6 2967/16/6 2970/9/6 2968/17/6 

f 2962/18/3 2966/10/3 2969/6/3 2963/7/3 

g Mesh29 Group31 Group20 Model

usemtl mramor
v 48719.7 1200 -28808.9
v 48422.9 1200 -28808.9
v 48422.9 1220 -28808.9
v 48719.7 1220 -28808.9
f 2971/1422/2 2972/1423/2 2973/1424/2 2974/1425/2 

v 48730.5 1200 -28838.9
v 48422.9 1200 -28838.9
f 2972/1426/1 2971/1427/1 2975/1428/1 2976/1429/1 

v 48762.7 1120 -28928.9
v 48762.7 1140 -28928.9
v 48752 1140 -28898.9
v 48752 1160 -28898.9
v 48741.2 1160 -28868.9
v 48741.2 1180 -28868.9
v 48730.5 1180 -28838.9
v 48709 1220 -28778.9
v 48709 1240 -28778.9
v 48698.2 1240 -28748.9
v 48698.2 1260 -28748.9
v 48687.4 1260 -28718.9
v 48687.4 1280 -28718.9
v 48676.7 1280 -28688.9
v 48676.7 1300 -28688.9
v 48665.9 1300 -28658.9
v 48665.9 1320 -28658.9
v 48655.2 1320 -28628.9
v 48655.2 1340 -28628.9
v 48644.4 1340 -28598.9
v 48644.4 1360 -28598.9
v 48633.7 1360 -28568.9
v 48633.7 1380 -28568.9
v 48622.9 1380 -28538.9
v 48622.9 1400 -28538.9
v 48615.2 1400 -28517.3
v 48612.2 1400 -28508.9
v 48612.2 1720 -28508.9
v 48948.3 1720 -29446.6
v 48948.3 1120 -29446.6
f 2977/1430/76 2978/1431/76 2979/1432/76 2980/1433/76 2981/1434/76 2982/1435/76 2983/1436/76 2975/1437/76 2971/1438/76 2974/1439/76 2984/1440/76 2985/1441/76 2986/1442/76 2987/1443/76 2988/1444/76 2989/1445/76 2990/1446/76 2991/1447/76 2992/1448/76 2993/1449/76 2994/1450/76 2995/1451/76 2996/1452/76 2997/1453/76 2998/1454/76 2999/1455/76 3000/1456/76 3001/1457/76 3002/1458/76 3003/1459/76 3004/1460/76 3005/1461/76 3006/1462/76 

v 48422.9 1120 -28928.9
v 48422.9 1140 -28928.9
f 2977/1463/2 3007/1464/2 3008/1465/2 2978/1466/2 

v 48347.5 1120 -29268.9
v 47347.5 1120 -29268.9
v 47208.6 1120 -29459
vt 1.33668 8.44013
v 47090.6 1120 -29620.5
v 46893.1 1120 -29890.5
v 46746.7 1120 -29446.6
v 46932.3 1120 -28928.9
v 47272.1 1120 -28928.9
v 48801.8 1120 -29890.5
v 48604.4 1120 -29620.5
v 48486.4 1120 -29459
vt 1.72985 8.44013
f 3009/1471/1 3010/1472/1 3011/3661/1 3012/1475/1 3013/1476/1 3014/1477/1 3015/1478/1 3016/1479/1 3007/1480/1 2977/1481/1 3006/1482/1 3017/1467/1 3018/1468/1 3019/3662/1 

v 48347.5 1720 -29268.9
v 47347.5 1720 -29268.9
f 3010/1882/4 3009/1883/4 3020/1884/4 3021/1885/4 

usemtl FrontColor
vn 8.22116e-18 1 -3.27357e-17
v 48815.8 1120 -28928.9
v 49001.1 1120 -29445.9
v 48818.8 1120 -29998.6
v 48564 1120 -29650
v 48446 1120 -29488.5
vt 689.836 568.838
v 47248.9 1120 -29488.5
vt 218.543 568.838
v 46876.1 1120 -29998.6
v 46693.8 1120 -29445.9
v 46879.4 1120 -28928.3
vt 202.651 557.222
vt 705.728 557.222
f 2977/1276/304 3022/1546/304 3023/1547/304 3024/1548/304 3025/1542/304 3026/3663/304 2870/1494/304 2869/1495/304 3027/3664/304 2774/1743/304 3028/1744/304 3029/1745/304 3030/1334/304 3015/1333/304 3014/1746/304 3013/1741/304 3012/1742/304 3011/3665/304 3010/1498/304 3009/1491/304 3019/3666/304 3018/1543/304 3017/1544/304 3006/1545/304 

v 48815.6 1120 -28928.3
f 2977/1276/1 3031/1275/1 3022/1546/1

v 48815.6 1140 -28928.3
f 2978/1557/70 3032/1558/70 3031/1559/70 2977/1560/70 

v 48804.8 1140 -28898.3
f 2979/1273/1 3033/1274/1 3032/1275/1 2978/1276/1 

v 48804.8 1160 -28898.3
f 2980/1277/70 3034/1278/70 3033/1279/70 2979/1280/70 

v 48794.1 1160 -28868.3
f 2981/1281/1 3035/1282/1 3034/1274/1 2980/1273/1 

v 48794.1 1180 -28868.3
f 2982/1283/70 3036/1284/70 3035/1285/70 2981/1286/70 

v 48783.3 1180 -28838.3
f 2983/1287/1 3037/1288/1 3036/1282/1 2982/1281/1 

v 48783.3 1200 -28838.3
f 2975/1289/87 3038/1290/87 3037/1291/87 2983/1292/87 

v 48772.6 1200 -28808.3
f 2971/1293/1 3039/1294/1 3038/1288/1 2975/1287/1 

v 48772.6 1220 -28808.3
f 2974/1295/70 3040/1296/70 3039/1297/70 2971/1298/70 

v 48761.8 1220 -28778.3
f 2984/1299/1 3041/1300/1 3040/1294/1 2974/1293/1 

v 48761.8 1240 -28778.3
f 2985/1301/88 3042/1302/88 3041/1303/88 2984/1304/88 

v 48751.1 1240 -28748.3
f 2986/1235/1 3043/1234/1 3042/1300/1 2985/1299/1 

v 48751.1 1260 -28748.3
f 3043/1307/87 2986/1308/87 2987/1305/87 3044/1306/87 

usemtl mramor
v 48422.9 1240 -28748.9
v 48422.9 1260 -28748.9
f 3045/1561/2 3046/1562/2 2987/1563/2 2986/1564/2 

v 47272.1 1240 -28748.9
v 47272.1 1260 -28748.9
v 47272.1 1280 -28748.9
v 48422.9 1280 -28748.9
f 3045/1561/2 3047/1565/2 3048/1566/2 3049/1567/2 3050/1568/2 3046/1562/2 

v 48422.9 1240 -28778.9
v 48422.9 1240 -28808.9
v 47272.1 1240 -28808.9
v 47272.1 1240 -28778.9
f 3051/1569/89 3052/1426/89 3053/1570/89 3054/1571/89 3047/1572/89 3045/1573/89 

v 48422.9 1220 -28778.9
f 3052/1574/5 3051/1575/5 3055/1576/5 2973/1577/5 

f 2984/1578/2 3055/1424/2 3051/1561/2 2985/1579/2 

f 2974/1427/1 2973/1426/1 3055/1569/1 2984/1580/1 

f 3045/1573/1 2986/1581/1 2985/1580/1 3051/1569/1 

v 47272.1 1200 -28808.9
v 47272.1 1220 -28808.9
f 2972/1423/2 3056/1582/2 3057/1583/2 3053/1565/2 3052/1561/2 2973/1424/2 

v 48422.9 1200 -28868.9
v 47272.1 1200 -28868.9
v 47272.1 1200 -28838.9
f 2976/1429/1 3058/1584/1 3059/1585/1 3060/1586/1 3056/1570/1 2972/1426/1 

v 48422.9 1180 -28838.9
v 48422.9 1180 -28868.9
f 2976/1587/5 3061/1588/5 3062/1589/5 3058/1590/5 

f 3061/1591/2 2976/1423/2 2975/1592/2 2983/1593/2 

f 2982/1594/1 3062/1584/1 3061/1429/1 2983/1428/1 

v 48422.9 1160 -28868.9
f 3063/1595/2 3062/1591/2 2982/1596/2 2981/1597/2 

v 47272.1 1160 -28868.9
v 47272.1 1180 -28868.9
f 3063/1595/2 3064/1598/2 3065/1599/2 3059/1582/2 3058/1423/2 3062/1591/2 

v 48422.9 1160 -28898.9
v 48422.9 1160 -28928.9
v 47272.1 1160 -28928.9
v 47272.1 1160 -28898.9
f 3063/1584/1 3066/1600/1 3067/1480/1 3068/1479/1 3069/1601/1 3064/1585/1 

f 3063/1584/1 2981/1594/1 2980/1602/1 3066/1600/1 

v 48422.9 1140 -28898.9
f 3070/1465/2 3066/1595/2 2980/1603/2 2979/1604/2 

f 3066/1605/5 3070/1606/5 3008/1607/5 3067/1608/5 

f 2978/1481/1 3008/1480/1 3070/1600/1 2979/1602/1 

v 47272.1 1140 -28928.9
f 3007/1464/2 3016/1609/2 3071/1610/2 3068/1598/2 3067/1595/2 3008/1465/2 

v 46932.3 1140 -28928.9
f 3016/1609/2 3015/1611/2 3072/1612/2 3071/1610/2 

v 46746.7 1400 -29446.6
v 47072 1400 -28538.9
v 47072 1380 -28538.9
v 47061.3 1380 -28568.9
v 47061.3 1360 -28568.9
v 47050.5 1360 -28598.9
v 47050.5 1340 -28598.9
v 47039.8 1340 -28628.9
v 47039.8 1320 -28628.9
v 47029 1320 -28658.9
v 47029 1300 -28658.9
v 47018.3 1300 -28688.9
v 47018.3 1280 -28688.9
v 47007.5 1280 -28718.9
v 47007.5 1260 -28718.9
v 46996.8 1260 -28748.9
v 46996.8 1240 -28748.9
v 46986 1240 -28778.9
v 46986 1220 -28778.9
v 46975.3 1220 -28808.9
v 46975.3 1200 -28808.9
v 46964.5 1200 -28838.9
v 46964.5 1180 -28838.9
v 46953.8 1180 -28868.9
v 46953.8 1160 -28868.9
v 46943 1160 -28898.9
v 46943 1140 -28898.9
f 3073/1613/90 3074/1614/90 3075/1615/90 3076/1616/90 3077/1617/90 3078/1618/90 3079/1619/90 3080/1620/90 3081/1621/90 3082/1622/90 3083/1623/90 3084/1624/90 3085/1625/90 3086/1626/90 3087/1627/90 3088/1628/90 3089/1629/90 3090/1630/90 3091/1631/90 3092/1632/90 3093/1633/90 3094/1634/90 3095/1635/90 3096/1636/90 3097/1637/90 3098/1638/90 3099/1639/90 3072/1640/90 3015/1641/90 3014/1642/90 

v 47070.2 1400 -28538.9
f 3073/1477/1 3100/1643/1 3074/1644/1

usemtl FrontColor
v 47126.7 1720 -28380.5
v 46746.7 1720 -29446.6
f 3073/1645/91 3100/1646/91 2475/1647/91 3101/1648/91 3102/1649/91 

v 47019.2 1400 -28538.3
v 47026.7 1400 -28517.3
f 3100/1650/1 3103/1133/1 3104/1651/1 2475/1652/1 

v 47019.2 1380 -28538.3
f 3075/1139/92 3105/1140/92 3103/1137/92 3100/1653/92 3074/1138/92 

v 47008.4 1380 -28568.3
f 3105/1133/1 3075/1134/1 3076/1135/1 3106/1136/1 

usemtl mramor
v 47272.1 1380 -28568.9
v 47272.1 1380 -28538.9
f 3107/1654/1 3076/1655/1 3075/1644/1 3108/1656/1 

v 47272.1 1360 -28568.9
f 3109/1657/2 3077/1658/2 3076/1659/2 3107/1660/2 

v 47272.1 1360 -28598.9
f 3110/1661/1 3078/1662/1 3077/1655/1 3109/1654/1 

v 47272.1 1340 -28598.9
f 3079/1663/2 3078/1664/2 3110/1657/2 3111/1665/2 

usemtl FrontColor
v 46997.7 1340 -28598.3
v 46997.7 1360 -28598.3
f 3079/1149/53 3112/1150/53 3113/1151/53 3078/1152/53 

v 46986.9 1340 -28628.3
f 3112/1144/1 3079/1143/1 3080/1153/1 3114/1154/1 

usemtl mramor
v 47272.1 1340 -28628.9
f 3115/1666/1 3080/1667/1 3079/1662/1 3111/1661/1 

v 47272.1 1320 -28628.9
f 3116/1668/2 3081/1669/2 3080/1670/2 3115/1665/2 

v 47272.1 1320 -28658.9
f 3117/1671/1 3082/1672/1 3081/1667/1 3116/1666/1 

v 47272.1 1300 -28658.9
f 3083/1673/2 3082/1674/2 3117/1668/2 3118/1675/2 

usemtl FrontColor
v 46976.2 1320 -28658.3
v 46976.2 1300 -28658.3
f 3119/1168/53 3082/1169/53 3083/1166/53 3120/1167/53 

v 46986.9 1320 -28628.3
f 3121/1154/1 3081/1153/1 3082/1162/1 3119/1163/1 

f 3081/1158/53 3121/1159/53 3114/1160/53 3080/1161/53 

usemtl mramor
v 47008.4 1360 -28568.3
v 46965.4 1300 -28688.3
v 46965.4 1280 -28688.3
v 46954.6 1280 -28718.3
v 46954.6 1260 -28718.3
v 46943.9 1260 -28748.3
v 46943.9 1240 -28748.3
v 46933.1 1240 -28778.3
v 46933.1 1220 -28778.3
v 46922.4 1220 -28808.3
v 46922.4 1200 -28808.3
v 46911.6 1200 -28838.3
v 46911.6 1180 -28838.3
v 46900.9 1180 -28868.3
v 46900.9 1160 -28868.3
v 46890.1 1160 -28898.3
v 46890.1 1140 -28898.3
v 46879.4 1140 -28928.3
v 46693.8 1400 -29445.9
v 46693.8 1720 -29445.9
v 47026.7 1720 -28517.3
f 3104/1676/93 3103/1677/93 3105/1678/93 3106/1679/93 3122/1680/93 3113/1681/93 3112/1682/93 3114/1683/93 3121/1684/93 3119/1685/93 3120/1686/93 3123/1687/93 3124/1688/93 3125/1689/93 3126/1690/93 3127/1691/93 3128/1692/93 3129/1693/93 3130/1694/93 3131/1695/93 3132/1696/93 3133/1697/93 3134/1698/93 3135/1699/93 3136/1700/93 3137/1701/93 3138/1702/93 3139/1703/93 3030/1704/93 3029/1705/93 3140/1706/93 3141/1707/93 3142/1708/93 

usemtl FrontColor
f 3077/1131/53 3122/1132/53 3106/1129/53 3076/1130/53 

f 3122/1136/1 3077/1135/1 3078/1143/1 3113/1144/1 

f 3120/1163/1 3083/1162/1 3084/1170/1 3123/1171/1 

usemtl mramor
v 47272.1 1300 -28688.9
f 3143/1709/1 3084/1710/1 3083/1672/1 3118/1671/1 

v 47272.1 1280 -28688.9
f 3144/1567/2 3085/1711/2 3084/1712/2 3143/1675/2 

v 47272.1 1280 -28718.9
f 3145/1713/94 3086/1714/94 3085/1710/94 3144/1709/94 

v 47272.1 1260 -28718.9
f 3087/1715/2 3086/1716/2 3145/1567/2 3146/1566/2 

usemtl FrontColor
f 3125/1180/95 3086/1181/95 3087/1178/95 3126/1179/95 

f 3124/1171/1 3085/1170/1 3086/1176/1 3125/1177/1 

f 3085/1172/53 3124/1173/53 3123/1174/53 3084/1175/53 

f 3126/1177/96 3087/1176/96 3088/1182/96 3127/1183/96 

usemtl mramor
f 3048/1572/97 3088/1717/97 3087/1714/97 3146/1713/97 

f 3047/1565/2 3089/1718/2 3088/1719/2 3048/1566/2 

f 3054/1571/1 3090/1720/1 3089/1717/1 3047/1572/1 

v 47272.1 1220 -28778.9
f 3091/1721/2 3090/1722/2 3054/1565/2 3147/1583/2 

usemtl FrontColor
f 3091/930/98 3130/931/98 3129/932/98 3090/933/98 

f 3130/928/99 3091/929/99 3092/923/99 3131/922/99 

usemtl mramor
f 3057/1570/100 3092/1723/100 3091/1720/100 3147/1571/100 

f 3056/1582/2 3093/1724/2 3092/1725/2 3057/1583/2 

f 3060/1586/1 3094/1726/1 3093/1723/1 3056/1570/1 

v 47272.1 1180 -28838.9
f 3095/1727/2 3094/1728/2 3060/1582/2 3148/1599/2 

usemtl FrontColor
f 3095/920/98 3134/921/98 3133/918/98 3094/919/98 

f 3134/916/1 3095/917/1 3096/909/1 3135/908/1 

usemtl mramor
f 3065/1585/1 3096/1729/1 3095/1726/1 3148/1586/1 

f 3064/1598/2 3097/1730/2 3096/1731/2 3065/1599/2 

f 3069/1601/1 3098/1732/1 3097/1729/1 3064/1585/1 

v 47272.1 1140 -28898.9
f 3099/1733/2 3098/1734/2 3069/1598/2 3149/1610/2 

usemtl FrontColor
f 3099/906/53 3138/907/53 3137/904/53 3098/905/53 

f 3138/911/1 3099/910/1 3072/1333/1 3139/1334/1 

usemtl mramor
f 3072/1478/1 3099/1732/1 3149/1601/1 3071/1479/1 

f 3068/1735/3 3071/1736/3 3149/1737/3 3069/1738/3 

usemtl FrontColor
f 3139/1329/95 3072/1330/95 3015/1739/95 3030/1740/95 

f 3136/908/1 3097/909/1 3098/910/1 3137/911/1 

f 3135/912/53 3096/913/53 3097/914/53 3136/915/53 

usemtl mramor
f 3059/1777/3 3065/1778/3 3148/1779/3 3060/1780/3 

usemtl FrontColor
f 3132/922/106 3093/923/106 3094/917/106 3133/916/106 

f 3131/924/98 3092/925/98 3093/926/98 3132/927/98 

usemtl mramor
f 3053/1781/3 3057/1782/3 3147/1783/3 3054/1784/3 

usemtl FrontColor
f 3128/1183/1 3089/1182/1 3090/929/1 3129/928/1 

f 3127/1409/53 3088/1410/53 3089/1411/53 3128/1412/53 

usemtl mramor
f 3049/1785/3 3048/1786/3 3146/1787/3 3145/1788/3 

v 48422.9 1280 -28688.9
v 48422.9 1280 -28718.9
f 3150/1789/1 3151/1790/1 3050/1573/1 3049/1572/1 3145/1713/1 3144/1709/1 

f 3150/1789/1 2990/1791/1 2989/1792/1 3151/1790/1 

v 48422.9 1300 -28688.9
f 3150/1568/2 3152/1793/2 2991/1794/2 2990/1795/2 

v 47272.1 1320 -28688.9
v 48422.9 1320 -28688.9
f 3150/1568/2 3144/1567/2 3143/1675/2 3153/1668/2 3154/1796/2 3152/1793/2 

f 3153/1797/3 3143/1798/3 3118/1799/3 3117/1800/3 

v 48422.9 1320 -28658.9
v 48422.9 1320 -28628.9
f 3155/1801/1 3154/1789/1 3153/1709/1 3117/1671/1 3116/1666/1 3156/1802/1 

v 48422.9 1300 -28658.9
f 3155/1803/5 3157/1804/5 3152/1805/5 3154/1806/5 

f 3157/1793/2 3155/1796/2 2993/1807/2 2992/1808/2 

f 3156/1802/1 2994/1809/1 2993/1810/1 3155/1801/1 

v 48422.9 1340 -28628.9
f 2994/1811/2 3156/1796/2 3158/1812/2 2995/1813/2 

v 47272.1 1360 -28628.9
v 48422.9 1360 -28628.9
f 3156/1796/2 3116/1668/2 3115/1665/2 3159/1657/2 3160/1814/2 3158/1812/2 

f 3159/1815/3 3115/1816/3 3111/1817/3 3110/1818/3 

v 48422.9 1360 -28568.9
v 48422.9 1360 -28598.9
f 3161/1819/1 3162/1820/1 3160/1802/1 3159/1666/1 3110/1661/1 3109/1654/1 

f 3162/1820/1 3161/1819/1 2998/1821/1 2997/1822/1 

v 48422.9 1380 -28568.9
f 2998/1823/2 3161/1814/2 3163/1824/2 2999/1825/2 

v 47272.1 1400 -28568.9
v 48422.9 1400 -28568.9
f 3161/1814/2 3109/1657/2 3107/1660/2 3164/1826/2 3165/1827/2 3163/1824/2 

v 47272.1 1400 -28538.9
f 3164/1828/3 3107/1829/3 3108/1830/3 3166/1831/3 

f 3075/1832/2 3074/1833/2 3166/1826/2 3108/1660/2 

v 48422.9 1400 -28538.9
v 47082.8 1400 -28508.9
v 47130.9 1400 -28374.7
v 48564 1400 -28374.7
f 3001/1834/1 3167/1835/1 3165/1819/1 3164/1654/1 3166/1656/1 3074/1644/1 3168/1836/1 3169/1837/1 2477/1838/1 2478/1839/1 3170/1840/1 3003/1841/1 3002/1842/1 

v 48422.9 1380 -28538.9
f 3171/1824/2 3167/1827/2 3001/1843/2 3000/1844/2 

f 3167/1845/5 3171/1846/5 3163/1847/5 3165/1848/5 

f 3163/1819/1 3171/1835/1 3000/1834/1 2999/1821/1 

usemtl FrontColor
v 48675.8 1380 -28538.3
v 48686.6 1380 -28568.3
f 3000/1101/1 3172/1102/1 3173/1103/1 2999/1104/1 

v 48675.8 1400 -28538.3
f 3172/1105/70 3000/1106/70 3001/1107/70 3174/1108/70 

v 48668.3 1400 -28517.3
f 3174/1102/1 3001/1101/1 3002/1849/1 3003/1850/1 3175/1109/1 

usemtl mramor
v 48668.3 1720 -28517.3
f 3004/1851/107 3003/1852/107 3175/1853/107 3176/1854/107 

f 3003/1841/1 2404/1859/1 3175/1860/1

v 49001.1 1720 -29445.9
v 48740.3 1260 -28718.3
v 48740.3 1280 -28718.3
v 48729.6 1280 -28688.3
v 48729.6 1300 -28688.3
v 48718.8 1300 -28658.3
v 48718.8 1320 -28658.3
v 48708.1 1320 -28628.3
v 48708.1 1340 -28628.3
v 48697.3 1340 -28598.3
v 48697.3 1360 -28598.3
v 48686.6 1360 -28568.3
f 3174/1457/110 3175/1863/110 3176/1864/110 3177/1461/110 3023/1462/110 3022/1865/110 3031/1430/110 3032/1431/110 3033/1432/110 3034/1433/110 3035/1434/110 3036/1435/110 3037/1436/110 3038/1437/110 3039/1438/110 3040/1439/110 3041/1440/110 3042/1441/110 3043/1442/110 3044/1443/110 3178/1444/110 3179/1445/110 3180/1446/110 3181/1447/110 3182/1448/110 3183/1449/110 3184/1450/110 3185/1451/110 3186/1452/110 3187/1453/110 3188/1454/110 3173/1455/110 3172/1456/110 

v 48665 1720 -28508.3
v 48665 1400 -28508.3
f 3189/1460/111 3176/1864/111 3175/1863/111 3190/1459/111 

f 3177/1537/1 3005/1482/1 3004/1841/1 3176/1860/1 

v 48818.8 1720 -29998.6
v 48801.8 1720 -29890.5
f 3191/1535/1 3192/1467/1 3005/1482/1 3177/1537/1 

v 48564 1720 -29650
v 48604.4 1720 -29620.5
f 3191/1535/1 3193/1036/1 3194/1468/1 3192/1467/1 

vt -5.33154 7.37074
f 3024/1508/9 3025/1509/9 3193/3667/9 3191/1507/9 

vt -5.27 7.18612
v 48446 1720 -29488.5
vt -5.27 7.37074
f 3025/1509/9 3026/3668/9 3195/3669/9 3193/3667/9 

v 48322.1 1720 -29318.9
f 3026/3668/9 2870/1505/9 3196/1506/9 3195/3669/9 

v 47372.9 1720 -29318.9
f 2870/1511/2 2869/1512/2 3197/1513/2 3196/1514/2 

vt -3.01318 7.18612
v 47248.9 1720 -29488.5
vt -3.01318 7.37074
f 2869/1515/20 3027/3670/20 3198/3671/20 3197/1522/20 

v 47130.9 1720 -29650
vt -2.95164 7.37074
f 3027/3670/20 2774/1519/20 3199/3672/20 3198/3671/20 

v 46876.1 1720 -29998.6
f 2774/1519/20 3028/1520/20 3200/1521/20 3199/3672/20 

f 3028/1755/103 3029/1756/103 3140/1757/103 3141/1758/103 3200/1759/103 

f 3102/1760/104 3141/1761/104 3140/1762/104 3073/1763/104 

v 46893.1 1720 -29890.5
f 3201/1476/1 3200/1536/1 3141/1764/1 3102/1477/1 

v 47090.6 1720 -29620.5
f 3199/939/1 3200/1536/1 3201/1476/1 3202/1475/1 

vt -1.11957 7.37074
f 3013/1529/17 3012/1530/17 3202/3673/17 3201/1528/17 

vt -1.05803 7.18612
v 47208.6 1720 -29459
vt -1.05803 7.37074
f 3012/1530/17 3011/3674/17 3203/3675/17 3202/3673/17 

f 3011/3674/17 3010/1534/17 3021/1527/17 3203/3675/17 

vt 1.3491 8.44921
v 48486.4 1720 -29459
vt 1.71743 8.44921
f 3198/3676/1 3203/3661/1 3021/1472/1 3020/1471/1 3204/3662/1 3195/3677/1 3196/1118/1 3197/1121/1 

f 3202/1475/1 3203/3661/1 3198/3676/1 3199/939/1 

vt 1.19879 7.18612
vt 1.19879 7.37074
f 3009/1483/15 3019/3678/15 3204/3679/15 3020/1490/15 

vt 1.26033 7.37074
f 3019/3678/15 3018/1487/15 3194/3680/15 3204/3679/15 

f 3018/1487/15 3017/1488/15 3192/1489/15 3194/3680/15 

f 3017/1538/13 3006/1539/13 3005/1540/13 3192/1541/13 

f 3193/1036/1 3195/3677/1 3204/3662/1 3194/1468/1 

f 3014/1772/105 3013/1773/105 3201/1774/105 3102/1775/105 3073/1776/105 

f 3142/1765/1 3101/1766/1 3102/1477/1 3141/1764/1 

f 3142/1767/20 3101/1768/20 2475/1769/20 3104/1770/20 

usemtl FrontColor
v 47082.8 1720 -28508.9
f 3205/1771/1 3102/1746/1 3101/1652/1

usemtl mramor
f 3023/1866/11 3024/1867/11 3191/1868/11 3177/1869/11 

usemtl FrontColor
f 2988/1232/1 3178/1233/1 3044/1234/1 2987/1235/1 

f 3178/1238/70 2988/1239/70 2989/1236/70 3179/1237/70 

usemtl mramor
v 48422.9 1260 -28718.9
f 3206/1562/2 3151/1568/2 2989/1870/2 2988/1871/2 

f 3050/1872/5 3151/1873/5 3206/1874/5 3046/1875/5 

f 2987/1581/1 3046/1573/1 3206/1790/1 2988/1792/1 

usemtl FrontColor
f 2990/1240/1 3180/1241/1 3179/1233/1 2989/1232/1 

f 3180/1244/88 2990/1245/88 2991/1242/88 3181/1243/88 

f 2992/1246/1 3182/1247/1 3181/1241/1 2991/1240/1 

f 2993/1248/70 3183/1249/70 3182/1250/70 2992/1251/70 

f 2994/1252/1 3184/1253/1 3183/1247/1 2993/1246/1 

f 3184/1256/70 2994/1257/70 2995/1254/70 3185/1255/70 

f 2996/1258/1 3186/1259/1 3185/1253/1 2995/1252/1 

f 2997/1260/112 3187/1261/112 3186/1262/112 2996/1263/112 

f 2998/1104/1 3188/1103/1 3187/1259/1 2997/1258/1 

f 3188/1099/70 2998/1100/70 2999/1097/70 3173/1098/70 

usemtl mramor
v 48422.9 1340 -28598.9
f 3207/1812/2 3162/1814/2 2997/1876/2 2996/1877/2 

f 3160/1878/5 3162/1879/5 3207/1880/5 3158/1881/5 

f 2995/1809/1 3158/1802/1 3207/1820/1 2996/1822/1 

f 2991/1791/1 3152/1789/1 3157/1801/1 2992/1810/1 

f 3168/1836/1 3074/1644/1 3100/1643/1 2475/1766/1 

g Mesh30 Group32 Group20 Model

usemtl Color_M00
v 48206.4 1629.4 -29238.9
v 47477.4 1629.4 -29238.9
v 47477.4 1629.4 -29234.9
v 48206.4 1629.4 -29234.9
f 3208/1/1 3209/2/1 3210/3/1 3211/4/1 

usemtl FrontColor
v 47477.4 1224.4 -29238.9
v 47477.4 1426.9 -29238.9
v 48206.4 1224.4 -29238.9
f 3212/5/2 3213/6/2 3209/7/2 3208/8/2 3214/9/2 

v 47477.4 1224.4 -29234.9
v 47477.4 1426.9 -29234.9
f 3215/5/3 3216/6/3 3213/10/3 3212/11/3 

usemtl Color_M00
v 48206.4 1224.4 -29234.9
f 3217/4/4 3211/12/4 3210/7/4 3216/6/4 3215/5/4 

f 3214/13/5 3208/14/5 3211/7/5 3217/3/5 

f 3212/15/6 3214/16/6 3217/9/6 3215/17/6 

f 3209/18/3 3213/10/3 3216/6/3 3210/7/3 

g Mesh31 Group20 Model

usemtl FrontColor
v 47033.6 0 -36749.4
vt 246.572 4164.19
v 47016.5 0 -36857.4
vt 239.871 4206.71
v 46889.4 0 -36471.9
vt 189.818 4054.97
v 46866.5 0 -36402.5
vt 180.798 4027.62
v 46903.6 0 -36355.3
vt 195.406 4009.06
f 3218/3681/1 3219/3682/1 3220/3683/1 3221/3684/1 3222/3685/1 

usemtl mramor
v 48791.4 0 -36355.3
v 48637.3 0 -35911.5
vt 1.77627 10.4255
v 48690.2 0 -35911.5
vt 1.79256 10.4255
v 48844.2 0 -36354.9
vt 1.83993 10.562
v 48828.5 0 -36402.5
v 49143.7 0 -37281.9
v 48997.6 0 -37724.8
v 48994 0 -37735.6
v 49143.7 0 -38153.1
v 48979.6 0 -38650.4
v 48624.2 0 -38164.1
v 48463.8 0 -38650.4
v 48016.7 0 -38038.8
v 47847.5 0 -38038.8
vt 1.53326 11.0801
v 47678.2 0 -38038.8
v 47231.2 0 -38650.4
v 47070.8 0 -38164.1
v 46715.3 0 -38650.4
v 46551.3 0 -38153.1
v 46700.9 0 -37735.6
v 46551.3 0 -37281.9
v 46598.9 0 -37282.5
v 46730.7 0 -37682.1
v 46748 0 -37734.6
v 46748.5 0 -37736.2
v 46598.9 0 -38153.7
v 46730.7 0 -38553.2
v 47086.1 0 -38066.9
v 47114.7 0 -38153.7
v 47246.5 0 -38553.2
v 47655.4 0 -37993.8
v 48039.6 0 -37993.8
v 48448.5 0 -38553.2
v 48580.3 0 -38153.7
v 48608.9 0 -38066.9
v 48964.3 0 -38553.2
v 49096.1 0 -38153.7
v 48944.9 0 -37731.7
v 48964.3 0 -37682.1
v 49096.1 0 -37282.5
v 48805.6 0 -36471.9
v 48678.4 0 -36857.4
v 48280.6 0 -36313.1
v 48228.6 0 -36301.5
v 47466.3 0 -36301.5
v 47414.4 0 -36313.1
v 47397.5 0 -36251.5
v 48297.5 0 -36251.5
v 48661.4 0 -36749.4
f 3223/2837/1 3224/3686/1 3225/3687/1 3226/3688/1 3227/2693/1 3228/2694/1 3229/2707/1 3230/2708/1 3231/2709/1 3232/2710/1 3233/2711/1 3234/2712/1 3235/2713/1 3236/3689/1 3237/2714/1 3238/2715/1 3239/2716/1 3240/2717/1 3241/2718/1 3242/2719/1 3243/2720/1 3221/2800/1 3220/2801/1 3244/2721/1 3245/2722/1 3246/2723/1 3247/2724/1 3248/2725/1 3249/2726/1 3250/2727/1 3251/2728/1 3252/2729/1 3253/2730/1 3254/2731/1 3255/2732/1 3256/2733/1 3257/2734/1 3258/2735/1 3259/2736/1 3260/2737/1 3261/2699/1 3262/2691/1 3263/2692/1 3264/2702/1 3265/2701/1 3266/2816/1 3267/2827/1 3268/2807/1 3219/2806/1 3218/2833/1 3269/2834/1 3270/2835/1 3271/2836/1 

v 47057.7 0 -35911.5
vt 1.29026 10.4255
v 47397.5 0 -35911.5
vt 1.3948 10.4255
v 48297.5 0 -35911.5
vt 1.67173 10.4255
f 3218/2833/1 3222/2839/1 3272/3690/1 3273/3691/1 3274/3692/1 3224/3686/1 3223/2837/1 3271/2836/1 3270/2835/1 3269/2834/1 

vt 3.86706 7.42885
vn 0.949674 -1.04216e-17 0.313241
vt 3.99472 7.42885
v 47033.6 600 -36749.4
vt 3.99472 7.61347
v 46903.6 600 -36355.3
vt 3.86706 7.61347
v 46903.6 320 -36355.3
vt 3.86706 7.52731
f 3222/3693/305 3218/3694/305 3275/3695/305 3276/3696/305 3277/3697/305 

vt -1.5707 7.42885
vn -0.807331 2.85569e-17 0.590099
vt -1.38094 7.42885
v 47397.5 300 -36251.5
vt -1.38094 7.52116
v 47397.5 600 -36251.5
vt -1.38094 7.61347
vt -1.5707 7.61347
f 3218/3698/306 3269/3699/306 3278/3700/306 3279/3701/306 3275/3702/306 

vt 1.67173 7.42885
v 48297.5 600 -36251.5
vt 1.67173 7.61347
vt 1.3948 7.61347
vt 1.3948 7.52116
vt 1.3948 7.42885
f 3270/3703/4 3280/3704/4 3279/3705/4 3278/3706/4 3269/3707/4 

vt 3.78998 7.42885
vt 3.97974 7.42885
v 48661.4 600 -36749.4
vt 3.97974 7.61347
vt 3.78998 7.61347
f 3270/3708/15 3271/3709/15 3281/3710/15 3280/3711/15 

vt -2.02976 7.42885
vt -1.9021 7.42885
v 48791.4 600 -36355.3
vt -1.9021 7.61347
vt -2.02976 7.61347
f 3271/3712/13 3223/3713/13 3282/3714/13 3281/3715/13 

v 48465.7 600 -35417.3
vt -2.28143 7.61347
vn -0.944683 1.0186e-15 -0.327985
vt -2.58696 7.61347
vt -2.58696 7.42885
vt -2.44239 7.42885
v 48637.3 20 -35911.5
vt -2.44239 7.43501
v 48626.8 20 -35881.5
vt -2.43261 7.43501
v 48626.8 40 -35881.5
vt -2.43261 7.44116
v 48616.4 40 -35851.5
vt -2.42284 7.44116
v 48616.4 60 -35851.5
vt -2.42284 7.44731
v 48606 60 -35821.5
vt -2.41307 7.44731
v 48606 80 -35821.5
vt -2.41307 7.45347
v 48595.6 80 -35791.5
vt -2.4033 7.45347
v 48595.6 100 -35791.5
vt -2.4033 7.45962
v 48585.2 100 -35761.5
vt -2.39353 7.45962
v 48585.2 120 -35761.5
vt -2.39353 7.46577
v 48574.8 120 -35731.5
vt -2.38376 7.46577
v 48574.8 140 -35731.5
vt -2.38376 7.47193
v 48564.3 140 -35701.5
vt -2.37399 7.47193
v 48564.3 160 -35701.5
vt -2.37399 7.47808
v 48553.9 160 -35671.5
vt -2.36422 7.47808
v 48553.9 180 -35671.5
vt -2.36422 7.48424
v 48543.5 180 -35641.5
vt -2.35444 7.48424
v 48543.5 200 -35641.5
vt -2.35444 7.49039
v 48533.1 200 -35611.5
vt -2.34467 7.49039
v 48533.1 220 -35611.5
vt -2.34467 7.49654
v 48522.7 220 -35581.5
vt -2.3349 7.49654
v 48522.7 240 -35581.5
vt -2.3349 7.5027
v 48512.3 240 -35551.5
vt -2.32513 7.5027
v 48512.3 260 -35551.5
vt -2.32513 7.50885
v 48501.9 260 -35521.5
vt -2.31536 7.50885
v 48501.9 280 -35521.5
vt -2.31536 7.51501
vt -2.28143 7.51501
f 3283/3716/307 3282/3717/307 3223/3718/307 3224/3719/307 3284/3720/307 3285/3721/307 3286/3722/307 3287/3723/307 3288/3724/307 3289/3725/307 3290/3726/307 3291/3727/307 3292/3728/307 3293/3729/307 3294/3730/307 3295/3731/307 3296/3732/307 3297/3733/307 3298/3734/307 3299/3735/307 3300/3736/307 3301/3737/307 3302/3738/307 3303/3739/307 3304/3740/307 3305/3741/307 3306/3742/307 3307/3743/307 3308/3744/307 3309/3745/307 3310/3746/307 1904/3747/307 

v 48844.2 600 -36354.9
v 48828.5 600 -36402.5
v 48566.5 600 -35555.2
vt 1.7545 10.3159
f 3311/3688/1 3312/2693/1 3282/2837/1 3283/3624/1 3313/3748/1 

vt 3.35941 7.42885
vt 3.37481 7.42885
vt 3.37481 7.61347
vt 3.35941 7.61347
f 3226/3749/11 3227/3750/11 3312/3751/11 3311/3752/11 

v 49143.7 600 -37281.9
f 3227/2844/12 3228/2845/12 3314/2846/12 3312/2847/12 

v 48997.6 600 -37724.8
f 3228/2738/11 3229/2739/11 3315/2740/11 3314/2741/11 

v 48994 600 -37735.6
f 3229/2739/11 3230/2742/11 3316/2743/11 3315/2740/11 

v 49143.7 600 -38153.1
f 3230/2744/12 3231/2745/12 3317/2746/12 3316/2747/12 

v 48979.6 600 -38650.4
f 3231/2748/11 3232/2749/11 3318/2750/11 3317/2751/11 

v 48624.2 600 -38164.1
f 3232/2752/9 3233/2753/9 3319/2754/9 3318/2755/9 

v 48463.8 600 -38650.4
f 3233/2756/11 3234/2757/11 3320/2758/11 3319/2759/11 

v 48016.7 600 -38038.8
f 3234/2760/9 3235/2761/9 3321/2762/9 3320/2763/9 

vt -0.070752 7.42885
v 47847.5 600 -38038.8
vt -0.070752 7.61347
f 3235/2764/2 3236/3753/2 3322/3754/2 3321/2767/2 

v 47678.2 600 -38038.8
f 3236/3753/2 3237/2765/2 3323/2766/2 3322/3754/2 

v 47231.2 600 -38650.4
f 3237/2768/20 3238/2769/20 3324/2770/20 3323/2771/20 

v 47070.8 600 -38164.1
f 3238/2772/7 3239/2773/7 3325/2774/7 3324/2775/7 

v 46715.3 600 -38650.4
f 3239/2776/20 3240/2777/20 3326/2778/20 3325/2779/20 

v 46551.3 600 -38153.1
f 3240/2780/7 3241/2781/7 3327/2782/7 3326/2783/7 

v 46700.9 600 -37735.6
f 3241/2784/19 3242/2785/19 3328/2786/19 3327/2787/19 

v 46551.3 600 -37281.9
f 3242/2788/7 3243/2789/7 3329/2790/7 3328/2791/7 

v 46866.5 600 -36402.5
f 3243/2792/19 3221/2793/19 3330/2794/19 3329/2795/19 

vt -2.41474 7.42885
vn -0.949674 -6.2537e-19 -0.313241
v 46850.8 0 -36354.9
vt -2.39934 7.42885
v 46850.8 320 -36354.9
vt -2.39934 7.52731
v 46850.8 600 -36354.9
vt -2.39934 7.61347
vt -2.41474 7.61347
f 3221/3755/308 3331/3756/308 3332/3757/308 3333/3758/308 3330/3759/308 

usemtl FrontColor
vt 174.624 4008.9
v 47004.8 0 -35911.5
vt 235.242 3834.31
vt 256.08 3834.31
f 3331/3760/1 3334/3761/1 3272/3762/1 3222/3685/1 3221/3684/1 

usemtl mramor
v 47176.5 280 -35416.9
vt 3.21785 7.51501
vn 0.944683 1.74533e-15 -0.327985
v 47140.3 280 -35521.1
vt 3.25178 7.51501
v 47140.3 260 -35521.1
vt 3.25178 7.50885
v 47129.9 260 -35551.1
vt 3.26155 7.50885
v 47129.9 240 -35551.1
vt 3.26155 7.5027
v 47119.5 240 -35581.1
vt 3.27132 7.5027
v 47119.5 220 -35581.1
vt 3.27132 7.49654
v 47109.1 220 -35611.1
vt 3.28109 7.49654
v 47109.1 200 -35611.1
vt 3.28109 7.49039
v 47098.7 200 -35641.1
vt 3.29086 7.49039
v 47098.7 180 -35641.1
vt 3.29086 7.48424
v 47088.2 180 -35671.1
vt 3.30063 7.48424
v 47088.2 160 -35671.1
vt 3.30063 7.47808
v 47077.8 160 -35701.1
vt 3.31041 7.47808
v 47077.8 140 -35701.1
vt 3.31041 7.47193
v 47067.4 140 -35731.1
vt 3.32018 7.47193
v 47067.4 120 -35731.1
vt 3.32018 7.46577
v 47057 120 -35761.1
vt 3.32995 7.46577
v 47057 100 -35761.1
vt 3.32995 7.45962
v 47046.6 100 -35791.1
vt 3.33972 7.45962
v 47046.6 80 -35791.1
vt 3.33972 7.45347
v 47036.2 80 -35821.1
vt 3.34949 7.45347
v 47036.2 60 -35821.1
vt 3.34949 7.44731
v 47025.8 60 -35851.1
vt 3.35926 7.44731
v 47025.8 40 -35851.1
vt 3.35926 7.44116
v 47015.3 40 -35881.1
vt 3.36903 7.44116
v 47015.3 20 -35881.1
vt 3.36903 7.43501
v 47004.9 20 -35911.1
vt 3.37881 7.43501
v 47004.9 0 -35911.1
vt 3.37881 7.42885
vt 3.37894 7.42885
vt 3.52338 7.42885
vt 3.52338 7.52731
v 47128.5 320 -35555.2
vt 3.2629 7.52731
v 47176.5 320 -35416.9
vt 3.21785 7.52731
f 3335/3763/309 3336/3764/309 3337/3765/309 3338/3766/309 3339/3767/309 3340/3768/309 3341/3769/309 3342/3770/309 3343/3771/309 3344/3772/309 3345/3773/309 3346/3774/309 3347/3775/309 3348/3776/309 3349/3777/309 3350/3778/309 3351/3779/309 3352/3780/309 3353/3781/309 3354/3782/309 3355/3783/309 3356/3784/309 3357/3785/309 3358/3786/309 3359/3787/309 3360/3788/309 3361/3789/309 3362/3790/309 3363/3791/309 3334/3792/309 3331/3793/309 3332/3794/309 3364/3795/309 3365/3796/309 

usemtl FrontColor
vt 302.848 3639.58
vt 323.629 3639.75
v 47193.1 280 -35521.5
vt 309.388 3680.76
vt 288.607 3680.6
f 3335/3797/1 1858/3798/1 3366/3799/1 3336/3800/1 

usemtl mramor
vn 0.944683 3.22974e-15 -0.327985
v 47193.1 260 -35521.5
v 47182.7 260 -35551.5
v 47182.7 240 -35551.5
v 47172.3 240 -35581.5
v 47172.3 220 -35581.5
v 47161.9 220 -35611.5
v 47161.9 200 -35611.5
v 47151.4 200 -35641.5
v 47151.4 180 -35641.5
v 47141 180 -35671.5
v 47141 160 -35671.5
v 47130.6 160 -35701.5
v 47130.6 140 -35701.5
v 47120.2 140 -35731.5
v 47120.2 120 -35731.5
v 47109.8 120 -35761.5
v 47109.8 100 -35761.5
v 47099.4 100 -35791.5
v 47099.4 80 -35791.5
v 47089 80 -35821.5
v 47089 60 -35821.5
v 47078.5 60 -35851.5
v 47078.5 40 -35851.5
v 47068.1 40 -35881.5
v 47068.1 20 -35881.5
v 47057.7 20 -35911.5
v 47229.3 320 -35417.3
f 1858/3763/310 3366/3764/310 3367/3765/310 3368/3766/310 3369/3767/310 3370/3768/310 3371/3769/310 3372/3770/310 3373/3771/310 3374/3772/310 3375/3773/310 3376/3774/310 3377/3775/310 3378/3776/310 3379/3777/310 3380/3778/310 3381/3779/310 3382/3780/310 3383/3781/310 3384/3782/310 3385/3783/310 3386/3784/310 3387/3785/310 3388/3786/310 3389/3787/310 3390/3788/310 3391/3789/310 3392/3790/310 3272/3791/310 3222/3793/310 3277/3794/310 3393/3796/310 

v 47397.5 280 -35551.5
vt 1.3948 10.3147
v 47397.5 280 -35521.5
vt 1.3948 10.3055
vt 1.33192 10.3055
v 48272.1 280 -35152.4
vt 1.73461 10.3055
v 48297.5 280 -35521.5
vt 1.67173 10.3055
v 48297.5 280 -35551.5
vt 1.67173 10.3147
f 3394/3801/1 3395/3802/1 3366/3803/1 1858/3623/1 1862/2329/1 3396/2328/1 1904/3624/1 3310/3804/1 3397/3805/1 3398/3806/1 

vt -2.15463 7.51501
vn -1 0 -9.62549e-15
v 47397.5 260 -35551.5
vt -2.15463 7.50885
v 47397.5 260 -35521.5
vt -2.1454 7.50885
vt -2.1454 7.51501
f 3394/3807/311 3399/3808/311 3400/3809/311 3395/3810/311 

v 48297.5 260 -35551.5
vt -0.209214 7.50885
v 48297.5 240 -35551.5
vt -0.209214 7.5027
v 47397.5 240 -35551.5
vt 0.0677095 7.5027
vt 0.0677095 7.50885
vt 0.0677095 7.51501
vt -0.209214 7.51501
f 3401/3811/2 3402/3812/2 3403/3813/2 3399/3814/2 3394/3815/2 3398/3816/2 

vt -0.275302 7.5027
vt -0.275302 7.50885
f 3307/3817/2 3402/3812/2 3401/3811/2 3308/3818/2 

vn 4.80299e-16 1 3.69293e-15
vt 1.73781 10.3147
vt 1.74102 10.324
v 48297.5 240 -35581.5
vt 1.67173 10.324
f 3402/3806/312 3307/3819/312 3306/3820/312 3404/3821/312 

usemtl FrontColor
vt 828.743 3692.57
vn -5.60328e-17 1 7.19966e-15
v 48565.1 240 -35551.1
vt 849.525 3692.41
v 48575.5 240 -35581.1
vt 853.625 3704.22
vt 832.844 3704.39
f 3307/3822/313 3405/3823/313 3406/3824/313 3306/3825/313 

vt -799.981 102.362
vn 0.00778247 -2.08456e-28 -0.99997
v 48565.1 260 -35551.1
vt -820.763 102.362
vt -820.763 94.4882
vt -799.981 94.4882
f 3308/3826/314 3407/3827/314 3405/3828/314 3307/3829/314 

vt 824.643 3680.76
vn 1.86776e-17 1 -2.39989e-15
v 48554.6 260 -35521.1
vt 845.424 3680.6
f 3309/3830/315 3408/3831/315 3407/3823/315 3308/3822/315 

vt -816.754 102.362
vt -795.972 102.362
vt -795.972 110.236
v 48554.6 280 -35521.1
vt -816.754 110.236
f 3408/3832/32 3309/3833/32 3310/3834/32 3409/3835/32 

usemtl mramor
vt -0.272097 7.51501
vt -0.272097 7.50885
v 48297.5 260 -35521.5
f 3397/3816/2 3310/3836/2 3309/3837/2 3410/3811/2 

vn 5.29195e-16 1 1.29505e-15
f 3308/3819/316 3401/3806/316 3410/3805/316 3309/3804/316 

vt 3.60791 7.51501
vt 3.60791 7.50885
vt 3.61715 7.50885
vt 3.61715 7.51501
f 3397/3838/5 3410/3839/5 3401/3840/5 3398/3841/5 

usemtl FrontColor
vt 810.402 3639.75
v 48465.3 280 -35416.3
vt 810.263 3639.35
f 1904/3842/1 3411/3843/1 3409/3831/1 3310/3830/1 

usemtl mramor
v 48518.5 600 -35416.9
vn -0.944683 -4.90453e-16 -0.327985
vt -2.32648 7.61347
vt -2.44252 7.42885
v 48690 0 -35911.1
v 48690 20 -35911.1
v 48679.6 20 -35881.1
v 48679.6 40 -35881.1
v 48669.2 40 -35851.1
v 48669.2 60 -35851.1
v 48658.8 60 -35821.1
v 48658.8 80 -35821.1
v 48648.4 80 -35791.1
v 48648.4 100 -35791.1
v 48638 100 -35761.1
v 48638 120 -35761.1
v 48627.6 120 -35731.1
v 48627.6 140 -35731.1
v 48617.1 140 -35701.1
v 48617.1 160 -35701.1
v 48606.7 160 -35671.1
v 48606.7 180 -35671.1
v 48596.3 180 -35641.1
v 48596.3 200 -35641.1
v 48585.9 200 -35611.1
v 48585.9 220 -35611.1
v 48575.5 220 -35581.1
v 48518.5 280 -35416.9
f 3412/3716/317 3313/3844/317 3311/3717/317 3226/3718/317 3225/3845/317 3413/3719/317 3414/3720/317 3415/3721/317 3416/3722/317 3417/3723/317 3418/3724/317 3419/3725/317 3420/3726/317 3421/3727/317 3422/3728/317 3423/3729/317 3424/3730/317 3425/3731/317 3426/3732/317 3427/3733/317 3428/3734/317 3429/3735/317 3430/3736/317 3431/3737/317 3432/3738/317 3433/3739/317 3434/3740/317 3435/3741/317 3406/3742/317 3405/3743/317 3407/3744/317 3408/3745/317 3409/3746/317 3436/3747/317 

usemtl FrontColor
vt -844.076 15.748
vt -864.858 15.748
vt -864.858 7.87402
vt -844.076 7.87402
f 3286/3846/32 3416/3847/32 3415/3848/32 3285/3849/32 

vt 869.75 3810.68
vt 890.531 3810.52
vt 894.632 3822.33
vt 873.851 3822.5
f 3287/3850/1 3417/3851/1 3416/3852/1 3286/3853/1 

vt -860.849 15.748
vn 0.00778247 -2.6057e-29 -0.99997
vt -840.067 15.748
vt -840.067 23.622
vt -860.849 23.622
f 3417/3854/318 3287/3855/318 3288/3856/318 3418/3857/318 

usemtl mramor
vt -0.307351 7.44116
v 48297.5 40 -35851.5
vt -0.209214 7.44116
v 48297.5 60 -35851.5
vt -0.209214 7.44731
vt -0.307351 7.44731
f 3287/3858/2 3437/3859/2 3438/3860/2 3288/3861/2 

vt 1.67173 10.407
vt 1.76986 10.407
vt 1.77307 10.4163
v 48297.5 40 -35881.5
vt 1.67173 10.4163
f 3437/3862/1 3287/3863/1 3286/3864/1 3439/3865/1 

vt -0.310555 7.43501
v 48297.5 20 -35881.5
vt -0.209214 7.43501
vt -0.310555 7.44116
f 3285/3866/2 3440/3867/2 3439/3859/2 3286/3868/2 

v 48297.5 20 -35911.5
f 3441/3692/1 3440/3865/1 3285/3864/1 3284/3686/1 

vt 3.71868 7.44116
vt 3.71868 7.43501
vt 3.72791 7.43501
v 48297.5 40 -35911.5
vt 3.72791 7.44116
f 3439/3869/5 3440/3870/5 3441/3871/5 3442/3872/5 

vt -0.209214 7.42885
vt 0.0677095 7.42885
v 47397.5 20 -35911.5
vt 0.0677095 7.43501
v 47397.5 40 -35911.5
vt 0.0677095 7.44116
f 3274/3873/2 3273/3874/2 3443/3875/2 3444/3876/2 3442/3859/2 3441/3867/2 

vt 0.172256 7.42885
vt 0.172256 7.43501
f 3273/3874/2 3272/3877/2 3392/3878/2 3443/3875/2 

usemtl FrontColor
vt -285.912 0
vt -265.13 0
vt -265.13 7.87402
vt -285.912 7.87402
f 3272/3879/41 3363/3880/41 3362/3881/41 3392/3882/41 

vt 235.298 3834.15
f 3363/3883/1 3272/3762/1 3334/3761/1

vt 239.399 3822.33
vt 260.18 3822.5
f 3392/3762/1 3362/3883/1 3361/3884/1 3391/3885/1 

vt -289.921 7.87402
vt -269.139 7.87402
vt -269.139 15.748
vt -289.921 15.748
f 3391/3886/41 3361/3887/41 3360/3888/41 3390/3889/41 

vt 243.499 3810.52
vt 264.281 3810.68
f 3390/3885/1 3360/3884/1 3359/3890/1 3389/3891/1 

vt -293.93 15.748
vn -0.00778247 2.6057e-29 -0.99997
vt -273.147 15.748
vt -273.147 23.622
vt -293.93 23.622
f 3389/3892/319 3359/3893/319 3358/3894/319 3388/3895/319 

vt 247.6 3798.71
vt 268.382 3798.87
f 3388/3891/1 3358/3890/1 3357/3896/1 3387/3897/1 

vt -297.938 23.622
vt -277.156 23.622
vt -277.156 31.4961
vt -297.938 31.4961
f 3387/3898/41 3357/3899/41 3356/3900/41 3386/3901/41 

vn -9.33881e-18 1 -1.19994e-15
vt 251.701 3786.9
vt 272.482 3787.06
f 3386/3897/320 3356/3896/320 3355/3902/320 3385/3903/320 

vt -301.947 31.4961
vt -281.165 31.4961
vt -281.165 39.3701
vt -301.947 39.3701
f 3385/3904/319 3355/3905/319 3354/3906/319 3384/3907/319 

vt 255.801 3775.09
vt 276.583 3775.25
f 3384/3903/1 3354/3902/1 3353/3908/1 3383/3909/1 

vt -305.955 39.3701
vn -0.00778247 -5.2114e-29 -0.99997
vt -285.173 39.3701
vt -285.173 47.2441
vt -305.955 47.2441
f 3383/3910/321 3353/3911/321 3352/3912/321 3382/3913/321 

vt 259.902 3763.28
vt 280.684 3763.44
f 3382/3909/1 3352/3908/1 3351/3914/1 3381/3915/1 

vt -309.964 47.2441
vn -0.00778247 5.2114e-29 -0.99997
vt -289.182 47.2441
vt -289.182 55.1181
vt -309.964 55.1181
f 3381/3916/322 3351/3917/322 3350/3918/322 3380/3919/322 

vt 264.003 3751.47
vt 284.784 3751.63
f 3380/3915/1 3350/3914/1 3349/3920/1 3379/3921/1 

vt -313.973 55.1181
vt -293.191 55.1181
vt -293.191 62.9921
vt -313.973 62.9921
f 3379/3922/41 3349/3923/41 3348/3924/41 3378/3925/41 

vt 268.104 3739.66
vt 288.885 3739.82
f 3378/3921/1 3348/3920/1 3347/3926/1 3377/3927/1 

vt -317.981 62.9921
vt -297.199 62.9921
vt -297.199 70.8661
vt -317.981 70.8661
f 3377/3928/321 3347/3929/321 3346/3930/321 3376/3931/321 

vn 9.33881e-18 1 1.19994e-15
vt 272.204 3727.85
vt 292.986 3728.01
f 3376/3927/323 3346/3926/323 3345/3932/323 3375/3933/323 

vt -321.99 70.8661
vn -0.00778247 -1.04228e-28 -0.99997
vt -301.208 70.8661
vt -301.208 78.7402
vt -321.99 78.7402
f 3375/3934/324 3345/3935/324 3344/3936/324 3374/3937/324 

vn -3.73552e-17 1 -4.79977e-15
vt 276.305 3716.03
vt 297.086 3716.2
f 3374/3933/325 3344/3932/325 3343/3938/325 3373/3939/325 

vt -325.999 78.7402
vt -305.216 78.7402
vt -305.216 86.6142
vt -325.999 86.6142
f 3373/3940/324 3343/3941/324 3342/3942/324 3372/3943/324 

vt 301.187 3704.39
vt 280.406 3704.22
f 3371/3944/1 3372/3939/1 3342/3938/1 3341/3945/1 

usemtl mramor
v 47397.5 220 -35611.5
vt 1.3948 10.3332
vt 1.3223 10.3332
vt 1.32551 10.324
v 47397.5 220 -35581.5
vt 1.3948 10.324
f 3445/3946/1 3372/3947/1 3371/3948/1 3446/3949/1 

v 47397.5 200 -35611.5
vt 0.0677095 7.49039
vt 0.140208 7.49039
vt 0.140208 7.49654
vt 0.0677095 7.49654
f 3447/3950/2 3373/3951/2 3372/3952/2 3445/3953/2 

v 47397.5 200 -35641.5
vt 1.3948 10.3424
vn -3.06102e-16 1 -2.35323e-15
vt 1.3191 10.3424
f 3448/3954/326 3374/3955/326 3373/3947/326 3447/3946/326 

v 47397.5 180 -35641.5
vt 0.0677095 7.48424
vt 0.143413 7.48424
vt 0.143413 7.49039
f 3449/3956/2 3375/3957/2 3374/3958/2 3448/3950/2 

v 47397.5 180 -35671.5
vt 1.3948 10.3517
vn -1.77475e-33 1 1.20319e-15
vt 1.31589 10.3517
f 3450/3959/327 3376/3960/327 3375/3955/327 3449/3954/327 

v 47397.5 160 -35671.5
vt 0.0677095 7.47808
vt 0.146618 7.47808
vt 0.146618 7.48424
f 3451/3961/2 3377/3962/2 3376/3963/2 3450/3956/2 

v 47397.5 160 -35701.5
vt 1.3948 10.3609
vn -1.37894e-16 1 2.39378e-17
vt 1.31269 10.3609
f 3452/3964/328 3378/3965/328 3377/3960/328 3451/3959/328 

vt 0.149822 7.47193
vt 0.149822 7.47808
v 47397.5 140 -35701.5
vt 0.0677095 7.47193
f 3379/3966/2 3378/3967/2 3452/3961/2 3453/3968/2 

v 47397.5 160 -35731.5
vt -2.21002 7.47808
v 47397.5 140 -35731.5
vt -2.21002 7.47193
vt -2.20079 7.47193
vt -2.20079 7.47808
f 3454/3969/3 3455/3970/3 3453/3971/3 3452/3972/3 

v 48297.5 140 -35731.5
vt -0.209214 7.47193
v 48297.5 120 -35731.5
vt -0.209214 7.46577
v 47397.5 120 -35731.5
vt 0.0677095 7.46577
v 48297.5 160 -35731.5
vt -0.209214 7.47808
f 3456/3973/2 3457/3974/2 3458/3975/2 3455/3968/2 3454/3961/2 3459/3976/2 

vt -0.294531 7.46577
vt -0.294531 7.47193
f 3295/3977/2 3457/3974/2 3456/3973/2 3296/3978/2 

vt 1.67173 10.3701
vn -3.13445e-17 1 2.95355e-16
vt 1.75704 10.3701
vt 1.76025 10.3794
v 48297.5 120 -35761.5
vt 1.67173 10.3794
f 3457/3979/329 3295/3980/329 3294/3981/329 3460/3982/329 

usemtl FrontColor
vt 853.347 3763.44
vt 874.129 3763.28
vt 878.229 3775.09
vt 857.448 3775.25
f 3295/3983/1 3425/3984/1 3424/3985/1 3294/3986/1 

vt -824.033 55.1181
vt -844.815 55.1181
vt -844.815 47.2441
vt -824.033 47.2441
f 3296/3987/32 3426/3988/32 3425/3989/32 3295/3990/32 

vt 849.247 3751.63
vn -1.86776e-17 1 2.39989e-15
vt 870.028 3751.47
f 3297/3991/330 3427/3992/330 3426/3984/330 3296/3983/330 

vt -840.806 55.1181
vn 0.00778247 -5.2114e-29 -0.99997
vt -820.024 55.1181
vt -820.024 62.9921
vt -840.806 62.9921
f 3427/3993/331 3297/3994/331 3298/3995/331 3428/3996/331 

usemtl mramor
vt -0.291326 7.47193
v 48297.5 140 -35701.5
v 48297.5 160 -35701.5
vt -0.291326 7.47808
f 3297/3997/2 3461/3973/2 3462/3976/2 3298/3998/2 

vn -3.37894e-17 1 2.09971e-15
vt 1.67173 10.3609
vt 1.75384 10.3609
f 3296/3980/332 3456/3979/332 3461/3999/332 3297/4000/332 

vt 3.6633 7.47808
vt 3.6633 7.47193
vt 3.67253 7.47193
vt 3.67253 7.47808
f 3462/4001/5 3461/4002/5 3456/4003/5 3459/4004/5 

vt 1.3948 10.3701
vn -1.10879e-17 1 7.26535e-16
v 48297.5 160 -35671.5
vt 1.67173 10.3517
f 3454/4005/333 3452/3964/333 3451/3959/333 3463/4006/333 3462/3999/333 3459/3979/333 

v 48297.5 180 -35671.5
vt -0.209214 7.48424
v 47397.5 200 -35671.5
v 48297.5 200 -35671.5
vt -0.209214 7.49039
f 3464/4007/2 3463/3976/2 3451/3961/2 3450/3956/2 3465/3950/2 3466/4008/2 

vt -0.288122 7.48424
vt -0.288122 7.47808
f 3463/3976/2 3464/4007/2 3300/4009/2 3299/4010/2 

vt 1.75063 10.3517
vn 4.73268e-33 1 -2.40637e-15
v 48297.5 180 -35641.5
vt 1.67173 10.3424
vt 1.74743 10.3424
f 3300/4011/334 3464/4006/334 3467/4012/334 3301/4013/334 

v 48297.5 200 -35641.5
vt 3.64484 7.49039
vt 3.64484 7.48424
vt 3.65407 7.48424
vt 3.65407 7.49039
f 3468/4014/5 3467/4015/5 3464/4016/5 3466/4017/5 

vt -0.284917 7.49039
vt -0.284917 7.48424
f 3467/4007/2 3468/4008/2 3302/4018/2 3301/4019/2 

v 48297.5 200 -35611.5
vt 1.67173 10.3332
vt 1.74422 10.3332
f 3469/4020/1 3303/4021/1 3302/4013/1 3468/4012/1 

vt -0.281712 7.49039
v 48297.5 220 -35611.5
vt -0.209214 7.49654
vt -0.281712 7.49654
f 3303/4022/2 3469/4008/2 3470/4023/2 3304/4024/2 

v 47397.5 240 -35611.5
v 48297.5 240 -35611.5
f 3469/4008/2 3447/3950/2 3445/3953/2 3471/3813/2 3472/3812/2 3470/4023/2 

vn -1.94805e-17 1 -1.25597e-15
f 3448/3954/335 3447/3946/335 3469/4020/335 3468/4012/335 3466/4006/335 3465/3959/335 

vt -2.19156 7.49039
vn -1 2.08462e-31 9.62549e-15
vt -2.19156 7.48424
vt -2.18233 7.48424
vt -2.18233 7.49039
f 3465/4025/336 3450/4026/336 3449/4027/336 3448/4028/336 

vt -2.17309 7.5027
vt -2.17309 7.49654
vt -2.16386 7.49654
v 47397.5 240 -35581.5
vt -2.16386 7.5027
f 3471/4029/3 3445/4030/3 3446/4031/3 3473/4032/3 

vt 0.137003 7.49654
vt 0.137003 7.5027
f 3446/3953/2 3371/4033/2 3370/4034/2 3473/3813/2 

usemtl FrontColor
vt -330.007 86.6142
vn -0.00778247 1.04228e-28 -0.99997
vt -309.225 86.6142
vt -309.225 94.4882
vt -330.007 94.4882
f 3371/4035/337 3341/4036/337 3340/4037/337 3370/4038/337 

vt 284.506 3692.41
vt 305.288 3692.57
f 3370/3944/1 3340/3945/1 3339/4039/1 3369/4040/1 

vt -334.016 94.4882
vn -0.00778247 2.08456e-28 -0.99997
vt -313.234 94.4882
vt -313.234 102.362
vt -334.016 102.362
f 3369/4041/338 3339/4042/338 3338/4043/338 3368/4044/338 

f 3368/4040/1 3338/4039/1 3337/3800/1 3367/3799/1 

vt -338.024 102.362
vt -317.242 102.362
vt -317.242 110.236
vt -338.024 110.236
f 3367/4045/41 3337/4046/41 3336/4047/41 3366/4048/41 

usemtl mramor
vt 0.130593 7.51501
vt 0.130593 7.50885
f 3366/4049/2 3395/3815/2 3400/3814/2 3367/4050/2 

vt 1.32871 10.3147
f 3399/3801/1 3368/4051/1 3367/3803/1 3400/3802/1 

vt 0.133798 7.5027
vt 0.133798 7.50885
f 3403/3813/2 3369/4052/2 3368/4053/2 3399/3814/2 

f 3473/3949/1 3370/3948/1 3369/4051/1 3403/3801/1 

f 3473/3949/1 3403/3801/1 3402/3806/1 3404/3821/1 3472/4020/1 3471/3946/1 

vt 3.62638 7.5027
v 48297.5 220 -35581.5
vt 3.62638 7.49654
vt 3.63561 7.49654
vt 3.63561 7.5027
f 3404/4054/5 3474/4055/5 3470/4056/5 3472/4057/5 

vt -0.278507 7.49654
vt -0.278507 7.5027
f 3305/4058/2 3474/4023/2 3404/3812/2 3306/4059/2 

vn -2.532e-32 1 -7.21911e-15
f 3304/4021/339 3470/4020/339 3474/3821/339 3305/3820/339 

usemtl FrontColor
vn 5.60328e-17 1 -7.19966e-15
vt 857.726 3716.03
vt 836.945 3716.2
f 3305/3825/340 3435/3824/340 3434/4060/340 3304/4061/340 

vt -803.989 94.4882
vn 0.00778247 1.04228e-28 -0.99997
vt -824.772 94.4882
vt -824.772 86.6142
vt -803.989 86.6142
f 3306/4062/341 3406/4063/341 3435/4064/341 3305/4065/341 

vt -807.998 86.6142
vt -828.78 86.6142
vt -828.78 78.7402
vt -807.998 78.7402
f 3304/4066/32 3434/4067/32 3433/4068/32 3303/4069/32 

vt 861.827 3727.85
vt 841.045 3728.01
f 3303/4061/1 3433/4060/1 3432/4070/1 3302/4071/1 

vt -812.007 78.7402
vt -832.789 78.7402
vt -832.789 70.8661
vt -812.007 70.8661
f 3302/4072/32 3432/4073/32 3431/4074/32 3301/4075/32 

vt 865.927 3739.66
vt 845.146 3739.82
f 3301/4071/315 3431/4070/315 3430/4076/315 3300/4077/315 

vt -816.015 70.8661
vn 0.00778247 5.2114e-29 -0.99997
vt -836.797 70.8661
vt -836.797 62.9921
vt -816.015 62.9921
f 3300/4078/342 3430/4079/342 3429/4080/342 3299/4081/342 

f 3299/4077/1 3429/4076/1 3428/3992/1 3298/3991/1 

usemtl mramor
f 3463/4006/1 3299/4011/1 3298/4000/1 3462/3999/1 

usemtl FrontColor
vt -828.041 47.2441
vt -848.823 47.2441
vt -848.823 39.3701
vt -828.041 39.3701
f 3294/4082/32 3424/4083/32 3423/4084/32 3293/4085/32 

vt 882.33 3786.9
vt 861.549 3787.06
f 3293/3986/1 3423/3985/1 3422/4086/1 3292/4087/1 

vt -832.05 39.3701
vt -852.832 39.3701
vt -852.832 31.4961
vt -832.05 31.4961
f 3292/4088/32 3422/4089/32 3421/4090/32 3291/4091/32 

vn 9.33881e-18 1 -1.19994e-15
vt 886.431 3798.71
vt 865.649 3798.87
f 3291/4087/343 3421/4086/343 3420/4092/343 3290/4093/343 

vt -856.841 23.622
vn 0.00778247 8.95312e-19 -0.99997
vt -836.058 23.622
vt -836.058 31.4961
vt -856.841 31.4961
f 3419/4094/344 3289/4095/344 3290/4096/344 3420/4097/344 

f 3289/4093/315 3419/4092/315 3418/3851/315 3288/3850/315 

usemtl mramor
vn -7.58874e-34 1 -2.40637e-15
v 48297.5 60 -35821.5
vt 1.67173 10.3978
vt 1.76666 10.3978
f 3438/3862/345 3475/4098/345 3289/4099/345 3288/3863/345 

v 48297.5 80 -35821.5
vt 3.70022 7.45347
vt 3.70022 7.44731
vt 3.70945 7.44731
v 48297.5 80 -35851.5
vt 3.70945 7.45347
f 3476/4100/5 3475/4101/5 3438/4102/5 3477/4103/5 

vt -0.304146 7.44731
vt -0.209214 7.45347
vt -0.304146 7.45347
f 3289/4104/2 3475/3860/2 3476/4105/2 3290/4106/2 

vn -5.84616e-17 1 -6.11741e-16
v 48297.5 80 -35791.5
vt 1.67173 10.3886
vt 1.76345 10.3886
f 3476/4098/346 3478/4107/346 3291/4108/346 3290/4099/346 

vn -1.253e-18 1 -9.43178e-16
v 47397.5 80 -35851.5
vt 1.3948 10.407
v 47397.5 80 -35821.5
vt 1.3948 10.3978
v 47397.5 80 -35791.5
vt 1.3948 10.3886
f 3477/3862/347 3479/4109/347 3480/4110/347 3481/4111/347 3478/4107/347 3476/4098/347 

v 47397.5 40 -35851.5
v 47397.5 60 -35851.5
vt 0.0677095 7.44731
vt 0.0677095 7.45347
f 3438/3860/2 3437/3859/2 3482/3876/2 3483/4112/2 3479/4113/2 3477/4105/2 

v 47397.5 40 -35881.5
vt 1.3948 10.4163
vn -2.16612e-17 1 -3.57161e-15
f 3484/4114/348 3482/4109/348 3437/3862/348 3439/3865/348 3442/3692/348 3444/3691/348 

vt 1.29667 10.407
vn -4.45299e-16 1 7.73016e-17
vt 1.29346 10.4163
f 3389/4115/349 3482/4109/349 3484/4114/349 3390/4116/349 

vt 0.165847 7.44116
vt 0.165847 7.44731
f 3389/4117/2 3388/4118/2 3483/4112/2 3482/3876/2 

v 47397.5 60 -35821.5
vt 1.29987 10.3978
f 3485/4110/1 3483/4109/1 3388/4115/1 3387/4119/1 

vt -2.24694 7.45347
vt -2.24694 7.44731
vt -2.23771 7.44731
vt -2.23771 7.45347
f 3479/4120/3 3483/4121/3 3485/4122/3 3480/4123/3 

vt 0.162642 7.44731
vt 0.162642 7.45347
f 3485/4112/2 3387/4124/2 3386/4125/2 3480/4113/2 

vn -7.56302e-17 1 -4.38066e-16
vt 1.30308 10.3886
f 3481/4111/350 3480/4110/350 3386/4119/350 3385/4126/350 

vt 0.159437 7.45347
vt 0.159437 7.45962
v 47397.5 100 -35791.5
vt 0.0677095 7.45962
f 3481/4113/2 3385/4127/2 3384/4128/2 3486/4129/2 

vt 1.30628 10.3794
v 47397.5 100 -35761.5
vt 1.3948 10.3794
f 3486/4111/1 3384/4126/1 3383/4130/1 3487/4131/1 

vt 0.156232 7.45962
vt 0.156232 7.46577
v 47397.5 120 -35761.5
f 3487/4129/2 3383/4132/2 3382/4133/2 3488/3975/2 

vn -9.63883e-17 1 3.17529e-16
vt 1.30949 10.3701
f 3488/4131/351 3382/4130/351 3381/4134/351 3458/4005/351 

vt 0.153027 7.46577
vt 0.153027 7.47193
f 3458/3975/2 3381/4135/2 3380/4136/2 3455/3968/2 

f 3455/4005/1 3380/4134/1 3379/3965/1 3453/3964/1 

v 47397.5 120 -35791.5
vn 8.94912e-18 1 -1.06252e-15
v 48297.5 120 -35791.5
f 3489/4111/352 3488/4131/352 3458/4005/352 3457/3979/352 3460/3982/352 3490/4107/352 

vt -2.22848 7.46577
vt -2.22848 7.45962
vt -2.21925 7.45962
vt -2.21925 7.46577
f 3489/4137/3 3486/4138/3 3487/4139/3 3488/4140/3 

v 48297.5 100 -35791.5
vt -0.209214 7.45962
f 3491/4141/2 3478/4105/2 3481/4113/2 3486/4129/2 3489/3975/2 3490/3974/2 

vt -0.300941 7.45347
vt -0.300941 7.45962
f 3291/4142/2 3478/4105/2 3491/4141/2 3292/4143/2 

vn -6.2692e-17 1 -6.12476e-16
v 48297.5 100 -35761.5
f 3292/4108/353 3491/4107/353 3492/3982/353 3293/3981/353 

vt 3.68176 7.46577
vt 3.68176 7.45962
vt 3.69099 7.45962
vt 3.69099 7.46577
f 3460/4144/5 3492/4145/5 3491/4146/5 3490/4147/5 

vt -0.297736 7.46577
vt -0.297736 7.45962
f 3492/4141/2 3460/3974/2 3294/4148/2 3293/4149/2 

vt 0.169051 7.43501
vt 0.169051 7.44116
v 47397.5 20 -35881.5
f 3391/4150/2 3390/4151/2 3484/3876/2 3493/3875/2 

vt -2.2654 7.44116
vt -2.2654 7.43501
vt -2.25617 7.43501
vt -2.25617 7.44116
f 3444/4152/3 3443/4153/3 3493/4154/3 3484/4155/3 

f 3493/4114/1 3443/3691/1 3392/3690/1 3391/4116/1 

vt -0.31376 7.42885
vt -0.31376 7.43501
f 3224/4156/2 3274/3873/2 3441/3867/2 3284/4157/2 

usemtl FrontColor
vt -898.789 0
vt -877.951 0
vt -877.951 7.87402
v 48690.2 20 -35911.5
vt -898.789 7.87402
f 3225/4158/2 3224/4159/2 3284/4160/2 3494/4161/2 

usemtl mramor
vn -2.49633e-15 1 6.88434e-16
vt 1.31203 10.3159
f 3277/2839/354 3332/2838/354 3364/4162/354 3393/3623/354 

vt 1.25096 7.61347
vt 1.25096 7.52731
vt 1.26721 7.52731
vt 1.26721 7.61347
f 3333/4163/172 3332/4164/172 3277/4165/172 3276/4166/172 

v 48678.4 600 -36857.4
v 48280.6 600 -36313.1
v 48228.6 600 -36301.5
v 47466.3 600 -36301.5
v 47414.4 600 -36313.1
v 47016.5 600 -36857.4
v 46889.4 600 -36471.9
v 46598.9 600 -37282.5
v 49096.1 600 -37282.5
v 48805.6 600 -36471.9
f 3495/2702/1 3496/2701/1 3497/2816/1 3498/2827/1 3499/2807/1 3500/2806/1 3501/2801/1 3502/2721/1 3329/2720/1 3330/2800/1 3333/2838/1 3276/2839/1 3275/2833/1 3279/2834/1 3280/2835/1 3281/2836/1 3282/2837/1 3312/2693/1 3314/2694/1 3503/2691/1 3504/2692/1 

vt -2.54715 7.42885
vt -2.33971 7.42885
vt -2.33971 7.61347
vt -2.54715 7.61347
f 3264/4167/9 3265/4168/9 3496/4169/9 3495/4170/9 

v 48585.5 0 -37163.8
f 3263/2692/1 3262/2691/1 3261/2699/1 3505/2700/1 3265/2701/1 3264/2702/1 

f 3262/2695/14 3263/2696/14 3504/2697/14 3503/2698/14 

vt 3.39731 7.42885
vt 3.5222 7.42885
vt 3.5222 7.61347
vt 3.39731 7.61347
f 3263/4171/11 3264/4172/11 3495/4173/11 3504/4174/11 

v 48964.3 600 -37682.1
f 3261/2703/13 3262/2704/13 3503/2705/13 3506/2706/13 

v 46730.7 600 -37682.1
v 46748 600 -37734.6
v 46748.5 600 -37736.2
v 46598.9 600 -38153.7
v 46730.7 600 -38553.2
v 47086.1 600 -38066.9
v 47114.7 600 -38153.7
v 47246.5 600 -38553.2
v 47655.4 600 -37993.8
v 48039.6 600 -37993.8
v 48448.5 600 -38553.2
v 48580.3 600 -38153.7
v 48608.9 600 -38066.9
v 48964.3 600 -38553.2
v 49096.1 600 -38153.7
v 48944.9 600 -37731.7
f 3506/2699/1 3503/2691/1 3314/2694/1 3315/2707/1 3316/2708/1 3317/2709/1 3318/2710/1 3319/2711/1 3320/2712/1 3321/2713/1 3322/3689/1 3323/2714/1 3324/2715/1 3325/2716/1 3326/2717/1 3327/2718/1 3328/2719/1 3329/2720/1 3502/2721/1 3507/2722/1 3508/2723/1 3509/2724/1 3510/2725/1 3511/2726/1 3512/2727/1 3513/2728/1 3514/2729/1 3515/2730/1 3516/2731/1 3517/2732/1 3518/2733/1 3519/2734/1 3520/2735/1 3521/2736/1 3522/2737/1 

f 3244/2809/16 3245/2810/16 3507/2811/16 3502/2812/16 

v 47109.4 0 -37163.8
f 3245/2722/1 3244/2721/1 3220/2801/1 3219/2806/1 3268/2807/1 3523/2808/1 

f 3220/2802/18 3244/2803/18 3502/2804/18 3501/2805/18 

vt -2.56213 7.42885
vt -2.43725 7.42885
vt -2.43725 7.61347
vt -2.56213 7.61347
f 3219/4175/7 3220/4176/7 3501/4177/7 3500/4178/7 

vt 2.85569 7.42885
vt 3.06314 7.42885
vt 3.06314 7.61347
vt 2.85569 7.61347
f 3268/4179/20 3219/4180/20 3500/4181/20 3499/4182/20 

vt 0.743444 7.42885
vn 0.218312 0 -0.975879
vt 0.75983 7.42885
vt 0.75983 7.61347
vt 0.743444 7.61347
f 3267/4183/355 3268/4184/355 3499/4185/355 3498/4186/355 

v 48580.3 0 -37282.5
v 48624.2 0 -37293
v 48478.2 0 -37735.6
v 48585.5 0 -38035
v 48429 0 -37731.7
v 48016.7 0 -37167.6
v 47678.2 0 -37167.6
v 47266 0 -37731.7
v 47109.4 0 -38035
v 47216.8 0 -37735.6
v 47070.8 0 -37293
v 47114.7 0 -37282.5
v 47246.5 0 -37682.1
v 47655.4 0 -37122.6
v 48039.6 0 -37122.6
v 48448.5 0 -37682.1
f 3524/2815/1 3266/2816/1 3265/2701/1 3505/2700/1 3261/2699/1 3260/2737/1 3525/2817/1 3526/2818/1 3527/2819/1 3257/2734/1 3256/2733/1 3528/2820/1 3529/2821/1 3530/2822/1 3531/2823/1 3251/2728/1 3250/2727/1 3532/2824/1 3533/2825/1 3534/2826/1 3246/2723/1 3245/2722/1 3523/2808/1 3268/2807/1 3267/2827/1 3535/2828/1 3536/2829/1 3537/2830/1 3538/2831/1 3539/2832/1 

f 3267/2827/1 3266/2816/1 3524/2815/1 3539/2832/1 3538/2831/1 3537/2830/1 3536/2829/1 3535/2828/1 

vt -0.188026 7.42885
vt 0.0465222 7.42885
vt 0.0465222 7.61347
vt -0.188026 7.61347
f 3266/4187/2 3267/4188/2 3498/4189/2 3497/4190/2 

vt -0.862643 7.42885
vn -0.218312 0 -0.975879
vt -0.846257 7.42885
vt -0.846257 7.61347
vt -0.862643 7.61347
f 3265/4191/356 3266/4192/356 3497/4193/356 3496/4194/356 

f 3260/2848/209 3261/2849/209 3506/2850/209 3522/2851/209 

f 3259/2852/14 3260/2853/14 3522/2854/14 3521/2855/14 

f 3527/2819/1 3526/2818/1 3525/2817/1 3260/2737/1 3259/2736/1 3258/2735/1 3257/2734/1 

f 3258/2856/13 3259/2857/13 3521/2858/13 3520/2859/13 

f 3257/2860/15 3258/2861/15 3520/2862/15 3519/2863/15 

f 3256/2864/13 3257/2865/13 3519/2866/13 3518/2867/13 

f 3255/2868/13 3256/2864/13 3518/2867/13 3517/2869/13 

f 3528/2820/1 3256/2733/1 3255/2732/1 3254/2731/1 3253/2730/1 3252/2729/1 3251/2728/1 3531/2823/1 3530/2822/1 3529/2821/1 

f 3254/2870/15 3255/2871/15 3517/2872/15 3516/2873/15 

f 3253/2874/4 3254/2875/4 3516/2876/4 3515/2877/4 

f 3252/2878/17 3253/2879/17 3515/2880/17 3514/2881/17 

f 3251/2882/16 3252/2883/16 3514/2884/16 3513/2885/16 

f 3250/2886/16 3251/2882/16 3513/2885/16 3512/2887/16 

f 3249/2888/17 3250/2889/17 3512/2890/17 3511/2891/17 

f 3532/2824/1 3250/2727/1 3249/2726/1 3248/2725/1 3247/2724/1 3246/2723/1 3534/2826/1 3533/2825/1 

f 3248/2892/16 3249/2893/16 3511/2894/16 3510/2895/16 

f 3247/2896/18 3248/2897/18 3510/2898/18 3509/2899/18 

f 3246/2813/16 3247/2900/16 3509/2901/16 3508/2814/16 

f 3245/2810/16 3246/2813/16 3508/2814/16 3507/2811/16 

g Mesh32 Model

v 60240.9 0 -28185
v 60240.9 0 -28215
v 59090.1 0 -28215
v 59090.1 0 -28185
v 59090.1 0 -28155
vt 1.35622 8.14781
v 60240.9 0 -28155
vt 1.71031 8.14781
f 3540/1835/1 3541/1819/1 3542/1654/1 3543/1656/1 3544/4195/1 3545/4196/1 

v 60440.9 0 -28185
v 60451.7 0 -28215
f 3541/1819/1 3540/1835/1 3546/1834/1 3547/1821/1 

v 60430.2 0 -28155
f 3545/4196/1 3548/1841/1 3546/1834/1 3540/1835/1 

v 58900.8 0 -28155
v 58948.9 0 -28020.7
v 59062.7 0 -27865.1
v 59190.9 0 -27689.7
v 60140.1 0 -27689.7
v 60268.3 0 -27865.1
v 60382 0 -28020.7
f 3544/4195/1 3549/1836/1 3550/1837/1 3551/3157/1 3552/1838/1 3553/1839/1 3554/3156/1 3555/1840/1 3548/1841/1 3545/4196/1 

v 58890 0 -28185
f 3544/4195/1 3543/1656/1 3556/1644/1 3549/1836/1 

v 58879.3 0 -28215
f 3542/1654/1 3557/1655/1 3556/1644/1 3543/1656/1 

v 59090.1 0 -28245
v 58868.5 0 -28245
f 3558/1661/1 3559/1662/1 3557/1655/1 3542/1654/1 

v 59090.1 0 -28275
v 58857.8 0 -28275
f 3560/1666/1 3561/1667/1 3559/1662/1 3558/1661/1 

v 59090.1 0 -28305
v 58847 0 -28305
f 3562/1671/1 3563/1672/1 3561/1667/1 3560/1666/1 

v 59090.1 0 -28335
v 58836.3 0 -28335
f 3564/1709/1 3565/1710/1 3563/1672/1 3562/1671/1 

v 59090.1 0 -28365
v 58825.5 0 -28365
f 3566/1713/1 3567/1714/1 3565/1710/1 3564/1709/1 

v 59090.1 0 -28395
v 58814.8 0 -28395
f 3568/1572/1 3569/1717/1 3567/1714/1 3566/1713/1 

v 59090.1 0 -28425
v 58804 0 -28425
f 3570/1571/1 3571/1720/1 3569/1717/1 3568/1572/1 

v 59090.1 0 -28455
v 58793.2 0 -28455
f 3572/1570/1 3573/1723/1 3571/1720/1 3570/1571/1 

v 59090.1 0 -28485
v 58782.5 0 -28485
f 3574/1586/1 3575/1726/1 3573/1723/1 3572/1570/1 

v 59090.1 0 -28515
v 58771.7 0 -28515
f 3576/1585/1 3577/1729/1 3575/1726/1 3574/1586/1 

v 59090.1 0 -28545
v 58761 0 -28545
f 3578/1601/1 3579/1732/1 3577/1729/1 3576/1585/1 

v 58750.2 0 -28575
v 59090.1 0 -28575
f 3580/1478/1 3579/1732/1 3578/1601/1 3581/1479/1 

v 58564.7 0 -29092.6
v 58511.8 0 -29091.9
v 58844.7 0 -28163.3
v 58944.6 0 -28026.5
f 3582/1477/1 3583/1764/1 3584/1765/1 3585/1766/1 3549/1836/1 3556/1644/1 3557/1655/1 3559/1662/1 3561/1667/1 3563/1672/1 3565/1710/1 3567/1714/1 3569/1717/1 3571/1720/1 3573/1723/1 3575/1726/1 3577/1729/1 3579/1732/1 3580/1478/1 

v 58711.1 0 -29536.6
v 58694.1 0 -29644.6
f 3586/1476/1 3587/1536/1 3583/1764/1 3582/1477/1 

v 58948.9 0 -29296
v 58844.7 0 -29438.6
v 58908.5 0 -29266.5
f 3588/939/1 3589/938/1 3587/1536/1 3586/1476/1 3590/1475/1 

v 58750.2 0 -29850.3
v 58564.7 0 -30367.9
v 58711.1 0 -30811.9
v 58694.1 0 -30919.9
v 58566.2 0 -30532.1
v 58540.8 0 -30454.9
vt 1.1872 8.8555
v 58511.8 0 -30367.2
v 58900.8 0 -29430.3
vt 1.29797 8.54021
v 58890 0 -29460.3
v 58879.3 0 -29490.3
v 58868.5 0 -29520.3
v 58857.8 0 -29550.3
v 58847 0 -29580.3
v 58836.3 0 -29610.3
v 58825.5 0 -29640.3
v 58814.8 0 -29670.3
v 58804 0 -29700.3
v 58793.2 0 -29730.3
v 58782.5 0 -29760.3
v 58771.7 0 -29790.3
v 58761 0 -29820.3
f 3591/1335/1 3592/940/1 3593/941/1 3594/312/1 3595/311/1 3596/4197/1 3597/937/1 3589/938/1 3588/939/1 3598/4198/1 3599/1120/1 3600/1126/1 3601/1145/1 3602/1155/1 3603/857/1 3604/856/1 3605/860/1 3606/1184/1 3607/1189/1 3608/1351/1 3609/1348/1 3610/898/1 3611/897/1 

v 59033.1 0 -30371.4
v 59058.5 0 -30421.4
f 3594/312/1 3593/941/1 3612/942/1 3613/3660/1 

v 59190.9 0 -30240.3
v 59165.5 0 -30190.3
f 3614/313/1 3613/3660/1 3612/942/1 3615/943/1 

v 60140.1 0 -30240.3
v 60087 0 -30240.3
vt 1.66296 8.78944
v 59244 0 -30240.3
vt 1.40357 8.78944
v 60165.5 0 -30190.3
f 3616/194/1 3617/4199/1 3618/4200/1 3614/313/1 3615/943/1 3619/1020/1 

v 60108.9 0 -30301.6
vt 1.66972 8.80831
v 60297.8 0 -30371.4
vt 1.72784 8.82978
v 60272.4 0 -30421.4
vt 1.72003 8.84516
v 60140.1 0 -30240.3
f 3620/4201/1 3617/4199/1 3616/194/1 3619/1020/1 3621/4202/1 3622/4203/1 3623/194/1 

v 60232.9 0 -30499.2
vt 1.70786 8.86912
f 3622/4203/1 3624/4204/1 3616/194/1 3619/1020/1 3621/4202/1 

v 60636.8 0 -30919.9
v 60764.7 0 -30532.1
v 61052.8 0 -31335.9
v 60906.4 0 -31779.8
v 60485.5 0 -31204
f 3624/4204/1 3622/4203/1 3625/195/1 3626/196/1 3627/197/1 3628/198/1 3629/193/1 

v 60619.8 0 -30811.9
v 60766.2 0 -30367.9
v 60580.7 0 -29850.3
v 60569.9 0 -29820.3
v 60559.2 0 -29790.3
v 60548.4 0 -29760.3
v 60537.7 0 -29730.3
v 60526.9 0 -29700.3
v 60516.2 0 -29670.3
v 60505.4 0 -29640.3
v 60494.7 0 -29610.3
v 60483.9 0 -29580.3
v 60473.2 0 -29550.3
v 60462.4 0 -29520.3
v 60451.7 0 -29490.3
v 60440.9 0 -29460.3
v 60486.3 0 -29438.6
v 60819.1 0 -30367.2
v 60790.2 0 -30454.9
vt 1.87933 8.8555
f 3625/195/1 3622/4203/1 3621/4202/1 3630/1040/1 3631/1041/1 3632/1321/1 3633/1316/1 3634/1312/1 3635/1207/1 3636/1206/1 3637/1211/1 3638/1218/1 3639/840/1 3640/839/1 3641/844/1 3642/1396/1 3643/1094/1 3644/1082/1 3645/1081/1 3646/1037/1 3647/1039/1 3648/4205/1 3626/196/1 

v 60240.9 0 -29850.3
v 60240.9 0 -29820.3
f 3632/1321/1 3649/1322/1 3650/1317/1 3633/1316/1 

v 60240.9 0 -29790.3
v 59090.1 0 -29850.3
v 59090.1 0 -29820.3
v 59090.1 0 -29790.3
f 3651/1203/1 3650/1317/1 3649/1322/1 3652/1336/1 3653/896/1 3654/899/1 

f 3651/1203/1 3634/1312/1 3633/1316/1 3650/1317/1 

v 60240.9 0 -29760.3
f 3634/1312/1 3651/1203/1 3655/1202/1 3635/1207/1 

v 60240.9 0 -29730.3
v 59090.1 0 -29760.3
v 59090.1 0 -29730.3
f 3656/1201/1 3655/1202/1 3651/1203/1 3654/899/1 3657/1204/1 3658/1205/1 

f 3656/1201/1 3636/1206/1 3635/1207/1 3655/1202/1 

v 60240.9 0 -29700.3
f 3636/1206/1 3656/1201/1 3659/1210/1 3637/1211/1 

v 59090.1 0 -29700.3
v 59090.1 0 -29670.3
v 60240.9 0 -29670.3
f 3659/1210/1 3656/1201/1 3658/1205/1 3660/1188/1 3661/836/1 3662/835/1 

f 3658/1205/1 3608/1351/1 3607/1189/1 3660/1188/1 

f 3657/1204/1 3609/1348/1 3608/1351/1 3658/1205/1 

f 3654/899/1 3610/898/1 3609/1348/1 3657/1204/1 

f 3653/896/1 3611/897/1 3610/898/1 3654/899/1 

f 3591/1335/1 3611/897/1 3653/896/1 3652/1336/1 

f 3660/1188/1 3607/1189/1 3606/1184/1 3661/836/1 

v 59090.1 0 -29640.3
f 3661/836/1 3606/1184/1 3605/860/1 3663/837/1 

v 59090.1 0 -29610.3
f 3663/837/1 3605/860/1 3604/856/1 3664/838/1 

v 59090.1 0 -29580.3
f 3664/838/1 3604/856/1 3603/857/1 3665/849/1 

v 59090.1 0 -29550.3
f 3665/849/1 3603/857/1 3602/1155/1 3666/850/1 

v 59090.1 0 -29520.3
f 3666/850/1 3602/1155/1 3601/1145/1 3667/1092/1 

v 59090.1 0 -29490.3
f 3667/1092/1 3601/1145/1 3600/1126/1 3668/1093/1 

v 59090.1 0 -29460.3
f 3668/1093/1 3600/1126/1 3599/1120/1 3669/1119/1 

v 59090.1 0 -29430.3
vt 1.35622 8.54021
f 3670/4206/1 3669/1119/1 3599/1120/1 3598/4198/1 

v 60240.9 0 -29460.3
v 60240.9 0 -29490.3
v 60240.9 0 -29430.3
vt 1.71031 8.54021
f 3671/1080/1 3672/1079/1 3668/1093/1 3669/1119/1 3670/4206/1 3673/4207/1 

f 3672/1079/1 3671/1080/1 3645/1081/1 3644/1082/1 

v 60430.2 0 -29430.3
vt 1.76855 8.54021
f 3673/4207/1 3674/4208/1 3645/1081/1 3671/1080/1 

v 60264 0 -29134.5
v 60382 0 -29296
v 59066.9 0 -29134.5
v 59190.9 0 -28965
v 60140.1 0 -28965
f 3675/3677/1 3676/1036/1 3674/4208/1 3673/4207/1 3670/4206/1 3598/4198/1 3588/939/1 3677/3676/1 3678/1121/1 3679/1118/1 

v 60304.4 0 -29105
v 60422.4 0 -29266.5
f 3676/1036/1 3675/3677/1 3680/3662/1 3681/1468/1 

v 59026.6 0 -29105
v 59165.5 0 -28915
v 60165.5 0 -28915
f 3677/3676/1 3682/3661/1 3683/1472/1 3684/1471/1 3680/3662/1 3675/3677/1 3679/1118/1 3678/1121/1 

f 3590/1475/1 3682/3661/1 3677/3676/1 3588/939/1 

v 60240.9 0 -28575
v 60580.7 0 -28575
v 60766.2 0 -29092.6
v 60619.8 0 -29536.6
f 3684/1471/1 3683/1472/1 3682/3661/1 3590/1475/1 3586/1476/1 3582/1477/1 3580/1478/1 3581/1479/1 3685/1480/1 3686/1481/1 3687/1482/1 3688/1467/1 3681/1468/1 3680/3662/1 

v 60240.9 0 -28515
v 60240.9 0 -28545
f 3689/1584/1 3690/1600/1 3685/1480/1 3581/1479/1 3578/1601/1 3576/1585/1 

v 60559.2 0 -28515
v 60569.9 0 -28545
f 3689/1584/1 3691/1594/1 3692/1602/1 3690/1600/1 

v 60240.9 0 -28485
v 60548.4 0 -28485
f 3691/1594/1 3689/1584/1 3693/1429/1 3694/1428/1 

v 60240.9 0 -28455
f 3693/1429/1 3689/1584/1 3576/1585/1 3574/1586/1 3572/1570/1 3695/1426/1 

v 60240.9 0 -28425
v 60240.9 0 -28395
f 3696/1569/1 3695/1426/1 3572/1570/1 3570/1571/1 3568/1572/1 3697/1573/1 

v 60537.7 0 -28455
v 60526.9 0 -28425
f 3698/1427/1 3695/1426/1 3696/1569/1 3699/1580/1 

f 3695/1426/1 3698/1427/1 3694/1428/1 3693/1429/1 

v 60819.1 0 -29091.9
v 60516.2 0 -28395
v 60505.4 0 -28365
v 60494.7 0 -28335
v 60483.9 0 -28305
v 60473.2 0 -28275
v 60462.4 0 -28245
v 60486.3 0 -28163.3
f 3700/1537/1 3687/1482/1 3686/1481/1 3692/1602/1 3691/1594/1 3694/1428/1 3698/1427/1 3699/1580/1 3701/1581/1 3702/1792/1 3703/1791/1 3704/1810/1 3705/1809/1 3706/1822/1 3547/1821/1 3546/1834/1 3548/1841/1 3707/1860/1 

v 60636.8 0 -29644.6
f 3708/1535/1 3688/1467/1 3687/1482/1 3700/1537/1 

f 3646/1037/1 3645/1081/1 3674/4208/1 3676/1036/1 3681/1468/1 3688/1467/1 3708/1535/1 

f 3686/1481/1 3685/1480/1 3690/1600/1 3692/1602/1 

f 3697/1573/1 3701/1581/1 3699/1580/1 3696/1569/1 

v 60240.9 0 -28365
f 3701/1581/1 3697/1573/1 3709/1790/1 3702/1792/1 

v 60240.9 0 -28335
f 3710/1789/1 3709/1790/1 3697/1573/1 3568/1572/1 3566/1713/1 3564/1709/1 

f 3710/1789/1 3703/1791/1 3702/1792/1 3709/1790/1 

v 60240.9 0 -28305
f 3703/1791/1 3710/1789/1 3711/1801/1 3704/1810/1 

v 60240.9 0 -28275
f 3711/1801/1 3710/1789/1 3564/1709/1 3562/1671/1 3560/1666/1 3712/1802/1 

v 60240.9 0 -28245
f 3541/1819/1 3713/1820/1 3712/1802/1 3560/1666/1 3558/1661/1 3542/1654/1 

f 3713/1820/1 3541/1819/1 3547/1821/1 3706/1822/1 

f 3705/1809/1 3712/1802/1 3713/1820/1 3706/1822/1 

f 3712/1802/1 3705/1809/1 3704/1810/1 3711/1801/1 

v 60767 0 -27754.7
v 60586.9 0 -28300.9
v 60386.3 0 -28026.5
v 60426.7 0 -27997
v 60569.8 0 -28192.9
v 60714.2 0 -27755.1
v 60535.3 0 -27239.7
v 60524.9 0 -27209.7
v 60514.5 0 -27179.7
v 60504 0 -27149.7
v 60493.6 0 -27119.7
v 60483.2 0 -27089.7
v 60472.8 0 -27059.7
v 60462.4 0 -27029.7
v 60452 0 -26999.7
v 60441.5 0 -26969.7
v 60431.1 0 -26939.7
v 60420.7 0 -26909.7
v 60410.3 0 -26879.7
v 60399.9 0 -26849.7
v 60389.5 0 -26819.7
v 60379 0 -26789.7
v 60368.6 0 -26759.7
v 60363.4 0 -26744.6
v 60351.1 0 -26729.7
v 60326.4 0 -26699.7
v 60301.7 0 -26669.7
v 60277 0 -26639.7
v 60252.3 0 -26609.7
v 60227.6 0 -26579.7
v 59665.5 0 -25897
v 59665.5 0 -25818.3
v 60407.7 0 -26719.7
f 3714/2918/1 3715/3146/1 3707/1860/1 3548/1841/1 3555/1840/1 3716/1859/1 3717/3141/1 3718/3142/1 3719/3143/1 3720/3154/1 3721/3433/1 3722/3427/1 3723/3419/1 3724/3414/1 3725/3373/1 3726/3371/1 3727/3378/1 3728/3383/1 3729/3388/1 3730/3341/1 3731/3328/1 3732/2912/1 3733/2902/1 3734/2905/1 3735/2957/1 3736/2954/1 3737/2985/1 3738/2984/1 3739/3604/1 3740/3053/1 3741/3060/1 3742/3014/1 3743/3013/1 3744/3000/1 3745/3033/1 3746/2917/1 

v 60308.6 0 -27835.5
f 3554/3156/1 3747/3140/1 3717/3141/1 3716/1859/1 3555/1840/1 

vt 0.290261 7.42885
vn 0.590099 0 -0.807331
vt 0.305646 7.42885
v 60268.3 562 -27865.1
vt 0.305646 7.60177
v 60308.6 562 -27835.5
vt 0.290261 7.60177
f 3747/4209/357 3554/4210/357 3748/4211/357 3749/4212/357 

vt -0.35988 7.42885
vt -0.293038 7.42885
v 60140.1 562 -27689.7
vt -0.293038 7.60177
vt -0.35988 7.60177
f 3554/4213/9 3553/4214/9 3750/4215/9 3748/4216/9 

vt -0.216787 7.42885
vt 0.075283 7.42885
v 59190.9 562 -27689.7
vt 0.075283 7.60177
vt -0.216787 7.60177
f 3553/4217/2 3552/4218/2 3751/4219/2 3750/4220/2 

vt 0.809021 7.42885
vt 0.875864 7.42885
v 59062.7 562 -27865.1
vt 0.875864 7.60177
vt 0.809021 7.60177
f 3552/4221/20 3551/4222/20 3752/4223/20 3751/4224/20 

vt -0.138105 7.42885
v 59022.3 0 -27835.5
vt -0.122721 7.42885
v 59022.3 562 -27835.5
vt -0.122721 7.60177
vt -0.138105 7.60177
f 3551/4225/58 3753/4226/58 3754/4227/58 3752/4228/58 

v 58904.3 0 -27997
f 3585/1766/1 3755/3136/1 3753/3137/1 3551/3157/1 3550/1837/1 

v 58616.7 0 -27755.1
v 58761.1 0 -28192.9
v 58744.1 0 -28300.9
v 58563.9 0 -27754.7
v 58923.3 0 -26719.7
v 59103.3 0 -26579.7
v 59078.6 0 -26609.7
v 59053.9 0 -26639.7
v 59029.2 0 -26669.7
v 59004.5 0 -26699.7
v 58979.8 0 -26729.7
v 58967.6 0 -26744.6
v 58962.3 0 -26759.7
v 58951.9 0 -26789.7
v 58941.5 0 -26819.7
v 58931.1 0 -26849.7
v 58920.6 0 -26879.7
v 58910.2 0 -26909.7
v 58899.8 0 -26939.7
v 58889.4 0 -26969.7
v 58879 0 -26999.7
v 58868.6 0 -27029.7
v 58858.1 0 -27059.7
v 58847.7 0 -27089.7
v 58837.3 0 -27119.7
v 58826.9 0 -27149.7
v 58816.5 0 -27179.7
v 58806.1 0 -27209.7
v 58795.7 0 -27239.7
f 3756/3149/1 3757/3135/1 3755/3136/1 3585/1766/1 3584/1765/1 3758/3147/1 3759/3148/1 3760/3087/1 3745/3033/1 3744/3000/1 3761/3035/1 3762/3036/1 3763/3039/1 3764/3270/1 3765/3266/1 3766/3262/1 3767/3144/1 3768/3259/1 3769/3255/1 3770/3251/1 3771/3247/1 3772/3243/1 3773/3239/1 3774/3235/1 3775/3231/1 3776/3227/1 3777/3223/1 3778/3219/1 3779/3215/1 3780/3211/1 3781/3207/1 3782/3203/1 3783/3196/1 3784/3152/1 

v 59165.5 0 -27239.7
v 60165.5 0 -27239.7
v 60165.5 0 -27639.7
v 60140.1 0 -27639.7
vt 1.6793 7.98926
v 59190.9 0 -27639.7
vt 1.38723 7.98926
v 59165.5 0 -27639.7
f 3784/3152/1 3785/3153/1 3786/3530/1 3720/3154/1 3719/3143/1 3718/3142/1 3717/3141/1 3747/3140/1 3787/3139/1 3788/4229/1 3789/4230/1 3790/3138/1 3753/3137/1 3755/3136/1 3757/3135/1 3756/3149/1 

v 59168.8 0 -27209.7
f 3785/3153/1 3784/3152/1 3783/3196/1 3791/3197/1 

v 59172.1 0 -27179.7
f 3791/3197/1 3783/3196/1 3782/3203/1 3792/3534/1 

v 59175.4 0 -27149.7
f 3792/3534/1 3782/3203/1 3781/3207/1 3793/3544/1 

v 59178.7 0 -27119.7
f 3793/3544/1 3781/3207/1 3780/3211/1 3794/3369/1 

v 59182.1 0 -27089.7
f 3794/3369/1 3780/3211/1 3779/3215/1 3795/3370/1 

v 59185.4 0 -27059.7
f 3795/3370/1 3779/3215/1 3778/3219/1 3796/3360/1 

v 59188.7 0 -27029.7
f 3796/3360/1 3778/3219/1 3777/3223/1 3797/3356/1 

v 59192 0 -26999.7
f 3797/3356/1 3777/3223/1 3776/3227/1 3798/3351/1 

v 59195.3 0 -26969.7
f 3798/3351/1 3776/3227/1 3775/3231/1 3799/3348/1 

v 59198.7 0 -26939.7
f 3799/3348/1 3775/3231/1 3774/3235/1 3800/3344/1 

v 60131.8 0 -26935.3
v 60110.7 0 -26909.7
v 60132.3 0 -26939.7
v 60135.6 0 -26969.7
v 60138.9 0 -26999.7
v 59220.2 0 -26909.7
v 59199.1 0 -26935.3
v 59198.7 0 -26939.7
v 60132.3 0 -26939.7
f 3801/3571/1 3802/3570/1 3731/3328/1 3730/3341/1 3803/3340/1 3804/3395/1 3805/3396/1 3798/3351/1 3799/3348/1 3800/3344/1 3774/3235/1 3773/3239/1 3806/3566/1 3807/3572/1 3808/3344/1 3809/3340/1 

v 60086 0 -26879.7
v 59244.9 0 -26879.7
f 3810/3318/1 3802/3570/1 3801/3571/1 3803/3340/1 3800/3344/1 3807/3572/1 3806/3566/1 3811/3319/1 

f 3802/3570/1 3810/3318/1 3732/2912/1 3731/3328/1 

v 60061.3 0 -26849.7
f 3733/2902/1 3732/2912/1 3810/3318/1 3812/2903/1 

vt 1.65506 7.76464
v 60036.6 0 -26819.7
vt 1.64746 7.77387
v 59294.3 0 -26819.7
vt 1.41907 7.77387
v 59319 0 -26789.7
vt 1.42667 7.7831
vt 1.3137 7.7831
vt 1.3105 7.77387
v 59294.3 0 -26819.7
v 59269.6 0 -26849.7
vt 1.41146 7.76464
v 59244.9 0 -26879.7
vt 1.39626 7.74618
vt 1.30088 7.74618
f 3772/3243/8 3811/3319/8 3810/3318/8 3812/4231/8 3813/4232/8 3814/4233/8 3815/4234/8 3769/4235/8 3770/4236/8 3816/4233/8 3817/4237/8 3818/3319/8 3806/4238/8 3773/4239/8 

f 3811/3319/1 3772/3243/1 3771/3247/1 3817/3320/1 

f 3811/3319/1 3806/3566/1 3773/3239/1 3772/3243/1 

f 3814/3308/1 3817/3320/1 3771/3247/1 3770/3251/1 

f 3733/2902/1 3812/2903/1 3813/2904/1 3734/2905/1 

v 60011.9 0 -26789.7
f 3735/2957/1 3734/2905/1 3813/2904/1 3819/3307/1 

v 59343.7 0 -26759.7
v 59987.2 0 -26759.7
f 3819/3307/1 3813/2904/1 3814/3308/1 3815/3309/1 3820/3301/1 3821/2986/1 

f 3815/3309/1 3769/3255/1 3768/3259/1 3820/3301/1 

v 59368.4 0 -26729.7
f 3822/3297/1 3820/3301/1 3768/3259/1 3767/3144/1 3766/3262/1 

v 59962.5 0 -26729.7
v 59393.1 0 -26699.7
v 59937.8 0 -26699.7
f 3823/2987/1 3821/2986/1 3820/3301/1 3822/3297/1 3824/3048/1 3825/3047/1 

f 3823/2987/1 3738/2984/1 3737/2985/1 3736/2954/1 3821/2986/1 

f 3823/2987/1 3825/3047/1 3739/3604/1 3738/2984/1 

v 59913.1 0 -26669.7
f 3740/3053/1 3739/3604/1 3825/3047/1 3826/3046/1 

v 59417.8 0 -26669.7
v 59442.5 0 -26639.7
v 59888.4 0 -26639.7
f 3826/3046/1 3825/3047/1 3824/3048/1 3827/3049/1 3828/3016/1 3829/3015/1 

f 3824/3048/1 3765/3266/1 3764/3270/1 3827/3049/1 

f 3822/3297/1 3766/3262/1 3765/3266/1 3824/3048/1 

f 3828/3016/1 3827/3049/1 3764/3270/1 3763/3039/1 

v 59467.2 0 -26609.7
f 3830/3017/1 3828/3016/1 3763/3039/1 3762/3036/1 

v 59839 0 -26579.7
v 59863.7 0 -26609.7
v 59491.9 0 -26579.7
f 3831/3012/1 3832/3011/1 3829/3015/1 3828/3016/1 3830/3017/1 3833/3018/1 

f 3832/3011/1 3831/3012/1 3743/3013/1 3742/3014/1 

f 3743/3013/1 3831/3012/1 3833/3018/1 3761/3035/1 3744/3000/1 

f 3830/3017/1 3762/3036/1 3761/3035/1 3833/3018/1 

f 3742/3014/1 3741/3060/1 3829/3015/1 3832/3011/1 

f 3826/3046/1 3829/3015/1 3741/3060/1 3740/3053/1 

f 3735/2957/1 3819/3307/1 3821/2986/1 3736/2954/1 

f 3800/3344/1 3803/3340/1 3804/3395/1 3805/3396/1 3798/3351/1 3799/3348/1 

f 3804/3395/1 3803/3340/1 3730/3341/1 3729/3388/1 

f 3729/3388/1 3728/3383/1 3805/3396/1 3804/3395/1 

v 60142.2 0 -27029.7
f 3834/3401/1 3805/3396/1 3728/3383/1 3727/3378/1 

v 60145.6 0 -27059.7
f 3798/3351/1 3805/3396/1 3834/3401/1 3835/3362/1 3796/3360/1 3797/3356/1 

f 3727/3378/1 3726/3371/1 3835/3362/1 3834/3401/1 

v 60148.9 0 -27089.7
f 3836/3367/1 3835/3362/1 3726/3371/1 3725/3373/1 

v 60152.2 0 -27119.7
f 3796/3360/1 3835/3362/1 3836/3367/1 3837/3368/1 3794/3369/1 3795/3370/1 

f 3725/3373/1 3724/3414/1 3837/3368/1 3836/3367/1 

v 60155.5 0 -27149.7
f 3838/3424/1 3837/3368/1 3724/3414/1 3723/3419/1 

v 60158.8 0 -27179.7
f 3794/3369/1 3837/3368/1 3838/3424/1 3839/3428/1 3792/3534/1 3793/3544/1 

f 3723/3419/1 3722/3427/1 3839/3428/1 3838/3424/1 

v 60162.1 0 -27209.7
f 3840/3529/1 3839/3428/1 3722/3427/1 3721/3433/1 

f 3792/3534/1 3839/3428/1 3840/3529/1 3786/3530/1 3785/3153/1 3791/3197/1 

f 3721/3433/1 3720/3154/1 3786/3530/1 3840/3529/1 

vt 1.74774 7.42885
vn 0.807331 -4.02585e-18 0.590099
vt 1.82239 7.42885
vt 1.82239 7.60177
v 60165.5 562 -27639.7
vt 1.74774 7.60177
v 60165.5 100 -27639.7
vt 1.74774 7.45962
f 3787/4240/358 3747/4241/358 3749/4242/358 3841/4243/358 3842/4244/358 

v 60140.1 562 -27639.7
f 3748/3156/1 3750/1839/1 3843/4229/1 3841/3139/1 3749/3140/1 

v 59190.9 562 -27639.7
f 3750/1839/1 3751/1838/1 3844/4230/1 3843/4229/1 

v 59165.5 562 -27639.7
f 3845/3138/1 3844/4230/1 3751/1838/1 3752/3157/1 3754/3137/1 

vt 1.37942 7.60177
v 59165.5 100 -27639.7
vt 1.37942 7.45962
v 59190.9 100 -27639.7
vt 1.38723 7.45962
vt 1.38723 7.60177
f 3845/4245/4 3846/4246/4 3847/4247/4 3844/4248/4 

vt 0.586649 7.42885
vn -0.807331 1.20775e-17 0.590099
vt 0.661302 7.42885
vt 0.661302 7.45962
vt 0.661302 7.60177
vt 0.586649 7.60177
f 3753/4249/359 3790/4250/359 3846/4251/359 3845/4252/359 3754/4253/359 

vt 1.38723 7.42885
vt 1.37942 7.42885
f 3789/4254/4 3847/4247/4 3846/4246/4 3790/4255/4 

vt 1.6793 7.42885
v 60140.1 100 -27639.7
vt 1.6793 7.45962
f 3788/4256/4 3848/4257/4 3847/4247/4 3789/4254/4 

vt 1.68711 7.42885
vt 1.68711 7.45962
f 3787/4258/4 3842/4259/4 3848/4257/4 3788/4256/4 

vt 1.6793 7.60177
vt 1.68711 7.60177
f 3843/4260/4 3848/4257/4 3842/4259/4 3841/4261/4 

f 3844/4248/4 3847/4247/4 3848/4257/4 3843/4260/4 

f 3549/1836/1 3585/1766/1 3550/1837/1

v 60240.9 0 -29520.3
f 3849/1091/1 3672/1079/1 3644/1082/1 3643/1094/1 

v 60240.9 0 -29550.3
f 3672/1079/1 3849/1091/1 3850/851/1 3666/850/1 3667/1092/1 3668/1093/1 

f 3642/1396/1 3850/851/1 3849/1091/1 3643/1094/1 

v 60240.9 0 -29580.3
f 3850/851/1 3642/1396/1 3641/844/1 3851/843/1 

v 60240.9 0 -29610.3
f 3640/839/1 3852/833/1 3851/843/1 3641/844/1 

v 60240.9 0 -29640.3
f 3852/833/1 3640/839/1 3639/840/1 3853/834/1 

f 3638/1218/1 3662/835/1 3853/834/1 3639/840/1 

f 3662/835/1 3638/1218/1 3637/1211/1 3659/1210/1 

f 3852/833/1 3853/834/1 3662/835/1 3661/836/1 3663/837/1 3664/838/1 

f 3851/843/1 3852/833/1 3664/838/1 3665/849/1 3666/850/1 3850/851/1 

v 60887.1 0 -31838.2
v 60884.8 0 -31835
v 60528.5 0 -31347.5
v 60532.5 0 -31335.2
f 3629/193/1 3628/198/1 3854/221/1 3855/222/1 3856/223/1 3857/224/1 

v 60485.5 0 -32172
v 60366.3 0 -31839.3
v 61052.8 0 -32303.8
v 60906.4 0 -32747.8
v 60511.4 0 -32207.5
f 3858/239/1 3859/240/1 3856/223/1 3855/222/1 3860/241/1 3861/242/1 3862/243/1 

v 59222 0 -30301.6
vt 1.39681 8.80831
f 3614/313/1 3618/4200/1 3863/4262/1

v 59098 0 -30499.2
vt 1.35867 8.86912
v 58845.4 0 -31204
v 58819.5 0 -31239.5
v 58424.6 0 -31779.8
v 58278.1 0 -31335.9
f 3594/312/1 3613/3660/1 3864/4263/1 3865/314/1 3866/315/1 3867/317/1 3868/318/1 3595/311/1 

g Mesh33 Model

v 60115.5 40 -35497.5
v 60434.4 40 -35497.5
v 60444.8 40 -35527.5
v 60115.5 40 -35527.5
f 3869/3862/1 3870/3863/1 3871/3864/1 3872/3865/1 

v 60115.5 60 -35497.5
v 60434.4 60 -35497.5
f 3870/3858/2 3869/3859/2 3873/3860/2 3874/3861/2 

v 59215.5 40 -35497.5
v 59215.5 60 -35497.5
v 59215.5 80 -35497.5
v 60115.5 80 -35497.5
f 3869/3859/2 3875/3876/2 3876/4112/2 3877/4113/2 3878/4105/2 3873/3860/2 

v 59215.5 40 -35527.5
v 60115.5 40 -35557.5
v 59215.5 40 -35557.5
f 3879/4114/1 3875/4109/1 3869/3862/1 3872/3865/1 3880/3692/1 3881/3691/1 

v 58896.5 40 -35497.5
v 58886.1 40 -35527.5
f 3882/4115/349 3875/4109/349 3879/4114/349 3883/4116/349 

v 58896.5 60 -35497.5
f 3882/4117/2 3884/4118/2 3876/4112/2 3875/3876/2 

v 59047.3 280 -35063.3
vn 0.944683 1.072e-14 -0.327985
v 59011.1 280 -35167.5
v 59011.1 260 -35167.5
v 59000.7 260 -35197.5
v 59000.7 240 -35197.5
v 58990.3 240 -35227.5
v 58990.3 220 -35227.5
v 58979.8 220 -35257.5
v 58979.8 200 -35257.5
v 58969.4 200 -35287.5
v 58969.4 180 -35287.5
v 58959 180 -35317.5
v 58959 160 -35317.5
v 58948.6 160 -35347.5
v 58948.6 140 -35347.5
v 58938.2 140 -35377.5
v 58938.2 120 -35377.5
v 58927.8 120 -35407.5
v 58927.8 100 -35407.5
v 58917.4 100 -35437.5
v 58917.4 80 -35437.5
v 58906.9 80 -35467.5
v 58906.9 60 -35467.5
v 58886.1 20 -35527.5
v 58875.7 20 -35557.5
v 58875.7 0 -35557.5
v 58721.6 0 -36001.4
v 58721.6 320 -36001.4
v 59047.3 320 -35063.3
f 3885/3763/360 3886/3764/360 3887/3765/360 3888/3766/360 3889/3767/360 3890/3768/360 3891/3769/360 3892/3770/360 3893/3771/360 3894/3772/360 3895/3773/360 3896/3774/360 3897/3775/360 3898/3776/360 3899/3777/360 3900/3778/360 3901/3779/360 3902/3780/360 3903/3781/360 3904/3782/360 3905/3783/360 3906/3784/360 3907/3785/360 3884/3786/360 3882/3787/360 3883/3788/360 3908/3789/360 3909/3790/360 3910/3791/360 3911/3793/360 3912/3794/360 3913/3796/360 

v 59215.5 280 -35197.5
v 59215.5 280 -35167.5
v 59240.9 280 -34798.5
v 60090.1 280 -34798.5
v 60283.7 280 -35063.3
v 60319.8 280 -35167.5
v 60115.5 280 -35167.5
v 60115.5 280 -35197.5
f 3914/3801/1 3915/3802/1 3886/3803/1 3885/3623/1 3916/2329/1 3917/2328/1 3918/3624/1 3919/3804/1 3920/3805/1 3921/3806/1 

v 59215.5 260 -35197.5
v 59215.5 260 -35167.5
f 3914/3807/3 3922/3808/3 3923/3809/3 3915/3810/3 

v 60115.5 240 -35197.5
v 59215.5 240 -35197.5
v 60115.5 260 -35197.5
f 3924/3812/2 3925/3813/2 3922/3814/2 3914/3815/2 3921/3816/2 3926/3811/2 

v 59215.5 240 -35227.5
v 60115.5 240 -35227.5
v 60115.5 240 -35257.5
v 59215.5 240 -35257.5
f 3927/3949/1 3925/3801/1 3924/3806/1 3928/3821/1 3929/4020/1 3930/3946/1 

f 3927/3949/1 3890/3948/1 3889/4051/1 3925/3801/1 

v 59215.5 220 -35227.5
f 3931/3953/2 3891/4033/2 3890/4034/2 3927/3813/2 

v 59215.5 220 -35257.5
f 3932/3946/1 3892/3947/1 3891/3948/1 3931/3949/1 

v 59215.5 200 -35257.5
f 3933/3950/2 3893/3951/2 3892/3952/2 3932/3953/2 

v 59215.5 200 -35287.5
f 3934/3954/326 3894/3955/326 3893/3947/326 3933/3946/326 

v 59215.5 180 -35287.5
f 3935/3956/2 3895/3957/2 3894/3958/2 3934/3950/2 

v 59215.5 180 -35317.5
vn -2.36634e-33 1 1.20319e-15
f 3936/3959/361 3896/3960/361 3895/3955/361 3935/3954/361 

v 59215.5 160 -35317.5
f 3937/3961/2 3897/3962/2 3896/3963/2 3936/3956/2 

v 59215.5 160 -35347.5
f 3938/3964/328 3898/3965/328 3897/3960/328 3937/3959/328 

v 59215.5 140 -35347.5
f 3899/3966/2 3898/3967/2 3938/3961/2 3939/3968/2 

v 59215.5 160 -35377.5
v 59215.5 140 -35377.5
f 3940/3969/3 3941/3970/3 3939/3971/3 3938/3972/3 

v 60115.5 120 -35377.5
v 59215.5 120 -35377.5
v 60115.5 160 -35377.5
v 60115.5 140 -35377.5
f 3942/3974/2 3943/3975/2 3941/3968/2 3940/3961/2 3944/3976/2 3945/3973/2 

v 59215.5 120 -35437.5
vn -4.2278e-44 1 3.00796e-16
v 59215.5 120 -35407.5
v 60115.5 120 -35407.5
v 60115.5 120 -35437.5
f 3946/4111/362 3947/4131/362 3943/4005/362 3942/3979/362 3948/3982/362 3949/4107/362 

v 59215.5 100 -35437.5
v 59215.5 100 -35407.5
f 3946/4137/3 3950/4138/3 3951/4139/3 3947/4140/3 

v 60115.5 80 -35437.5
v 59215.5 80 -35437.5
v 60115.5 100 -35437.5
f 3952/4105/2 3953/4113/2 3950/4129/2 3946/3975/2 3949/3974/2 3954/4141/2 

vn -3.34218e-18 1 7.51991e-17
v 59215.5 80 -35467.5
v 60115.5 80 -35467.5
f 3878/3862/363 3877/4109/363 3955/4110/363 3953/4111/363 3952/4107/363 3956/4098/363 

v 59215.5 60 -35467.5
f 3877/4120/3 3876/4121/3 3957/4122/3 3955/4123/3 

f 3957/4110/1 3876/4109/1 3884/4115/1 3907/4119/1 

f 3957/4112/2 3907/4124/2 3906/4125/2 3955/4113/2 

f 3953/4111/350 3955/4110/350 3906/4119/350 3905/4126/350 

f 3953/4113/2 3905/4127/2 3904/4128/2 3950/4129/2 

f 3950/4111/1 3904/4126/1 3903/4130/1 3951/4131/1 

f 3951/4129/2 3903/4132/2 3902/4133/2 3947/3975/2 

f 3947/4131/351 3902/4130/351 3901/4134/351 3943/4005/351 

f 3943/3975/2 3901/4135/2 3900/4136/2 3941/3968/2 

f 3941/4005/1 3900/4134/1 3899/3965/1 3939/3964/1 

v 60413.6 80 -35437.5
v 60424 80 -35467.5
f 3956/4098/346 3952/4107/346 3958/4108/346 3959/4099/346 

v 60413.6 100 -35437.5
f 3958/4142/2 3952/4105/2 3954/4141/2 3960/4143/2 

v 60115.5 100 -35407.5
v 60403.2 100 -35407.5
f 3960/4108/353 3954/4107/353 3961/3982/353 3962/3981/353 

f 3948/4144/5 3961/4145/5 3954/4146/5 3949/4147/5 

v 60403.2 120 -35407.5
f 3961/4141/2 3948/3974/2 3963/4148/2 3962/4149/2 

v 60392.8 120 -35377.5
f 3942/3979/329 3964/3980/329 3963/3981/329 3948/3982/329 

v 60392.8 140 -35377.5
f 3964/3977/2 3942/3974/2 3945/3973/2 3965/3978/2 

v 60115.5 140 -35347.5
v 60382.3 140 -35347.5
f 3965/3980/332 3945/3979/332 3966/3999/332 3967/4000/332 

v 60115.5 160 -35347.5
f 3968/4001/5 3966/4002/5 3945/4003/5 3944/4004/5 

v 60382.3 160 -35347.5
f 3967/3997/2 3966/3973/2 3968/3976/2 3969/3998/2 

v 60115.5 160 -35317.5
v 60371.9 160 -35317.5
f 3970/4006/1 3971/4011/1 3969/4000/1 3968/3999/1 

v 60115.5 180 -35317.5
v 60371.9 180 -35317.5
f 3970/3976/2 3972/4007/2 3973/4009/2 3971/4010/2 

v 59215.5 200 -35317.5
v 60115.5 200 -35317.5
f 3970/3976/2 3937/3961/2 3936/3956/2 3974/3950/2 3975/4008/2 3972/4007/2 

f 3940/4005/1 3938/3964/1 3937/3959/1 3970/4006/1 3968/3999/1 3944/3979/1 

f 3974/4025/3 3936/4026/3 3935/4027/3 3934/4028/3 

v 60115.5 200 -35257.5
v 60115.5 200 -35287.5
f 3934/3954/1 3933/3946/1 3976/4020/1 3977/4012/1 3975/4006/1 3974/3959/1 

v 60115.5 220 -35257.5
f 3976/4008/2 3933/3950/2 3932/3953/2 3930/3813/2 3929/3812/2 3978/4023/2 

f 3930/4029/3 3932/4030/3 3931/4031/3 3927/4032/3 

v 60115.5 220 -35227.5
f 3928/4054/5 3979/4055/5 3978/4056/5 3929/4057/5 

v 60340.7 220 -35227.5
v 60340.7 240 -35227.5
f 3980/4058/2 3979/4023/2 3928/3812/2 3981/4059/2 

v 60351.1 220 -35257.5
vn 8.43999e-33 1 -7.21911e-15
f 3982/4021/364 3978/4020/364 3979/3821/364 3980/3820/364 

v 60351.1 200 -35257.5
f 3983/4022/2 3976/4008/2 3978/4023/2 3982/4024/2 

v 60361.5 200 -35287.5
f 3976/4020/1 3983/4021/1 3984/4013/1 3977/4012/1 

v 60283.7 600 -35063.3
vn -0.944683 2.24567e-14 -0.327985
v 60609.4 600 -36001.4
v 60609.4 0 -36001.4
v 60455.2 0 -35557.5
v 60455.2 20 -35557.5
v 60444.8 20 -35527.5
v 60424 60 -35467.5
v 60361.5 180 -35287.5
v 60330.3 240 -35197.5
v 60330.3 260 -35197.5
v 60319.8 260 -35167.5
f 3985/3716/365 3986/3717/365 3987/3718/365 3988/3719/365 3989/3720/365 3990/3721/365 3871/3722/365 3870/3723/365 3874/3724/365 3991/3725/365 3959/3726/365 3958/3727/365 3960/3728/365 3962/3729/365 3963/3730/365 3964/3731/365 3965/3732/365 3967/3733/365 3969/3734/365 3971/3735/365 3973/3736/365 3992/3737/365 3984/3738/365 3983/3739/365 3982/3740/365 3980/3741/365 3981/3742/365 3993/3743/365 3994/3744/365 3995/3745/365 3919/3746/365 3918/3747/365 

v 60662.1 600 -36001
v 60646.5 600 -36048.5
v 60384.5 600 -35201.2
f 3996/3688/1 3997/2693/1 3986/2837/1 3985/3624/1 3998/3748/1 

v 60662.1 0 -36001
v 60646.5 0 -36048.5
f 3999/3749/11 4000/3750/11 3997/3751/11 3996/3752/11 

usemtl FrontColor
vt 23862 14173.8
vt 23882.7 14173.6
vt 23876.6 14192.3
f 3987/4264/1 3999/4265/1 4000/4266/1

vt 23801.3 13999
f 3988/4267/1 3999/4265/1 3987/4264/1

v 60384.5 0 -35201.2
vt 23773.4 13858.8
f 3988/4267/1 4001/4268/1 3999/4265/1

v 60283.7 0 -35063.3
vt 23733.7 13804.5
f 3988/4267/1 4002/4269/1 4001/4268/1

v 60115.5 0 -35557.5
vt 23667.5 13999
f 4003/4270/1 4002/4269/1 3988/4267/1

v 60090.1 0 -34798.5
vt 23657.5 13700.2
f 4003/4270/1 4004/4271/1 4002/4269/1

v 59240.9 0 -34798.5
vt 23323.2 13700.2
f 4003/4270/1 4005/4272/1 4004/4271/1

v 59215.5 0 -35557.5
vt 23313.2 13999
f 4006/4273/1 4005/4272/1 4003/4270/1

v 59047.3 0 -35063.3
vt 23247 13804.5
f 4006/4273/1 4007/4274/1 4005/4272/1

v 58946.5 0 -35201.2
vt 23207.3 13858.8
f 4006/4273/1 4008/4275/1 4007/4274/1

vt 23179.4 13999
f 3910/4276/1 4008/4275/1 4006/4273/1

vt 23118.7 14173.8
f 3911/4277/1 4008/4275/1 3910/4276/1

v 58684.5 0 -36048.5
vt 23104.1 14192.3
f 4009/4278/1 4008/4275/1 3911/4277/1

v 58668.8 0 -36001
vt 23098 14173.6
f 4008/4275/1 4009/4278/1 4010/4279/1

usemtl mramor
vn -0.949674 5.88583e-19 -0.313241
v 58668.8 320 -36001
v 58668.8 600 -36001
v 58684.5 600 -36048.5
f 4009/3755/366 4010/3756/366 4011/3757/366 4012/3758/366 4013/3759/366 

vt -2.06608 7.42885
vt -1.8056 7.42885
v 58946.5 320 -35201.2
vt -1.8056 7.52731
vt -2.06608 7.52731
f 4010/4280/270 4008/4281/270 4014/4282/270 4011/4283/270 

vt -1.25683 7.42885
vn -0.807331 -1.83601e-17 0.590099
vt -1.20426 7.42885
vt -1.20426 7.51501
vt -1.20426 7.52731
vt -1.25683 7.52731
f 4008/4284/367 4007/4285/367 3885/4286/367 3913/4287/367 4014/4288/367 

v 58834.5 0 -35354.4
v 58668.8 0 -34851.9
v 58721.6 0 -34852.3
v 58851.5 0 -35246.3
v 59215.5 0 -34748.5
v 60115.5 0 -34748.5
v 60479.4 0 -35246.3
v 60609.4 0 -34852.3
v 60662.1 0 -34851.9
v 60496.4 0 -35354.4
f 4004/2328/1 4005/2329/1 4007/3623/1 4008/4162/1 4015/2330/1 4016/2331/1 4017/2238/1 4018/2255/1 4019/2250/1 4020/2249/1 4021/2244/1 4022/2243/1 4023/2332/1 4024/2333/1 4001/3748/1 4002/3624/1 

vt 1.40261 7.42885
vt 1.66391 7.42885
vt 1.66391 7.51501
vt 1.40261 7.51501
f 4005/4289/4 4004/4290/4 3917/4291/4 3916/4292/4 

vt 3.51236 7.42885
vt 3.6133 7.42885
vt 3.6133 7.51501
vt 3.51236 7.51501
f 4004/4293/15 4002/4294/15 3918/4295/15 3917/4296/15 

vn 0.807331 -7.13476e-19 0.590099
vt 3.66587 7.42885
vt 3.66587 7.61347
vt 3.6133 7.61347
f 4002/4294/368 4001/4297/368 3998/4298/368 3985/4299/368 3918/4295/368 

vt 3.7942 7.42885
vt 4.05468 7.42885
vt 4.05468 7.61347
vt 3.7942 7.61347
f 4001/4300/300 3999/4301/300 3996/4302/300 3998/4303/300 

vt -1.10332 7.42885
vt -1.10332 7.51501
f 4007/4285/17 4005/4304/17 3916/4305/17 3885/4286/17 

v 58875.7 0 -34408.5
v 59215.5 0 -34408.5
v 60115.5 0 -34408.5
v 60455.2 0 -34408.5
f 4017/2238/1 4025/2239/1 4026/2240/1 4027/2241/1 4028/2242/1 4022/2243/1 4021/2244/1 4020/2249/1 4019/2250/1 4018/2255/1 

usemtl FrontColor
v 60115.5 0 -34378.5
vt 23667.5 13534.8
vt 23667.5 13546.6
vt 23313.2 13546.6
v 59215.5 0 -34378.5
vt 23313.2 13534.8
v 59215.5 0 -34348.5
vt 23313.2 13523
v 60115.5 0 -34348.5
vt 23667.5 13523
f 4029/4306/1 4027/4307/1 4026/4308/1 4030/4309/1 4031/4310/1 4032/4311/1 

v 60444.8 0 -34378.5
vt 23797.2 13534.8
vt 23801.3 13546.6
f 4027/4307/1 4029/4306/1 4033/4312/1 4028/4313/1 

usemtl mramor
v 60434.4 0 -34348.5
f 4032/2063/1 4034/2650/1 4033/2651/1 4029/2652/1 

usemtl FrontColor
v 60115.5 0 -34318.5
vt 23667.5 13511.2
v 60424 0 -34318.5
vt 23789 13511.2
vt 23793.1 13523
f 4032/4311/1 4035/4314/1 4036/4315/1 4034/4316/1 

usemtl mramor
v 59215.5 0 -34318.5
v 59215.5 0 -34288.5
v 60115.5 0 -34288.5
f 4032/2063/1 4031/2064/1 4037/2065/1 4038/2066/1 4039/2056/1 4035/2067/1 

usemtl FrontColor
v 60115.5 0 -34228.5
vt 23667.5 13475.8
v 60115.5 0 -34258.5
vt 23667.5 13487.6
vt 23667.5 13499.4
vt 23313.2 13499.4
v 59215.5 0 -34258.5
vt 23313.2 13487.6
v 59215.5 0 -34228.5
vt 23313.2 13475.8
f 4040/4317/1 4041/4318/1 4039/4319/1 4038/4320/1 4042/4321/1 4043/4322/1 

usemtl mramor
v 60392.8 0 -34228.5
v 60403.2 0 -34258.5
f 4040/2028/1 4044/2029/1 4045/2030/1 4041/2031/1 

v 60115.5 0 -34198.5
v 60382.3 0 -34198.5
f 4044/2029/1 4040/2028/1 4046/2175/1 4047/2174/1 

usemtl FrontColor
v 60115.5 0 -34168.5
vt 23667.5 13452.1
vt 23667.5 13464
v 59215.5 0 -34198.5
vt 23313.2 13464
v 59215.5 0 -34168.5
vt 23313.2 13452.1
f 4048/4323/1 4046/4324/1 4040/4317/1 4043/4322/1 4049/4325/1 4050/4326/1 

usemtl mramor
v 60371.9 0 -34168.5
f 4048/2172/1 4051/2173/1 4047/2174/1 4046/2175/1 

v 60115.5 0 -34138.5
v 60361.5 0 -34138.5
f 4051/2173/1 4048/2172/1 4052/2405/1 4053/2406/1 

usemtl FrontColor
v 60115.5 0 -34108.5
vt 23667.5 13428.5
vt 23667.5 13440.3
v 59215.5 0 -34138.5
vt 23313.2 13440.3
v 59215.5 0 -34108.5
vt 23313.2 13428.5
f 4054/4327/1 4052/4328/1 4048/4323/1 4050/4326/1 4055/4329/1 4056/4330/1 

usemtl mramor
v 60351.1 0 -34108.5
f 4054/2502/1 4057/2503/1 4053/2406/1 4052/2405/1 

v 60115.5 0 -34078.5
v 60340.7 0 -34078.5
f 4057/2503/1 4054/2502/1 4058/2545/1 4059/2544/1 

usemtl FrontColor
v 60115.5 0 -34048.5
vt 23667.5 13404.9
vt 23667.5 13416.7
v 59215.5 0 -34078.5
vt 23313.2 13416.7
v 59215.5 0 -34048.5
vt 23313.2 13404.9
f 4060/4331/1 4058/4332/1 4054/4327/1 4056/4330/1 4061/4333/1 4062/4334/1 

usemtl mramor
v 60330.3 0 -34048.5
f 4060/2542/1 4063/2543/1 4059/2544/1 4058/2545/1 

v 60115.5 0 -34018.5
v 60319.8 0 -34018.5
f 4063/2543/1 4060/2542/1 4064/2573/1 4065/2572/1 

usemtl FrontColor
v 60115.5 0 -33988.5
vt 23667.5 13381.3
vt 23667.5 13393.1
v 59215.5 0 -34018.5
vt 23313.2 13393.1
v 59215.5 0 -33988.5
vt 23313.2 13381.3
f 4066/4335/1 4064/4336/1 4060/4331/1 4062/4334/1 4067/4337/1 4068/4338/1 

usemtl mramor
v 60309.4 0 -33988.5
f 4066/2470/1 4069/2469/1 4065/2572/1 4064/2573/1 

v 60090.1 0 -33649.4
v 60283.7 0 -33914.3
v 59021.5 0 -33988.5
v 59047.3 0 -33914.3
v 59240.9 0 -33649.4
f 4070/392/1 4071/368/1 4069/2469/1 4066/2470/1 4068/2471/1 4072/2472/1 4073/805/1 4074/383/1 

v 59011.1 0 -34018.5
f 4067/2560/1 4075/2559/1 4072/2472/1 4068/2471/1 

v 59000.7 0 -34048.5
f 4062/2558/1 4076/2557/1 4075/2559/1 4067/2560/1 

v 58990.3 0 -34078.5
f 4061/2530/1 4077/2529/1 4076/2557/1 4062/2558/1 

v 58979.8 0 -34108.5
f 4056/2525/1 4078/2524/1 4077/2529/1 4061/2530/1 

v 58969.4 0 -34138.5
f 4055/2520/1 4079/2519/1 4078/2524/1 4056/2525/1 

v 58959 0 -34168.5
f 4050/2420/1 4080/2419/1 4079/2519/1 4055/2520/1 

v 58948.6 0 -34198.5
f 4049/2193/1 4081/2192/1 4080/2419/1 4050/2420/1 

v 58938.2 0 -34228.5
f 4043/2190/1 4082/2191/1 4081/2192/1 4049/2193/1 

v 58927.8 0 -34258.5
f 4042/2198/1 4083/2199/1 4082/2191/1 4043/2190/1 

v 58917.4 0 -34288.5
f 4038/2066/1 4084/2203/1 4083/2199/1 4042/2198/1 

v 60413.6 0 -34288.5
f 4085/2055/1 4039/2056/1 4041/2031/1 4045/2030/1 

usemtl FrontColor
vt 23784.9 13499.4
f 4035/4314/1 4039/4319/1 4085/4339/1 4036/4315/1 

usemtl mramor
v 58896.5 0 -34348.5
v 58886.1 0 -34378.5
f 4086/2221/1 4031/2064/1 4030/2222/1 4087/2223/1 

f 3912/2839/354 4011/2838/354 4014/4162/354 3913/3623/354 

v 58721.6 600 -36001.4
f 4012/4163/172 4011/4164/172 3912/4165/172 4088/4166/172 

vn 0.949674 -8.77605e-18 0.313241
v 58851.5 0 -36395.4
v 58851.5 600 -36395.4
f 3911/3693/369 4089/3694/369 4090/3695/369 4088/3696/369 3912/3697/369 

v 60479.4 0 -36395.4
v 60115.5 0 -35897.5
v 59215.5 0 -35897.5
f 3911/2839/1 3910/3690/1 4006/3691/1 4003/3692/1 3988/3686/1 3987/2837/1 4091/2836/1 4092/2835/1 4093/2834/1 4089/2833/1 

v 59215.5 20 -35557.5
f 4006/3874/2 3910/3877/2 3909/3878/2 4094/3875/2 

v 59215.5 20 -35527.5
f 4095/4114/1 4094/3691/1 3909/3690/1 3908/4116/1 

f 3881/4152/3 4094/4153/3 4095/4154/3 3879/4155/3 

v 60115.5 20 -35557.5
f 4003/3873/2 4006/3874/2 4094/3875/2 3881/3876/2 3880/3859/2 4096/3867/2 

v 60115.5 20 -35527.5
f 3872/3869/5 4097/3870/5 4096/3871/5 3880/3872/5 

f 3990/3866/2 4097/3867/2 3872/3859/2 3871/3868/2 

f 4096/3692/1 4097/3865/1 3990/3864/1 3989/3686/1 

f 3988/4156/2 4003/3873/2 4096/3867/2 3989/4157/2 

f 3908/4150/2 3883/4151/2 3879/3876/2 4095/3875/2 

v 60479.4 600 -36395.4
f 4091/3712/13 3987/3713/13 3986/3714/13 4098/3715/13 

usemtl FrontColor
v 60496.4 0 -36503.4
vt 23817.5 14371.4
vt 23810.8 14328.9
f 4099/4340/1 4091/4341/1 3987/4264/1

vt 23667.5 14132.9
f 4099/4340/1 4092/4342/1 4091/4341/1

v 60098.6 0 -35959.1
vt 23660.9 14157.1
f 4100/4343/1 4092/4342/1 4099/4340/1

v 60046.6 0 -35947.5
vt 23640.4 14152.6
f 4101/4344/1 4092/4342/1 4100/4343/1

v 59284.3 0 -35947.5
vt 23340.3 14152.6
f 4102/4345/1 4092/4342/1 4101/4344/1

vt 23313.2 14132.9
f 4102/4345/1 4093/4346/1 4092/4342/1

v 59232.4 0 -35959.1
vt 23319.8 14157.1
f 4103/4347/1 4093/4346/1 4102/4345/1

vt 23169.9 14328.9
f 4103/4347/1 4089/4348/1 4093/4346/1

v 58834.5 0 -36503.4
vt 23163.2 14371.4
f 4104/4349/1 4089/4348/1 4103/4347/1

f 4104/4349/1 3911/4277/1 4089/4348/1

v 58707.4 0 -36118
vt 23113.1 14219.7
f 3911/4277/1 4104/4349/1 4105/4350/1

usemtl mramor
v 58707.4 600 -36118
v 58834.5 600 -36503.4
f 4104/4175/7 4105/4176/7 4106/4177/7 4107/4178/7 

v 58548.6 0 -37328.1
v 58416.9 0 -36928.5
v 58927.4 0 -36809.9
f 4108/2722/1 4109/2721/1 4105/2801/1 4104/2806/1 4103/2807/1 4110/2808/1 

v 58548.6 600 -37328.1
v 58416.9 600 -36928.5
f 4109/2809/16 4108/2810/16 4111/2811/16 4112/2812/16 

usemtl FrontColor
v 58518.9 0 -37381.6
vt 23038.9 14717.2
vt 22998.8 14538.8
vt 23050.6 14696.1
f 4113/4351/1 4109/4352/1 4108/4353/1

v 58369.3 0 -36927.9
vt 22980 14538.6
f 4109/4352/1 4113/4351/1 4114/4354/1

usemtl mramor
v 58369.3 600 -36927.9
v 58518.9 600 -37381.6
f 4113/2788/7 4114/2789/7 4115/2790/7 4116/2791/7 

v 58369.3 0 -37799.1
v 57912.6 0 -38055.5
vt 0.993922 11.1941
v 58290.4 0 -37510.9
vt 1.11017 11.0265
f 4117/2718/1 4118/4355/1 4119/4356/1 4114/2720/1 4113/2719/1 

v 58533.3 0 -38296.5
v 58510.8 0 -38806.4
vt 1.17799 11.4252
v 58515 0 -38804.3
vt 1.17927 11.4245
v 58514.9 0 -38806.4
vt 1.17925 11.4252
v 58375.1 0 -38976.2
vt 1.13623 11.4774
v 58333 0 -38818.3
vt 1.12326 11.4288
v 58290.8 0 -38660.3
vt 1.11029 11.3802
v 58279.4 0 -38655.9
vt 1.10679 11.3789
v 58168.9 0 -38320.9
vt 1.07278 11.2758
v 57861.3 0 -38493.6
vt 0.978129 11.3289
v 57846.1 0 -38487.7
vt 0.97346 11.3271
v 57570.8 0 -38663.9
vt 0.888748 11.3813
v 57582.1 0 -38444.3
vt 0.892243 11.3138
f 4120/2717/1 4121/4357/1 4122/4358/1 4123/4359/1 4124/4360/1 4125/4361/1 4126/4362/1 4127/4363/1 4128/4364/1 4129/4365/1 4130/4366/1 4131/4367/1 4132/4368/1 4118/4355/1 4117/2718/1 

usemtl FrontColor
vt 23035.8 15278.1
vt 23044.6 15077.3
vt 23037.4 15277.3
f 4121/4369/1 4120/4370/1 4122/4371/1

usemtl mramor
v 58770.6 0 -38672
vt 1.25792 11.3838
v 58888.8 0 -37810.2
v 59049.2 0 -38296.5
f 4133/4372/1 4122/4358/1 4120/2717/1 4134/2716/1 4135/2715/1 

v 58533.3 600 -38296.5
v 58888.8 600 -37810.2
f 4134/2776/20 4120/2777/20 4136/2778/20 4137/2779/20 

usemtl FrontColor
v 58548.6 0 -38199.2
vt 23050.6 15039.1
vt 23184.6 14885.9
f 4120/4370/1 4138/4373/1 4134/4374/1

v 58416.9 0 -37799.7
vt 22998.8 14881.8
f 4120/4370/1 4139/4375/1 4138/4373/1

vt 22980 14881.5
f 4139/4375/1 4120/4370/1 4117/4376/1

usemtl mramor
v 58369.3 600 -37799.1
f 4120/2780/7 4117/2781/7 4140/2782/7 4136/2783/7 

f 4117/2784/19 4113/2785/19 4116/2786/19 4140/2787/19 

usemtl FrontColor
f 4113/4351/1 4139/4375/1 4117/4376/1

v 58566.5 0 -37382.2
vt 23057.7 14717.4
f 4139/4375/1 4113/4351/1 4141/4377/1

f 4141/4377/1 4113/4351/1 4108/4353/1

v 58566 0 -37380.6
vt 23057.5 14716.8
f 4141/4377/1 4108/4353/1 4142/4378/1

usemtl mramor
v 58566 600 -37380.6
f 4108/2810/16 4142/2813/16 4143/2814/16 4111/2811/16 

v 60398.2 0 -36928.5
v 60403.5 0 -36809.9
v 60782.3 0 -37328.1
v 60762.8 0 -37377.7
v 60442.2 0 -36939
v 60296.2 0 -37381.6
v 60403.5 0 -37681
v 60426.8 0 -37713
v 60398.2 0 -37799.7
v 60247 0 -37377.7
v 59834.7 0 -36813.6
v 59496.2 0 -36813.6
v 59083.9 0 -37377.7
v 58932.7 0 -37799.7
v 58904.1 0 -37713
v 58927.4 0 -37681
v 59034.7 0 -37381.6
v 58888.8 0 -36939
v 58932.7 0 -36928.5
v 59064.5 0 -37328.1
v 59473.4 0 -36768.6
v 59857.5 0 -36768.6
v 60266.5 0 -37328.1
f 4144/2815/1 4101/2816/1 4100/2701/1 4145/2700/1 4146/2699/1 4147/2737/1 4148/2817/1 4149/2818/1 4150/2819/1 4151/2734/1 4152/2733/1 4153/2820/1 4154/2821/1 4155/2822/1 4156/2823/1 4157/2728/1 4158/2727/1 4159/2824/1 4160/2825/1 4161/2826/1 4142/2723/1 4108/2722/1 4110/2808/1 4103/2807/1 4102/2827/1 4162/2828/1 4163/2829/1 4164/2830/1 4165/2831/1 4166/2832/1 

f 4102/2827/1 4101/2816/1 4144/2815/1 4166/2832/1 4165/2831/1 4164/2830/1 4163/2829/1 4162/2828/1 

v 59284.3 600 -35947.5
v 60046.6 600 -35947.5
f 4101/4187/2 4102/4188/2 4167/4189/2 4168/4190/2 

v 59232.4 600 -35959.1
f 4102/4183/355 4103/4184/355 4169/4185/355 4167/4186/355 

usemtl FrontColor
vt 23201.8 14538.8
f 4162/4379/1 4103/4347/1 4102/4345/1

vt 23199.8 14492.1
f 4103/4347/1 4162/4379/1 4110/4380/1

vt 23184.6 14542.9
f 4161/4381/1 4110/4380/1 4162/4379/1

f 4142/4378/1 4110/4380/1 4161/4381/1

f 4110/4380/1 4142/4378/1 4108/4353/1

usemtl mramor
f 4159/2824/1 4158/2727/1 4138/2726/1 4139/2725/1 4141/2724/1 4142/2723/1 4161/2826/1 4160/2825/1 

usemtl FrontColor
vt 23201.8 14881.8
vt 23190.6 14847.6
vt 23199.8 14835
f 4157/4382/1 4158/4383/1 4159/4384/1

usemtl mramor
v 58932.7 600 -37799.7
v 58904.1 600 -37713
f 4158/2886/16 4157/2882/16 4170/2885/16 4171/2887/16 

usemtl FrontColor
vt 23247.7 15077.3
f 4135/4385/1 4158/4383/1 4157/4382/1

f 4134/4374/1 4158/4383/1 4135/4385/1

f 4134/4374/1 4138/4373/1 4158/4383/1

usemtl mramor
v 58548.6 600 -38199.2
f 4138/2888/17 4158/2889/17 4171/2890/17 4172/2891/17 

v 60782.3 600 -37328.1
v 60914.1 600 -36928.5
v 60961.7 600 -36927.9
v 60815.6 600 -37370.8
v 60812 600 -37381.6
v 60961.7 600 -37799.1
v 60797.6 600 -38296.5
v 60442.2 600 -37810.2
v 60281.8 600 -38296.5
v 59834.7 600 -37684.8
v 59665.5 600 -37684.8
v 59496.2 600 -37684.8
v 59049.2 600 -38296.5
v 58566.5 600 -37382.2
v 58416.9 600 -37799.7
v 59064.5 600 -38199.2
v 59473.4 600 -37639.8
v 59857.5 600 -37639.8
v 60266.5 600 -38199.2
v 60398.2 600 -37799.7
v 60426.8 600 -37713
v 60782.3 600 -38199.2
v 60914.1 600 -37799.7
v 60762.8 600 -37377.7
f 4173/2699/1 4174/2691/1 4175/2694/1 4176/2707/1 4177/2708/1 4178/2709/1 4179/2710/1 4180/2711/1 4181/2712/1 4182/2713/1 4183/3689/1 4184/2714/1 4185/2715/1 4137/2716/1 4136/2717/1 4140/2718/1 4116/2719/1 4115/2720/1 4112/2721/1 4111/2722/1 4143/2723/1 4186/2724/1 4187/2725/1 4172/2726/1 4171/2727/1 4170/2728/1 4188/2729/1 4189/2730/1 4190/2731/1 4191/2732/1 4192/2733/1 4193/2734/1 4194/2735/1 4195/2736/1 4196/2737/1 

v 60914.1 0 -36928.5
f 4146/2703/13 4197/2704/13 4174/2705/13 4173/2706/13 

v 60623.6 0 -36118
f 4198/2692/1 4197/2691/1 4146/2699/1 4145/2700/1 4100/2701/1 4099/2702/1 

v 60623.6 600 -36118
f 4197/2695/14 4198/2696/14 4199/2697/14 4174/2698/14 

usemtl FrontColor
vt 23981.9 14538.8
vt 23867.5 14219.7
f 4000/4266/1 4197/4386/1 4198/4387/1

v 60961.7 0 -36927.9
vt 24000.7 14538.6
f 4197/4386/1 4000/4266/1 4200/4388/1

usemtl mramor
f 4000/2844/12 4200/2845/12 4175/2846/12 3997/2847/12 

v 60815.6 0 -37370.8
f 4200/2738/11 4201/2739/11 4176/2740/11 4175/2741/11 

v 61040.5 0 -37510.9
vt 1.95636 11.0265
v 61418.3 0 -38055.5
vt 2.07261 11.1941
v 60961.7 0 -37799.1
v 60812 0 -37381.6
f 4202/4389/1 4203/4390/1 4204/2709/1 4205/2708/1 4201/2707/1 4200/2694/1 

v 60955.8 0 -38976.2
vt 1.93029 11.4774
v 60816 0 -38806.4
vt 1.88728 11.4252
v 60797.6 0 -38296.5
v 61748.8 0 -38444.3
vt 2.17429 11.3138
v 61760.1 0 -38663.9
vt 2.17778 11.3813
v 61484.8 0 -38487.7
vt 2.09307 11.3271
v 61469.7 0 -38493.6
vt 2.0884 11.3289
v 61162 0 -38320.9
vt 1.99375 11.2758
v 61051.5 0 -38655.9
vt 1.95974 11.3789
v 61040.1 0 -38660.3
vt 1.95624 11.3802
v 60998 0 -38818.3
vt 1.94327 11.4288
f 4206/4391/1 4207/4392/1 4208/2710/1 4204/2709/1 4203/4390/1 4209/4393/1 4210/4394/1 4211/4395/1 4212/4396/1 4213/4397/1 4214/4398/1 4215/4399/1 4216/4400/1 

v 60556.3 0 -38672
vt 1.80736 11.3838
v 60281.8 0 -38296.5
v 60442.2 0 -37810.2
f 4217/4401/1 4218/2712/1 4219/2711/1 4208/2710/1 4207/4392/1 

v 60096.9 0 -38780
vt 1.666 11.4171
v 60165.8 0 -38571.2
vt 1.6872 11.3528
v 59998.4 0 -38089.1
vt 1.6357 11.2045
v 59665.5 0 -37684.8
v 59834.7 0 -37684.8
f 4218/2712/1 4217/4401/1 4220/4402/1 4221/4403/1 4222/4404/1 4223/3689/1 4224/2713/1 

v 59904 0 -38516.1
vt 1.60665 11.3359
v 59887.7 0 -38516.1
vt 1.60164 11.3359
v 59663.4 0 -38243.7
vt 1.53264 11.2521
v 59439.2 0 -38516.1
vt 1.46363 11.3359
v 59427 0 -38516.1
vt 1.45988 11.3359
v 59330.5 0 -38648
vt 1.4302 11.3765
v 59234.1 0 -38780
vt 1.40053 11.4171
v 59165.2 0 -38571.2
vt 1.37933 11.3528
v 59332.5 0 -38089.1
vt 1.43083 11.2045
f 4223/3689/1 4222/4404/1 4221/4403/1 4220/4402/1 4225/4405/1 4226/4406/1 4227/4407/1 4228/4408/1 4229/4409/1 4230/4410/1 4231/4411/1 4232/4412/1 4233/4413/1 

f 4227/4407/1 4226/4406/1 4228/4408/1

v 59420.9 0 -40192.9
vt 1.458 11.8518
v 59324.4 0 -40324.9
vt 1.42832 11.8924
v 59228 0 -40456.8
vt 1.39865 11.933
v 59159.1 0 -40248
vt 1.37745 11.8687
v 59326.4 0 -39765.9
vt 1.42895 11.7204
v 59435.1 0 -39634
vt 1.46238 11.6798
v 59422.9 0 -39634
vt 1.45862 11.6798
v 59326.4 0 -39765.9
v 59230 0 -39897.9
vt 1.39927 11.761
v 59161.1 0 -39689
vt 1.37808 11.6968
v 59328.5 0 -39207
vt 1.42957 11.5484
v 59437.1 0 -39075
vt 1.46301 11.5078
v 59424.9 0 -39075
vt 1.45925 11.5078
v 59328.5 0 -39207
v 59232 0 -39338.9
vt 1.3999 11.589
v 59163.1 0 -39130.1
vt 1.3787 11.5248
v 59996.4 0 -38648
vt 1.63508 11.3765
v 60163.7 0 -39130.1
vt 1.68657 11.5248
v 60094.8 0 -39338.9
vt 1.66538 11.589
v 59901.9 0 -39075
vt 1.60603 11.5078
v 59885.7 0 -39075
vt 1.60102 11.5078
v 59661.4 0 -38802.7
vt 1.53201 11.424
v 59437.1 0 -39075
v 59885.7 0 -39075
v 59994.3 0 -39207
vt 1.63445 11.5484
v 60161.7 0 -39689
vt 1.68595 11.6968
v 60092.8 0 -39897.9
vt 1.66475 11.761
v 59899.9 0 -39634
vt 1.6054 11.6798
v 59883.6 0 -39634
vt 1.60039 11.6798
v 59659.4 0 -39361.6
vt 1.53139 11.596
v 59435.1 0 -39634
v 59883.6 0 -39634
v 59992.3 0 -39765.9
vt 1.63382 11.7204
v 60159.6 0 -40248
vt 1.68532 11.8687
v 60090.8 0 -40456.8
vt 1.66413 11.933
v 59897.9 0 -40192.9
vt 1.60477 11.8518
v 59881.6 0 -40192.9
vt 1.59977 11.8518
v 59657.3 0 -39920.6
vt 1.53076 11.768
v 59433.1 0 -40192.9
vt 1.46175 11.8518
v 59881.6 0 -40192.9
v 59990.3 0 -40324.9
vt 1.6332 11.8924
v 60157.6 0 -40806.9
vt 1.68469 12.0407
v 60088.7 0 -41015.8
vt 1.6635 12.105
v 59895.8 0 -40751.9
vt 1.60415 12.0238
v 59418.8 0 -40751.9
vt 1.45737 12.0238
v 59225.9 0 -41015.8
vt 1.39802 12.105
v 59157 0 -40806.9
vt 1.37683 12.0407
v 59324.4 0 -40324.9
v 59433.1 0 -40192.9
f 4234/4414/1 4235/4415/1 4236/4416/1 4237/4417/1 4238/4418/1 4239/4419/1 4240/4420/1 4241/4418/1 4242/4421/1 4243/4422/1 4244/4423/1 4245/4424/1 4246/4425/1 4247/4423/1 4248/4426/1 4249/4427/1 4230/4410/1 4228/4408/1 4226/4406/1 4250/4428/1 4251/4429/1 4252/4430/1 4253/4431/1 4254/4432/1 4255/4433/1 4256/4424/1 4257/4432/1 4258/4434/1 4259/4435/1 4260/4436/1 4261/4437/1 4262/4438/1 4263/4439/1 4264/4419/1 4265/4438/1 4266/4440/1 4267/4441/1 4268/4442/1 4269/4443/1 4270/4444/1 4271/4445/1 4272/4446/1 4273/4444/1 4274/4447/1 4275/4448/1 4276/4449/1 4277/4450/1 4278/4451/1 4279/4452/1 4280/4453/1 4281/4415/1 4282/4446/1 

f 4234/4414/1 4272/4446/1 4235/4415/1

f 4240/4420/1 4239/4419/1 4238/4418/1

f 4246/4425/1 4245/4424/1 4244/4423/1

f 4229/4409/1 4228/4408/1 4230/4410/1

f 4254/4432/1 4245/4424/1 4255/4433/1

f 4262/4438/1 4239/4419/1 4263/4439/1

f 4270/4444/1 4272/4446/1 4271/4445/1

v 59496.2 0 -37684.8
f 4133/4372/1 4135/2715/1 4283/2714/1 4223/3689/1 4233/4413/1 4232/4412/1 4231/4411/1 

f 4283/2768/20 4135/2769/20 4185/2770/20 4184/2771/20 

usemtl FrontColor
v 59064.5 0 -38199.2
vt 23253.7 15039.1
vt 23423.7 14836.5
f 4135/4385/1 4284/4454/1 4283/4455/1

f 4135/4385/1 4157/4382/1 4284/4454/1

usemtl mramor
f 4157/2882/16 4284/2883/16 4188/2884/16 4170/2885/16 

v 60266.5 0 -38199.2
v 59857.5 0 -37639.8
v 59473.4 0 -37639.8
f 4153/2820/1 4152/2733/1 4285/2732/1 4286/2731/1 4287/2730/1 4284/2729/1 4157/2728/1 4156/2823/1 4155/2822/1 4154/2821/1 

usemtl FrontColor
vt 23719.3 14715.6
vt 23726.9 14696.1
vt 23778.8 14881.8
f 4153/4456/1 4166/4457/1 4152/4458/1

vt 23566 14475.8
f 4153/4456/1 4165/4459/1 4166/4457/1

vt 23557 14493.6
f 4154/4460/1 4165/4459/1 4153/4456/1

vt 23423.7 14493.6
f 4155/4461/1 4165/4459/1 4154/4460/1

vt 23414.7 14475.8
f 4155/4461/1 4164/4462/1 4165/4459/1

vt 23261.4 14715.6
f 4156/4463/1 4164/4462/1 4155/4461/1

vt 23253.7 14696.1
f 4156/4463/1 4163/4464/1 4164/4462/1

vt 23242 14717.2
f 4156/4463/1 4160/4465/1 4163/4464/1

f 4157/4382/1 4160/4465/1 4156/4463/1

f 4160/4465/1 4157/4382/1 4159/4384/1

f 4160/4465/1 4162/4379/1 4163/4464/1

f 4161/4381/1 4162/4379/1 4160/4465/1

vt 23738.7 14717.2
f 4152/4458/1 4166/4457/1 4149/4466/1

vt 23778.8 14538.8
f 4144/4467/1 4149/4466/1 4166/4457/1

vt 23796.1 14542.9
f 4149/4466/1 4144/4467/1 4148/4468/1

vt 23780.9 14492.1
f 4148/4468/1 4144/4467/1 4145/4469/1

f 4144/4467/1 4100/4343/1 4145/4469/1

f 4100/4343/1 4144/4467/1 4101/4344/1

usemtl mramor
v 60098.6 600 -35959.1
f 4100/4191/356 4101/4192/356 4168/4193/356 4288/4194/356 

v 60496.4 600 -36503.4
v 59215.5 600 -35897.5
v 60115.5 600 -35897.5
f 4289/2702/1 4288/2701/1 4168/2816/1 4167/2827/1 4169/2807/1 4107/2806/1 4106/2801/1 4112/2721/1 4115/2720/1 4013/2800/1 4012/2838/1 4088/2839/1 4090/2833/1 4290/2834/1 4291/2835/1 4098/2836/1 3986/2837/1 3997/2693/1 4175/2694/1 4174/2691/1 4199/2692/1 

f 4099/4167/9 4100/4168/9 4288/4169/9 4289/4170/9 

f 4198/4171/11 4099/4172/11 4289/4173/11 4199/4174/11 

usemtl FrontColor
f 4099/4340/1 3987/4264/1 4198/4387/1

f 3987/4264/1 4000/4266/1 4198/4387/1

usemtl mramor
f 4103/4179/20 4104/4180/20 4107/4181/20 4169/4182/20 

f 4105/2802/18 4109/2803/18 4112/2804/18 4106/2805/18 

usemtl FrontColor
f 4109/4352/1 4009/4278/1 4105/4350/1

f 4009/4278/1 4109/4352/1 4114/4354/1

usemtl mramor
f 4114/2792/19 4009/2793/19 4013/2794/19 4115/2795/19 

usemtl FrontColor
f 4009/4278/1 3911/4277/1 4105/4350/1

usemtl mramor
vn -0.807331 -9.26429e-30 0.590099
v 59215.5 300 -35897.5
f 4089/3698/370 4093/3699/370 4292/3700/370 4290/3701/370 4090/3702/370 

f 4092/3703/4 4291/3704/4 4290/3705/4 4292/3706/4 4093/3707/4 

f 4092/3708/15 4091/3709/15 4098/3710/15 4291/3711/15 

usemtl FrontColor
vt 23930 14696.1
f 4148/4468/1 4145/4469/1 4146/4470/1

vt 23922.4 14715.6
f 4148/4468/1 4146/4470/1 4147/4471/1

usemtl mramor
f 4147/2848/209 4146/2849/209 4173/2850/209 4196/2851/209 

usemtl FrontColor
v 60914.1 0 -37799.7
vt 23981.9 14881.8
f 4147/4471/1 4146/4470/1 4293/4472/1

vt 23941.7 14717.2
f 4293/4472/1 4146/4470/1 4205/4473/1

f 4197/4386/1 4205/4473/1 4146/4470/1

vt 23943.1 14712.9
f 4205/4473/1 4197/4386/1 4201/4474/1

f 4201/4474/1 4197/4386/1 4200/4388/1

usemtl mramor
f 4201/2739/11 4205/2742/11 4177/2743/11 4176/2740/11 

f 4205/2744/12 4204/2745/12 4178/2746/12 4177/2747/12 

usemtl FrontColor
vt 24000.7 14881.5
f 4293/4472/1 4205/4473/1 4204/4475/1

vt 23936.1 15077.3
f 4208/4476/1 4293/4472/1 4204/4475/1

v 60782.3 0 -38199.2
vt 23930 15039.1
f 4208/4476/1 4294/4477/1 4293/4472/1

vt 23796.1 14885.9
f 4219/4478/1 4294/4477/1 4208/4476/1

vt 23790.1 14847.6
f 4219/4478/1 4151/4479/1 4294/4477/1

vt 23780.9 14835
f 4219/4478/1 4150/4480/1 4151/4479/1

f 4219/4478/1 4152/4458/1 4150/4480/1

vt 23733 15077.3
f 4218/4481/1 4152/4458/1 4219/4478/1

vt 23726.9 15039.1
f 4218/4481/1 4285/4482/1 4152/4458/1

vt 23566 14818.8
f 4218/4481/1 4286/4483/1 4285/4482/1

vt 23557 14836.5
f 4224/4484/1 4286/4483/1 4218/4481/1

vt 23490.3 14836.5
f 4223/4485/1 4286/4483/1 4224/4484/1

f 4283/4455/1 4286/4483/1 4223/4485/1

vt 23414.7 14818.8
f 4283/4455/1 4287/4486/1 4286/4483/1

f 4283/4455/1 4284/4454/1 4287/4486/1

usemtl mramor
f 4284/2878/17 4287/2879/17 4189/2880/17 4188/2881/17 

f 4287/2874/4 4286/2875/4 4190/2876/4 4189/2877/4 

f 4286/2870/15 4285/2871/15 4191/2872/15 4190/2873/15 

f 4285/2868/13 4152/2864/13 4192/2867/13 4191/2869/13 

f 4152/2864/13 4151/2865/13 4193/2866/13 4192/2867/13 

f 4151/2860/15 4294/2861/15 4194/2862/15 4193/2863/15 

f 4150/2819/1 4149/2818/1 4148/2817/1 4147/2737/1 4293/2736/1 4294/2735/1 4151/2734/1 

usemtl FrontColor
f 4152/4458/1 4149/4466/1 4150/4480/1

usemtl mramor
f 4293/2852/14 4147/2853/14 4196/2854/14 4195/2855/14 

f 4294/2856/13 4293/2857/13 4195/2858/13 4194/2859/13 

f 4223/3753/2 4283/2765/2 4184/2766/2 4183/3754/2 

f 4224/2764/2 4223/3753/2 4183/3754/2 4182/2767/2 

f 4218/2760/9 4224/2761/9 4182/2762/9 4181/2763/9 

f 4219/2756/11 4218/2757/11 4181/2758/11 4180/2759/11 

f 4208/2752/9 4219/2753/9 4180/2754/9 4179/2755/9 

f 4204/2748/11 4208/2749/11 4179/2750/11 4178/2751/11 

f 4135/2772/7 4134/2773/7 4137/2774/7 4185/2775/7 

f 4212/4396/1 4214/4398/1 4213/4397/1

v 61156.2 0 -39498
vt 1.99195 11.638
v 61016.4 0 -39328.2
vt 1.94893 11.5857
v 61618.7 0 -38577.3
vt 2.13426 11.3547
v 61949.2 0 -38966.1
vt 2.23594 11.4743
v 61960.5 0 -39185.7
vt 2.23943 11.5419
v 61685.2 0 -39009.5
vt 2.15472 11.4877
v 61670 0 -39015.4
vt 2.15005 11.4895
v 61362.4 0 -38842.7
vt 2.0554 11.4363
v 61251.9 0 -39177.7
vt 2.02139 11.5394
v 61240.5 0 -39182.1
vt 2.01789 11.5408
v 61198.3 0 -39340
vt 2.00492 11.5894
f 4295/4487/1 4296/4488/1 4216/4400/1 4214/4398/1 4212/4396/1 4297/4489/1 4298/4490/1 4299/4491/1 4300/4492/1 4301/4493/1 4302/4494/1 4303/4495/1 4304/4496/1 4305/4497/1 

f 4215/4399/1 4214/4398/1 4216/4400/1

f 4301/4493/1 4303/4495/1 4302/4494/1

v 61356.5 0 -40019.7
vt 2.0536 11.7985
v 61216.8 0 -39850
vt 2.01059 11.7463
v 61819.1 0 -39099.1
vt 2.19591 11.5152
v 62149.5 0 -39487.9
vt 2.29759 11.6349
v 62160.9 0 -39707.5
vt 2.30108 11.7024
v 61885.6 0 -39531.3
vt 2.21637 11.6482
v 61870.4 0 -39537.2
vt 2.2117 11.65
v 61562.8 0 -39364.5
vt 2.11705 11.5969
v 61452.2 0 -39699.5
vt 2.08304 11.7
v 61440.9 0 -39703.9
vt 2.07954 11.7013
v 61398.7 0 -39861.8
vt 2.06657 11.7499
f 4306/4498/1 4307/4499/1 4305/4497/1 4303/4495/1 4301/4493/1 4308/4500/1 4309/4501/1 4310/4502/1 4311/4503/1 4312/4504/1 4313/4505/1 4314/4506/1 4315/4507/1 4316/4508/1 

f 4304/4496/1 4303/4495/1 4305/4497/1

f 4312/4504/1 4314/4506/1 4313/4505/1

v 61556.9 0 -40541.5
vt 2.11525 11.9591
v 61417.1 0 -40371.8
vt 2.07224 11.9068
v 62019.4 0 -39620.9
vt 2.25756 11.6758
v 62349.9 0 -40009.7
vt 2.35924 11.7954
v 62361.2 0 -40229.3
vt 2.36273 11.863
v 62085.9 0 -40053.1
vt 2.27802 11.8088
v 62070.8 0 -40059
vt 2.27335 11.8106
v 61763.1 0 -39886.3
vt 2.1787 11.7574
v 61652.6 0 -40221.3
vt 2.14469 11.8605
v 61641.2 0 -40225.7
vt 2.14119 11.8619
v 61599.1 0 -40383.6
vt 2.12822 11.9105
f 4317/4509/1 4318/4510/1 4316/4508/1 4314/4506/1 4312/4504/1 4319/4511/1 4320/4512/1 4321/4513/1 4322/4514/1 4323/4515/1 4324/4516/1 4325/4517/1 4326/4518/1 4327/4519/1 

f 4315/4507/1 4314/4506/1 4316/4508/1

f 4323/4515/1 4325/4517/1 4324/4516/1

v 61757.3 0 -41063.3
vt 2.1769 12.1196
v 61617.5 0 -40893.6
vt 2.13389 12.0674
v 62219.8 0 -40142.7
vt 2.31921 11.8363
v 62550.3 0 -40531.5
vt 2.42089 11.956
v 62561.6 0 -40751.1
vt 2.42438 12.0235
v 62286.3 0 -40574.9
vt 2.33967 11.9693
v 61841.6 0 -40747.5
vt 2.20284 12.0224
f 4328/4520/1 4329/4521/1 4327/4519/1 4325/4517/1 4323/4515/1 4330/4522/1 4331/4523/1 4332/4524/1 4333/4525/1 4334/4526/1 

f 4326/4518/1 4325/4517/1 4327/4519/1

f 4142/2813/16 4141/2900/16 4186/2901/16 4143/2814/16 

f 4141/2896/18 4139/2897/18 4187/2898/18 4186/2899/18 

f 4139/2892/16 4138/2893/16 4172/2894/16 4187/2895/16 

f 4125/4361/1 4127/4363/1 4126/4362/1

v 57381.8 0 -38966.1
vt 0.830592 11.4743
v 57703.1 0 -38588
vt 0.929464 11.358
v 57865.1 0 -38495.1
vt 0.979315 11.3294
v 58314.5 0 -39328.2
vt 1.1176 11.5857
v 58174.8 0 -39498
vt 1.07458 11.638
v 58132.6 0 -39340
vt 1.06161 11.5894
v 58090.4 0 -39182.1
vt 1.04864 11.5408
v 58079.1 0 -39177.7
vt 1.04514 11.5394
v 57968.5 0 -38842.7
vt 1.01113 11.4363
v 57660.9 0 -39015.4
vt 0.916478 11.4895
v 57645.7 0 -39009.5
vt 0.911809 11.4877
v 57370.4 0 -39185.7
vt 0.827097 11.5419
f 4335/4527/1 4336/4528/1 4337/4529/1 4127/4363/1 4125/4361/1 4338/4530/1 4339/4531/1 4340/4532/1 4341/4533/1 4342/4534/1 4343/4535/1 4344/4536/1 4345/4537/1 4346/4538/1 

v 57712.2 0 -38577.3
vt 0.932271 11.3547
f 4129/4365/1 4337/4529/1 4336/4528/1 4347/4539/1 

f 4129/4365/1 4128/4364/1 4337/4529/1

f 4127/4363/1 4337/4529/1 4128/4364/1

usemtl FrontColor
vt 22717.8 15192.1
vt 22665.7 15222
vt 22774.1 15152.6
vt 22780 15155
vt 22721.4 15187.9
f 4336/4540/1 4131/4541/1 4130/4542/1 4129/4543/1 4347/4544/1 

usemtl mramor
f 4341/4533/1 4340/4532/1 4342/4534/1

v 58114.2 0 -39850
vt 1.05594 11.7463
v 57974.4 0 -40019.7
vt 1.01293 11.7985
v 57932.2 0 -39861.8
vt 0.99996 11.7499
v 57890.1 0 -39703.9
vt 0.986988 11.7013
v 57878.7 0 -39699.5
vt 0.983486 11.7
v 57768.2 0 -39364.5
vt 0.949482 11.5969
v 57460.5 0 -39537.2
vt 0.854827 11.65
v 57445.4 0 -39531.3
vt 0.850158 11.6482
v 57170.1 0 -39707.5
vt 0.765446 11.7024
v 57181.4 0 -39487.9
vt 0.768941 11.6349
v 57511.9 0 -39099.1
vt 0.87062 11.5152
f 4340/4532/1 4348/4545/1 4349/4546/1 4350/4547/1 4351/4548/1 4352/4549/1 4353/4550/1 4354/4551/1 4355/4552/1 4356/4553/1 4357/4554/1 4358/4555/1 4344/4536/1 4342/4534/1 

f 4350/4547/1 4352/4549/1 4351/4548/1

v 57913.8 0 -40371.8
vt 0.994293 11.9068
v 57774 0 -40541.5
vt 0.951282 11.9591
v 57731.9 0 -40383.6
vt 0.938309 11.9105
v 57689.7 0 -40225.7
vt 0.925337 11.8619
v 57678.3 0 -40221.3
vt 0.921835 11.8605
v 57567.8 0 -39886.3
vt 0.887831 11.7574
v 57260.2 0 -40059
vt 0.793176 11.8106
v 57245 0 -40053.1
vt 0.788507 11.8088
v 56969.7 0 -40229.3
vt 0.703795 11.863
v 56981 0 -40009.7
vt 0.70729 11.7954
v 57311.5 0 -39620.9
vt 0.808969 11.6758
f 4354/4551/1 4352/4549/1 4350/4547/1 4359/4556/1 4360/4557/1 4361/4558/1 4362/4559/1 4363/4560/1 4364/4561/1 4365/4562/1 4366/4563/1 4367/4564/1 4368/4565/1 4369/4566/1 

f 4352/4549/1 4354/4551/1 4353/4550/1

f 4362/4559/1 4361/4558/1 4363/4560/1

v 57713.4 0 -40893.6
vt 0.932642 12.0674
v 57573.7 0 -41063.3
vt 0.889631 12.1196
v 57489.3 0 -40747.5
vt 0.863686 12.0224
v 57044.6 0 -40574.9
vt 0.726856 11.9693
v 56769.3 0 -40751.1
vt 0.642144 12.0235
v 56780.7 0 -40531.5
vt 0.645639 11.956
v 57111.1 0 -40142.7
vt 0.747318 11.8363
f 4365/4562/1 4363/4560/1 4361/4558/1 4370/4567/1 4371/4568/1 4372/4569/1 4373/4570/1 4374/4571/1 4375/4572/1 4376/4573/1 

f 4364/4561/1 4363/4560/1 4365/4562/1

f 4343/4535/1 4342/4534/1 4344/4536/1

vn 5.31212e-33 1 -2.40637e-15
v 60115.5 60 -35467.5
f 3873/3862/371 4377/4098/371 3991/4099/371 3874/3863/371 

f 3956/4100/5 4377/4101/5 3873/4102/5 3878/4103/5 

f 3991/4104/2 4377/3860/2 3956/4105/2 3959/4106/2 

vn -4.73268e-33 1 -2.40637e-15
v 60115.5 180 -35287.5
f 3973/4011/372 3972/4006/372 4378/4012/372 3992/4013/372 

f 3977/4014/5 4378/4015/5 3972/4016/5 3975/4017/5 

f 4378/4007/2 3977/4008/2 3984/4018/2 3992/4019/2 

f 3924/3806/312 3993/3819/312 3981/3820/312 3928/3821/312 

f 3993/3817/2 3924/3812/2 3926/3811/2 3994/3818/2 

v 60115.5 260 -35167.5
f 3994/3819/316 3926/3806/316 4379/3805/316 3995/3804/316 

f 3920/3838/5 4379/3839/5 3926/3840/5 3921/3841/5 

f 3920/3816/2 3919/3836/2 3995/3837/2 4379/3811/2 

f 3925/3813/2 3889/4052/2 3888/4053/2 3922/3814/2 

f 3922/3801/1 3888/4051/1 3887/3803/1 3923/3802/1 

f 3886/4049/2 3915/3815/2 3923/3814/2 3887/4050/2 

g Mesh34 Model

v 60115.5 0 -33199.4
v 60434.4 0 -33199.4
v 60444.8 0 -33229.4
v 60115.5 0 -33229.4
f 4380/715/1 4381/716/1 4382/710/1 4383/709/1 

g Mesh35 Model

v 59215.5 0 -33139.4
v 58917.4 0 -33139.4
v 58927.8 0 -33109.4
v 59215.5 0 -33109.4
f 4384/730/1 4385/605/1 4386/609/1 4387/740/1 

v 58938.2 0 -33079.4
v 59215.5 0 -33079.4
f 4387/740/1 4386/609/1 4388/613/1 4389/744/1 

v 58948.6 0 -33049.4
v 59215.5 0 -33049.4
f 4389/744/1 4388/613/1 4390/617/1 4391/775/1 

v 58959 0 -33019.4
v 59215.5 0 -33019.4
f 4391/775/1 4390/617/1 4392/621/1 4393/644/1 

v 58969.4 0 -32989.4
v 59215.5 0 -32989.4
f 4393/644/1 4392/621/1 4394/625/1 4395/645/1 

v 58979.8 0 -32959.4
v 59215.5 0 -32959.4
f 4395/645/1 4394/625/1 4396/629/1 4397/466/1 

v 58990.3 0 -32929.4
v 59215.5 0 -32929.4
f 4397/466/1 4396/629/1 4398/517/1 4399/467/1 

g Mesh36 Model

v 60413.6 0 -33139.4
v 60115.5 0 -33139.4
v 60115.5 0 -33109.4
v 60403.2 0 -33109.4
f 4400/794/1 4401/731/1 4402/752/1 4403/757/1 

v 60115.5 0 -33079.4
v 60392.8 0 -33079.4
f 4404/750/1 4405/758/1 4403/757/1 4402/752/1 

v 60115.5 0 -33049.4
v 60382.3 0 -33049.4
f 4405/758/1 4404/750/1 4406/761/1 4407/762/1 

v 60115.5 0 -33019.4
v 60371.9 0 -33019.4
f 4408/643/1 4409/767/1 4407/762/1 4406/761/1 

v 60115.5 0 -32989.4
v 60361.5 0 -32989.4
f 4409/767/1 4408/643/1 4410/642/1 4411/646/1 

g Mesh37 Model

v 58721.6 0 -33703.3
v 58875.7 0 -33259.4
v 59215.5 0 -33259.4
v 60115.5 0 -33259.4
v 60455.2 0 -33259.4
v 60609.4 0 -33703.3
v 60479.4 0 -34097.3
v 60115.5 0 -33599.4
v 59215.5 0 -33599.4
v 58851.5 0 -34097.3
f 4412/387/1 4413/389/1 4414/390/1 4415/391/1 4416/377/1 4417/376/1 4418/375/1 4419/394/1 4420/381/1 4421/386/1 

g Mesh38 Model

v 58443.8 0 -31838.2
v 58802.5 0 -31347.5
v 58964.7 0 -31839.3
v 58845.4 0 -32172
v 58819.5 0 -32207.5
v 58424.6 0 -32747.8
v 58278.1 0 -32303.8
v 58444.4 0 -31839.9
f 4422/281/1 4423/282/1 4424/283/1 4425/284/1 4426/285/1 4427/286/1 4428/287/1 4429/288/1 

g Mesh39 Model

v 60311.6 0 -31835
v 60479.7 0 -32303.8
v 60333.2 0 -32747.8
v 59878.9 0 -32126.2
v 59452 0 -32126.2
v 58997.7 0 -32747.8
v 58851.3 0 -32303.8
v 59019.3 0 -31835
v 59477.4 0 -31208.2
v 59853.5 0 -31208.2
f 4430/57/1 4431/58/1 4432/59/1 4433/46/1 4434/51/1 4435/52/1 4436/53/1 4437/54/1 4438/55/1 4439/56/1 

g Mesh40 Model

v 58896.5 0 -33199.4
v 59215.5 0 -33199.4
v 59215.5 0 -33229.4
v 58886.1 0 -33229.4
f 4440/597/1 4441/720/1 4442/589/1 4443/590/1 

g Mesh41 Model

v 59215.5 0 -33169.4
v 60115.5 0 -33169.4
f 4380/715/1 4441/720/1 4444/723/1 4384/730/1 4401/731/1 4445/732/1 

g Mesh42 Model

v 60340.7 0 -32929.4
v 60115.5 0 -32929.4
v 60115.5 0 -32899.4
v 60330.3 0 -32899.4
f 4446/468/1 4447/464/1 4448/456/1 4449/459/1 

g Mesh43 Model

v 60319.8 0 -32869.4
v 60115.5 0 -32869.4
v 60115.5 0 -32839.4
v 60309.4 0 -32839.4
f 4450/499/1 4451/500/1 4452/501/1 4453/502/1 

g Mesh44 Model

v 59215.5 0 -32899.4
v 59000.7 0 -32899.4
v 59011.1 0 -32869.4
v 59215.5 0 -32869.4
f 4454/460/1 4455/511/1 4456/512/1 4457/507/1 

v 59021.5 0 -32839.4
v 59215.5 0 -32839.4
f 4456/512/1 4458/564/1 4459/508/1 4457/507/1 

